,Approval_Date,Loan,Valuation,Country,Origin,Joint,App1_Age,App2_Age,App1_G,App2_G,App1_Income,App2_Income,Property_Type,Area,Property_Age,Advance_Date
0,04/08/2023,195000,254200,0,0,0,26,,1,,20772,,3,1,10,
1,20/06/2023,116000,190500,0,1,0,44,,1,,20000,,2,0,97,08/07/2023
2,23/10/2021,74000,95100,1,1,0,47,,1,,20000,,2,1,,
3,20/07/2022,124000,232800,0,1,1,30,61,1,0,21048,6902,2,1,55,23/07/2022
4,08/08/2024,120000,203400,0,2,1,65,52,1,0,5239,14761,1,,18,
5,24/04/2024,587000,1389200,,1,0,45,,1,,126365,,2,1,227,
6,30/03/2023,21000,35500,0,1,1,51,41,1,0,8034,11966,2,0,57,
7,26/08/2023,114000,264200,0,1,1,26,36,1,0,9141,10859,3,1,62,24/09/2023
8,21/08/2024,123000,210700,0,1,0,38,,1,,20000,,1,,,
9,16/02/2022,79000,126900,0,1,0,27,,0,,20000,,2,,73,
10,23/08/2022,204000,370900,0,1,0,23,,1,,38340,,2,,232,22/09/2022
11,05/09/2022,84000,162600,0,2,1,47,23,1,0,6372,13628,2,0,80,
12,20/05/2022,124000,199700,0,1,0,47,,1,,20000,,0,2,187,
13,04/03/2022,82000,143700,0,1,1,57,60,0,1,12932,7068,2,0,205,
14,08/02/2024,95000,266800,3,1,1,33,32,0,1,14552,21557,3,1,16,22/02/2024
15,31/05/2024,70000,91200,0,1,0,61,,0,,20000,,2,1,,
16,17/07/2022,341000,464500,0,2,0,55,,0,,52208,,2,,82,
17,25/04/2024,156000,187500,0,2,0,22,,0,,20000,,3,1,247,
18,08/12/2022,66000,198400,0,2,0,48,,1,,20000,,0,0,228,
19,21/02/2024,181000,243700,0,0,0,38,,1,,20000,,3,0,88,
20,01/09/2022,291000,409500,0,1,0,42,,1,,37696,,3,0,17,06/10/2022
21,24/02/2022,27000,37700,0,1,0,55,,1,,20000,,2,0,3,19/03/2022
22,15/08/2022,187000,262800,0,1,0,51,,1,,20000,,2,0,86,26/09/2022
23,22/05/2022,155000,256200,0,2,0,44,,0,,25292,,2,,82,
24,13/08/2022,121000,211200,0,2,1,71,42,1,0,7734,12266,1,0,165,
25,26/04/2022,116000,243800,0,1,0,63,,0,,20982,,2,,63,25/04/2022
26,11/04/2023,57000,111600,0,1,0,44,,0,,20000,,3,0,,
27,02/10/2022,120000,154500,2,1,0,44,,0,,20000,,2,1,7,20/10/2022
28,22/06/2022,124000,199500,1,2,0,41,,1,,20143,,2,0,49,
29,15/04/2023,133000,207300,0,1,0,58,,0,,20000,,1,0,74,
30,21/12/2022,132000,214400,0,1,0,62,,1,,20000,,1,0,80,07/01/2023
31,10/09/2023,195000,305300,0,1,0,53,,0,,31713,,2,0,13,
32,12/03/2023,169000,208500,0,2,0,33,,0,,23497,,1,,90,
33,12/09/2021,100000,166400,0,,1,61,48,1,0,9089,10911,2,,59,19/09/2021
34,09/05/2022,131000,179100,2,1,0,51,,0,,27912,,2,,251,
35,09/01/2024,104000,145500,0,1,0,60,,1,,20000,,2,0,39,
36,03/09/2023,172000,203000,0,,1,20,28,0,1,5542,16345,2,0,74,
37,15/11/2023,138000,206900,0,1,0,18,,0,,20000,,1,0,47,
38,06/08/2024,152000,207900,0,1,1,41,47,1,0,12838,7162,1,0,7,
39,04/04/2023,99000,204500,0,0,0,70,,0,,20000,,1,2,73,
40,08/02/2022,253000,728000,0,1,1,18,39,0,1,35793,33763,3,0,,
41,22/05/2024,217000,327500,0,1,0,32,,0,,28484,,3,2,11,
42,26/02/2024,59000,101400,2,1,1,22,31,0,1,6426,13574,2,0,29,12/03/2024
43,13/04/2023,229000,383100,0,,0,44,,1,,29860,,2,0,35,
44,28/03/2023,96000,206400,0,1,0,45,,0,,20000,,,0,13,24/03/2023
45,16/06/2024,152000,216400,0,1,0,18,,1,,20000,,2,0,103,27/07/2024
46,13/10/2023,202000,291700,0,2,0,33,,1,,20000,,2,0,53,
47,30/06/2023,260000,493600,0,2,0,75,,1,,58239,,3,0,56,19/07/2023
48,14/04/2023,41000,69300,2,0,0,44,,1,,20000,,2,0,84,11/05/2023
49,28/04/2022,38000,76800,0,2,0,20,,0,,20000,,,0,83,06/05/2022
50,05/05/2022,141000,185900,0,1,0,58,,1,,24505,,3,0,,10/06/2022
51,17/03/2023,118000,198500,0,2,0,51,,0,,20000,,2,0,161,
52,17/03/2022,149000,317500,0,1,1,58,52,0,0,13906,17013,3,0,20,
53,20/08/2023,95000,169300,0,,0,52,,1,,20000,,2,0,50,
54,22/05/2023,189000,344200,,1,1,18,41,0,1,13483,14427,3,2,84,12/06/2023
55,01/12/2023,192000,272000,3,1,1,45,47,0,1,15838,21868,2,0,204,04/01/2024
56,03/09/2021,122000,205400,2,1,0,41,,0,,20000,,1,0,15,
57,06/06/2024,184000,359700,0,1,0,72,,0,,25259,,3,0,194,
58,19/06/2024,424000,783500,0,1,1,36,45,1,0,48115,38516,,0,8,14/07/2024
59,19/10/2023,61000,83200,0,1,1,44,45,1,0,6621,13379,2,2,158,05/11/2023
60,10/10/2023,241000,297900,2,2,1,21,32,1,0,12532,10344,2,0,,
61,20/08/2023,45000,77200,0,2,0,46,,0,,20000,,2,1,84,
62,11/09/2022,25000,31600,0,,0,49,,1,,20000,,2,1,75,
63,10/04/2023,105000,208800,0,1,0,60,,1,,20000,,1,0,134,
64,24/05/2024,599000,730000,0,1,0,66,,0,,60280,,3,2,46,
65,03/09/2022,280000,602500,0,2,0,34,,1,,66354,,3,0,208,
66,09/04/2024,411000,469100,0,0,0,63,,0,,47204,,2,1,6,
67,20/11/2023,411000,582500,0,2,0,47,,0,,48035,,3,0,76,
68,24/02/2022,142000,203100,3,0,0,42,,1,,20000,,1,1,26,
69,09/02/2022,135000,254600,0,1,0,53,,1,,20000,,2,0,49,09/02/2022
70,09/09/2022,258000,483100,0,2,0,44,,0,,43172,,3,1,89,
71,11/10/2021,85000,199500,0,2,1,48,50,0,0,5368,14632,1,1,4,
72,19/12/2023,121000,154600,0,1,0,22,,1,,20000,,3,0,69,
73,27/11/2022,171000,263200,0,1,0,34,,1,,20000,,2,0,77,19/12/2022
74,16/12/2023,83000,138800,2,1,0,33,,1,,20000,,2,0,82,02/01/2024
75,16/08/2022,86000,122600,0,1,1,49,32,0,1,13269,6731,3,0,,
76,25/11/2022,256000,406200,0,1,0,59,,0,,38706,,2,0,,13/12/2022
77,19/02/2023,122000,158000,,2,0,27,,1,,20000,,2,0,39,
78,02/02/2023,120000,197300,0,2,0,38,,1,,20000,,3,0,245,
79,03/12/2022,145000,276000,1,2,1,50,67,1,0,13371,9483,2,1,51,28/12/2022
80,28/07/2024,207000,293600,,2,1,19,59,0,0,15816,10423,2,0,214,
81,07/02/2023,106000,206300,0,1,0,43,,1,,20000,,1,0,91,
82,12/08/2023,184000,375900,3,1,0,27,,0,,31565,,2,0,31,
83,09/01/2022,152000,243600,0,1,1,62,29,0,1,9724,12060,3,1,3,
84,19/10/2022,47000,74300,0,1,0,54,,1,,20000,,2,0,55,08/11/2022
85,22/08/2022,338000,523800,1,1,1,48,43,1,0,17557,33403,3,0,55,
86,16/03/2022,75000,206700,0,1,1,46,29,0,1,11079,8921,1,1,88,04/04/2022
87,12/05/2023,104000,117800,0,2,0,52,,1,,20000,,2,0,,
88,15/11/2023,133000,426300,0,1,1,55,54,0,1,27020,20678,3,0,252,01/12/2023
89,28/11/2021,128000,201800,0,0,0,18,,1,,20000,,0,1,6,
90,27/04/2022,132000,314300,0,0,1,51,46,1,0,13339,13714,2,0,159,
91,27/02/2023,119000,158700,0,1,0,18,,0,,20000,,2,0,54,03/04/2023
92,21/10/2022,132000,195200,0,1,1,33,58,1,0,8081,11919,0,0,15,
93,29/06/2022,161000,286100,0,1,0,50,,0,,26303,,2,0,3,23/07/2022
94,14/05/2024,110000,204800,0,1,0,48,,1,,20000,,1,2,77,19/05/2024
95,30/11/2021,77000,164500,0,1,1,55,64,1,0,12550,7450,2,0,65,
96,23/03/2023,55000,81000,0,2,1,51,53,0,1,16300,3700,2,0,3,
97,05/03/2022,85000,160800,0,1,1,21,60,0,1,6502,13498,3,0,72,
98,03/05/2023,92000,136500,0,1,0,49,,0,,20000,,3,0,20,
99,20/04/2023,71000,165000,0,1,1,58,37,0,1,10552,9448,3,0,50,
100,03/11/2023,164000,198600,1,,0,74,,1,,20480,,3,2,76,24/12/2023
101,15/02/2023,31000,55100,0,1,1,60,64,1,0,12343,7657,2,0,14,09/02/2023
102,27/06/2024,672000,1018500,0,1,0,41,,1,,95409,,2,0,,
103,13/02/2023,330000,407800,0,2,1,27,18,0,1,20889,12715,3,1,60,21/03/2023
104,18/05/2024,338000,829600,2,,1,42,37,0,1,57035,27063,3,1,82,
105,22/07/2024,451000,659600,0,1,0,65,,1,,60300,,3,2,2,23/08/2024
106,10/08/2022,286000,545400,0,1,0,51,,0,,47362,,2,0,81,
107,25/08/2023,225000,316800,0,0,0,51,,0,,22810,,3,1,83,26/09/2023
108,18/05/2022,295000,673600,0,0,0,50,,1,,57117,,2,0,1,
109,29/10/2021,21000,42800,0,1,1,44,40,0,1,12938,7062,2,,6,07/10/2021
110,19/11/2021,71000,132100,0,,1,30,37,1,0,7046,12954,2,1,30,
111,09/02/2023,179000,284800,2,2,0,47,,1,,29584,,3,,30,
112,21/09/2021,310000,651400,0,2,1,20,62,1,0,30374,26341,3,0,13,
113,31/01/2024,210000,379800,2,2,1,48,49,0,1,14187,21744,3,0,89,
114,07/09/2021,175000,195900,1,1,0,38,,1,,26509,,0,0,143,
115,30/09/2022,270000,386400,0,1,0,61,,0,,34282,,,0,34,17/10/2022
116,02/06/2022,247000,441900,0,,1,30,28,1,0,20021,26231,2,1,35,22/06/2022
117,14/04/2024,65000,147600,0,1,0,51,,1,,20000,,3,0,19,
118,31/08/2023,358000,590300,0,1,0,75,,1,,49800,,3,0,49,16/10/2023
119,28/02/2022,75000,231700,0,1,1,55,40,0,1,13622,12052,2,0,84,24/02/2022
120,15/05/2022,98000,195200,0,1,1,64,48,1,0,8098,11902,0,0,81,
121,29/08/2023,116000,212700,0,2,0,40,,1,,20000,,1,2,,09/09/2023
122,18/02/2023,295000,385600,0,0,0,33,,1,,77030,,2,0,29,
123,09/08/2024,29000,53000,3,1,1,62,59,0,1,11621,8379,2,1,0,26/08/2024
124,05/06/2022,505000,661800,,1,1,49,49,0,1,19990,43098,2,0,59,
125,08/03/2022,93000,110300,0,2,1,68,35,0,1,11809,8191,2,2,212,
126,17/11/2022,153000,205000,0,0,0,54,,1,,20000,,3,0,88,
127,22/09/2021,94000,180800,0,1,1,48,28,1,0,8985,11015,2,0,81,
128,17/08/2023,57000,142300,2,1,0,19,,1,,20000,,3,2,86,
129,08/08/2024,63000,125000,0,1,0,41,,1,,20000,,2,0,40,22/08/2024
130,31/07/2024,173000,274700,0,2,0,65,,1,,25629,,2,,73,
131,21/07/2024,98000,225400,2,0,0,42,,0,,22141,,2,2,14,
132,29/03/2024,683000,959400,0,1,0,40,,0,,80308,,2,0,92,12/05/2024
133,23/11/2022,135000,287000,3,1,1,39,33,1,0,14353,5647,2,0,205,23/12/2022
134,26/08/2022,69000,124300,0,0,0,51,,0,,20000,,2,0,,
135,27/12/2022,145000,190300,0,1,1,55,69,0,1,9800,10200,2,0,11,
136,14/02/2024,599000,769300,0,0,1,48,34,1,0,66454,16810,3,0,225,24/03/2024
137,09/03/2024,70000,123700,0,0,1,55,63,1,0,7695,12305,2,2,6,
138,27/02/2023,85000,137700,0,1,1,50,68,1,0,12337,7663,2,0,69,08/03/2023
139,18/02/2024,200000,391500,0,1,0,29,,0,,35824,,2,1,201,
140,27/12/2022,183000,236000,0,1,0,49,,0,,20028,,2,,72,25/01/2023
141,26/08/2024,427000,512000,0,,0,57,,1,,48237,,2,0,251,
142,06/03/2023,136000,209500,0,1,0,46,,0,,20000,,1,0,13,
143,31/10/2021,150000,207100,0,0,0,28,,1,,21885,,0,0,56,
144,04/11/2023,360000,482500,0,1,0,18,,0,,36781,,2,1,18,03/12/2023
145,04/03/2022,260000,337400,0,2,0,47,,1,,28854,,2,0,83,
146,09/04/2023,158000,206000,0,2,1,34,55,0,1,11968,8032,1,0,,11/05/2023
147,02/07/2023,264000,546200,0,1,0,40,,0,,52520,,2,1,81,
148,24/03/2022,98000,147000,0,2,0,57,,0,,20000,,2,0,58,
149,15/07/2022,72000,124800,0,1,1,52,49,0,0,10285,9715,2,0,231,
150,25/01/2023,314000,557300,2,1,0,47,,1,,42662,,2,0,35,
151,14/11/2023,346000,547800,0,1,1,58,43,1,0,29153,16005,3,0,8,
152,23/11/2022,57000,72100,0,2,1,59,43,0,1,11749,8251,2,0,73,26/12/2022
153,05/09/2023,361000,506300,0,2,0,35,,0,,40646,,,1,37,
154,28/08/2022,127000,169900,0,1,0,75,,0,,20000,,,0,223,
155,11/06/2023,84000,132700,0,1,0,75,,1,,20000,,2,1,78,
156,05/10/2022,91000,212200,0,0,1,46,18,0,1,9886,10114,3,0,,
157,06/04/2024,418000,629000,0,1,0,50,,0,,49458,,3,0,73,19/05/2024
158,15/01/2023,100000,130000,0,1,1,63,56,1,0,14694,5306,2,0,44,21/02/2023
159,12/11/2022,91000,156800,0,2,0,48,,0,,20000,,2,0,37,
160,22/05/2022,380000,477000,0,1,0,40,,1,,38318,,3,0,61,12/06/2022
161,14/08/2023,100000,203900,0,1,0,44,,0,,21294,,3,0,214,
162,04/01/2022,49000,64900,0,,1,46,34,1,0,9595,10405,2,0,237,
163,01/03/2022,230000,451900,0,1,1,26,22,1,0,13109,26405,3,0,53,23/03/2022
164,14/08/2024,129000,203800,0,1,0,20,,0,,20063,,0,0,160,
165,13/04/2024,137000,190600,0,2,1,24,50,1,0,13576,6424,2,0,89,
166,23/02/2023,260000,391100,0,1,0,52,,0,,35387,,3,0,91,25/03/2023
167,23/07/2022,329000,423900,0,1,1,37,23,0,0,32521,17892,2,0,14,
168,24/04/2023,78000,197100,0,1,1,48,38,1,0,12261,7739,0,0,59,
169,28/07/2024,145000,197800,0,2,0,47,,0,,20000,,2,1,33,28/08/2024
170,22/02/2023,172000,293500,0,1,0,64,,0,,23152,,,0,72,
171,01/09/2023,63000,116600,0,2,0,37,,0,,20000,,2,0,6,
172,27/06/2023,51000,82000,,,1,35,75,1,0,16195,3805,,1,215,30/07/2023
173,17/09/2022,117000,251800,2,1,0,33,,1,,20385,,3,1,199,
174,26/05/2023,109000,211900,0,0,1,27,46,0,1,12678,10853,1,,207,14/06/2023
175,13/04/2022,66000,121200,0,,1,47,36,0,1,15044,4956,3,0,1,18/04/2022
176,20/02/2023,26000,58800,0,2,0,38,,1,,20000,,2,0,80,09/03/2023
177,15/05/2023,273000,436200,2,1,0,63,,1,,70665,,3,0,83,
178,25/11/2021,193000,242800,2,1,1,22,43,1,0,13124,8911,2,0,76,
179,10/07/2024,50000,97300,3,1,1,46,53,0,1,5224,14776,2,0,,31/07/2024
180,10/04/2024,166000,243800,3,1,1,41,45,0,1,9524,11424,2,1,84,
181,03/09/2021,397000,555200,0,1,0,56,,0,,63039,,2,0,190,
182,09/03/2024,124000,189700,0,2,0,61,,0,,20000,,2,0,47,
183,09/04/2024,328000,414500,2,1,0,49,,0,,30450,,3,1,88,
184,20/07/2023,144000,207200,0,1,0,36,,0,,32441,,1,0,77,
185,02/03/2022,166000,229400,0,,0,29,,1,,20947,,2,0,190,09/04/2022
186,22/12/2021,98000,175000,0,1,0,29,,0,,20000,,2,0,,
187,27/02/2022,94000,214700,0,1,1,35,58,0,1,14117,5883,3,0,54,
188,12/05/2023,131000,211300,0,,0,19,,0,,20000,,2,1,156,
189,08/11/2021,241000,369600,0,1,0,54,,0,,27614,,2,0,38,
190,06/09/2023,266000,360500,0,2,1,60,49,0,1,20145,17145,2,0,86,13/10/2023
191,25/02/2023,119000,173400,0,1,1,44,20,1,0,10084,9916,2,0,10,06/03/2023
192,24/08/2024,82000,96800,0,1,1,71,62,1,0,7226,12774,2,0,53,
193,05/02/2024,94000,197900,1,1,0,51,,0,,20000,,0,0,9,
194,16/02/2022,159000,252100,0,0,0,49,,1,,22390,,,1,36,04/03/2022
195,06/09/2022,76000,165500,0,0,1,29,46,1,0,6488,13512,2,0,214,05/10/2022
196,08/08/2022,52000,91200,2,1,1,56,37,0,1,11322,8678,2,0,39,
197,16/08/2022,45000,92500,3,0,0,75,,0,,20000,,2,1,238,
198,09/09/2022,265000,382600,0,1,0,45,,0,,29488,,3,0,68,
199,29/09/2022,81000,130000,0,2,1,63,40,0,1,14040,5960,2,0,12,
200,30/08/2024,187000,289500,0,1,1,49,66,1,0,7408,15457,2,0,68,
201,15/04/2023,106000,155600,0,1,1,54,52,1,0,8655,11345,,0,224,
202,22/03/2022,143000,207700,0,,1,50,54,0,1,7625,12538,1,0,86,09/05/2022
203,30/09/2023,207000,338800,1,1,1,66,27,0,1,20618,10346,2,1,18,
204,08/02/2023,223000,420500,0,0,0,75,,1,,36623,,3,0,230,
205,19/03/2023,295000,470000,0,1,0,68,,1,,49086,,3,0,243,
206,13/06/2024,47000,122500,0,2,1,52,42,0,1,4107,15893,2,0,52,
207,27/10/2022,222000,468200,0,2,1,34,53,1,0,12010,29708,3,1,53,
208,23/03/2023,472000,769300,0,1,0,51,,0,,63080,,2,0,16,
209,29/10/2021,151000,262000,0,2,0,38,,0,,26197,,3,1,76,08/11/2021
210,19/06/2024,158000,233100,2,2,0,38,,1,,20000,,2,0,195,
211,18/10/2023,79000,120700,0,1,0,30,,0,,20000,,2,0,69,
212,19/08/2024,62000,187900,,1,0,37,,0,,20000,,2,0,72,
213,17/06/2024,83000,135100,0,2,0,75,,1,,20000,,3,0,156,
214,26/04/2023,92000,157800,0,2,0,31,,0,,20000,,3,0,264,
215,20/05/2022,188000,466800,0,1,1,67,38,0,1,24954,15529,3,0,58,
216,06/06/2024,36000,62700,0,2,0,26,,1,,20000,,,1,90,
217,24/10/2023,95000,130200,2,0,1,30,51,1,0,6054,13946,2,1,207,
218,24/08/2024,153000,222800,0,0,0,75,,1,,21395,,1,,143,
219,06/05/2024,534000,624900,2,1,0,25,,0,,68516,,,0,52,13/06/2024
220,21/08/2022,111000,170100,0,0,0,54,,0,,25633,,2,0,12,
221,09/04/2024,116000,205100,0,1,0,50,,0,,20000,,1,0,81,16/04/2024
222,06/09/2023,187000,345100,0,1,0,52,,1,,31456,,3,0,92,26/09/2023
223,25/01/2022,115000,209200,0,0,1,47,22,1,0,15197,4803,1,,82,
224,03/11/2023,245000,325700,0,1,1,23,67,0,1,12357,20486,3,0,198,
225,12/08/2024,55000,132400,0,2,1,32,70,1,0,8697,11303,2,2,63,
226,24/04/2022,91000,169500,0,1,0,61,,1,,20000,,3,0,34,
227,12/05/2024,143000,257700,0,1,1,68,39,1,0,10849,31337,,0,80,
228,27/01/2022,92000,322100,0,,0,62,,1,,25148,,2,0,,14/02/2022
229,23/03/2023,271000,440500,2,2,0,75,,1,,45377,,3,0,32,
230,28/08/2024,87000,194500,0,2,1,42,32,0,1,4839,20342,,0,59,
231,29/05/2024,82000,197900,0,2,0,49,,0,,20000,,0,0,92,
232,10/03/2022,111000,204100,0,2,0,45,,1,,20000,,1,0,84,14/04/2022
233,26/01/2023,268000,568300,0,1,1,56,55,1,0,10529,31792,3,0,156,
234,09/07/2024,111000,207500,0,1,1,42,54,0,1,1576,18424,1,0,,
235,19/05/2024,97000,123900,0,0,0,20,,0,,20000,,2,0,5,
236,21/10/2021,170000,301600,0,1,0,60,,0,,29133,,2,,88,
237,16/02/2022,152000,212500,0,1,0,37,,1,,20000,,2,1,169,30/03/2022
238,07/09/2022,157000,277100,3,0,1,34,59,1,0,7537,12853,2,0,166,
239,02/03/2023,47000,55400,0,2,1,57,30,1,0,5630,14370,2,0,95,
240,05/09/2022,133000,211800,0,1,0,50,,0,,20000,,2,0,79,
241,19/11/2023,98000,199700,0,1,1,30,39,1,0,14667,8726,0,0,191,04/12/2023
242,12/11/2023,41000,92100,0,2,0,28,,1,,20000,,2,0,63,
243,23/07/2022,537000,1353800,0,1,0,52,,1,,89630,,3,0,9,14/08/2022
244,10/09/2022,122000,340700,,2,0,31,,0,,27216,,2,0,279,18/09/2022
245,31/01/2022,164000,258100,0,1,0,68,,0,,20809,,2,0,72,
246,22/12/2022,192000,293800,0,1,0,39,,1,,41176,,2,0,1,28/01/2023
247,07/08/2022,247000,321600,0,0,1,55,51,1,0,18554,10577,2,0,2,
248,06/05/2024,128000,210600,0,1,1,60,36,1,0,6061,13939,1,0,91,
249,03/06/2024,153000,225800,0,2,0,47,,0,,20000,,2,0,57,
250,10/05/2023,59000,118600,0,1,1,31,31,1,0,8595,11405,2,1,177,
251,15/11/2022,69000,167100,0,0,0,25,,0,,20000,,3,0,79,
252,08/04/2022,337000,572600,0,1,0,40,,0,,40592,,3,0,,16/05/2022
253,27/07/2024,300000,573300,0,2,1,49,75,1,0,19238,28817,3,0,74,
254,04/04/2023,98000,199500,0,1,1,34,49,0,1,10657,9343,0,0,71,
255,13/08/2022,426000,548000,0,0,1,60,75,0,1,11474,36604,3,0,7,10/10/2022
256,27/11/2023,97000,218700,,1,1,43,67,0,1,14095,5905,2,0,61,09/12/2023
257,08/09/2023,101000,196700,0,0,1,18,70,1,0,7127,17736,0,0,57,
258,21/08/2024,774000,1127800,0,2,0,74,,0,,100205,,3,0,259,
259,28/11/2021,36000,46800,0,1,0,51,,0,,20000,,2,0,15,
260,11/09/2022,68000,92500,,1,0,32,,0,,20000,,2,0,78,
261,14/09/2021,119000,188200,0,2,0,46,,0,,20000,,2,0,78,
262,26/01/2023,108000,135800,0,2,1,58,46,1,0,3795,16205,2,1,76,
263,12/08/2022,123000,220700,2,1,0,33,,0,,20000,,2,,57,
264,17/08/2024,162000,338100,0,2,0,58,,0,,28022,,2,0,88,
265,21/12/2021,83000,138600,0,1,1,49,36,0,1,7474,12526,2,0,5,26/01/2022
266,23/02/2023,384000,595900,0,1,0,49,,1,,60995,,3,,190,13/03/2023
267,17/04/2022,154000,260500,2,1,1,47,39,1,0,5236,16821,2,1,37,
268,16/03/2022,193000,376200,0,1,1,49,32,1,0,38541,6148,2,1,12,08/04/2022
269,05/09/2023,241000,458900,0,1,1,51,49,1,0,12574,33139,,0,92,
270,08/08/2022,169000,211100,3,1,0,60,,1,,20000,,1,0,75,
271,20/09/2023,139000,195400,0,,0,75,,0,,22958,,1,0,14,13/10/2023
272,27/08/2023,173000,286000,0,2,1,51,74,1,1,12996,9171,2,2,,
273,26/08/2022,104000,242600,0,1,0,54,,1,,20000,,2,2,84,
274,13/08/2024,188000,237100,0,0,1,27,44,0,1,13529,8326,3,1,200,
275,10/05/2023,353000,476300,0,1,1,32,47,1,0,22822,19668,3,1,88,
276,27/06/2022,439000,652700,0,1,1,64,46,1,0,29846,19161,2,,198,
277,14/07/2023,80000,121700,0,2,0,53,,0,,20000,,2,0,220,
278,06/12/2022,160000,258300,0,,0,58,,1,,23088,,2,0,89,
279,07/10/2022,170000,273100,0,1,1,42,53,1,0,12096,14270,2,1,,
280,20/07/2023,139000,386900,0,1,1,45,46,1,0,16543,20961,3,0,81,
281,16/05/2024,86000,244700,2,0,0,57,,1,,20273,,2,0,9,
282,16/02/2023,122000,193300,0,2,0,55,,0,,20000,,,1,74,
283,21/12/2022,222000,286700,0,0,0,56,,0,,20000,,2,0,56,
284,08/12/2022,213000,434100,0,1,0,36,,0,,38632,,2,1,52,
285,08/02/2024,52000,126700,0,1,0,39,,0,,20000,,2,0,,
286,08/03/2022,71000,89200,0,1,1,18,36,0,1,9445,10555,2,0,18,17/04/2022
287,13/02/2022,497000,952100,0,2,0,47,,0,,69942,,2,1,245,
288,29/08/2024,83000,171200,0,1,1,46,46,0,1,4930,15650,2,0,83,
289,06/03/2024,89000,212500,0,2,1,69,70,1,0,5471,14766,1,2,163,08/04/2024
290,11/03/2023,87000,145400,1,1,0,46,,0,,20000,,3,1,70,
291,19/12/2021,88000,154600,0,1,0,61,,0,,20000,,2,,71,24/12/2021
292,26/04/2024,71000,109400,0,1,0,46,,1,,20000,,2,0,6,
293,27/02/2023,207000,460300,2,1,0,66,,0,,43685,,3,2,63,
294,09/06/2023,171000,206800,0,0,0,25,,0,,20000,,1,,74,01/07/2023
295,20/11/2022,343000,566300,0,1,1,42,41,1,0,28702,13402,2,0,76,10/12/2022
296,04/07/2023,398000,581600,0,,0,56,,0,,47554,,2,2,16,08/08/2023
297,24/03/2024,60000,127700,,1,0,65,,0,,20000,,2,,1,12/04/2024
298,14/01/2024,187000,308100,0,2,0,18,,0,,35672,,,,187,05/02/2024
299,27/02/2023,21000,31000,0,1,1,50,55,1,0,5147,14853,2,0,,14/03/2023
300,12/09/2021,131000,200500,1,1,0,55,,1,,20000,,,0,12,30/09/2021
301,11/08/2024,225000,401700,0,0,0,54,,1,,30386,,2,0,256,30/08/2024
302,08/05/2024,150000,245400,0,1,0,65,,1,,22029,,2,0,52,
303,13/08/2024,291000,566400,0,2,1,73,43,0,1,31236,20705,2,0,206,
304,17/04/2023,321000,410900,0,1,0,47,,0,,34837,,3,0,67,
305,18/01/2024,1175000,1537400,0,1,1,46,36,0,1,92757,68710,,,,
306,17/09/2021,141000,319000,0,1,0,75,,1,,26040,,2,,1,
307,05/09/2022,63000,205500,0,1,1,28,75,0,1,12511,7489,1,0,52,
308,12/06/2024,118000,220000,0,1,0,37,,0,,23485,,1,1,73,
309,02/04/2022,206000,388900,0,1,0,49,,1,,39714,,3,0,197,
310,24/02/2024,391000,484300,3,1,1,65,63,1,0,19035,20991,2,2,79,
311,02/09/2023,328000,408800,0,1,0,38,,1,,35504,,3,0,56,
312,23/05/2022,99000,210000,0,1,1,52,35,1,0,15209,4791,1,0,75,
313,03/02/2024,116000,211300,0,1,0,67,,0,,20846,,3,0,35,
314,14/08/2024,205000,437700,0,1,0,36,,0,,38424,,2,0,78,
315,13/12/2022,136000,263300,0,2,1,39,40,1,0,9218,15811,3,1,75,
316,11/09/2021,157000,259500,0,1,0,59,,1,,25451,,2,0,189,26/09/2021
317,06/02/2024,384000,571700,0,1,0,60,,0,,57631,,3,1,56,
318,21/08/2022,67000,160000,0,2,1,70,54,0,1,6013,13987,2,1,87,
319,21/08/2022,496000,985500,0,1,0,66,,1,,87041,,3,0,198,
320,06/01/2024,114000,205600,0,1,0,52,,0,,21845,,2,0,261,
321,11/06/2023,162000,280500,0,2,1,21,18,1,0,18727,9866,2,1,11,03/07/2023
322,20/05/2023,102000,122400,,1,0,65,,0,,20000,,2,0,58,
323,30/07/2024,309000,600600,0,2,0,37,,0,,60996,,3,0,48,19/08/2024
324,26/04/2022,49000,132600,0,1,0,18,,0,,20000,,2,0,50,
325,09/09/2022,210000,342200,3,1,1,33,40,1,0,23127,8220,3,2,179,07/10/2022
326,01/09/2024,123000,163200,0,1,0,70,,1,,20000,,3,0,89,
327,03/09/2021,38000,80600,0,1,1,56,33,1,0,6955,13045,2,0,82,
328,05/03/2022,48000,105600,,2,1,43,31,1,0,9680,10320,,1,85,12/04/2022
329,03/01/2022,106000,141600,2,2,0,55,,1,,20000,,2,0,57,
330,09/09/2021,140000,310900,0,1,0,31,,1,,27608,,2,1,54,
331,16/12/2022,117000,181900,0,0,0,35,,0,,20000,,2,1,231,
332,30/03/2024,169000,213300,0,0,1,47,52,1,0,9474,13134,2,0,86,07/05/2024
333,12/04/2022,30000,47200,3,0,0,32,,0,,20000,,,0,8,23/05/2022
334,13/02/2024,149000,196600,0,2,1,27,75,1,0,8725,11275,2,0,10,
335,12/08/2022,121000,176500,0,2,0,51,,0,,20000,,2,0,82,
336,15/05/2022,188000,239900,3,1,0,32,,1,,23531,,2,0,90,
337,03/08/2024,195000,355100,0,0,1,50,56,0,1,14713,14221,2,,81,12/08/2024
338,27/06/2023,62000,157700,0,1,1,42,30,0,0,7730,12270,2,0,52,
339,18/08/2024,577000,804400,3,1,0,49,,1,,68844,,2,0,82,
340,08/05/2023,396000,473100,0,2,0,46,,1,,40923,,3,0,13,16/06/2023
341,29/06/2024,93000,143600,0,1,0,37,,1,,20000,,2,0,219,
342,06/03/2024,545000,658300,0,2,1,38,33,0,1,35466,23602,2,1,56,
343,08/04/2022,69000,101000,0,1,1,44,35,1,0,8271,11729,3,0,46,
344,09/08/2024,142000,215300,0,0,1,44,39,1,0,8811,11189,2,0,84,
345,26/08/2024,190000,561400,0,1,0,40,,1,,50774,,2,0,251,
346,27/08/2022,119000,204300,0,1,0,34,,1,,20000,,1,0,54,24/09/2022
347,09/01/2022,150000,191300,0,1,0,37,,1,,21073,,3,0,74,
348,13/08/2024,184000,326000,0,0,1,75,62,0,1,18976,25729,3,0,76,
349,09/05/2022,115000,206900,0,2,0,60,,1,,20480,,1,1,56,24/05/2022
350,29/05/2023,81000,118700,0,1,1,47,53,0,1,4544,15456,2,0,6,
351,22/08/2022,100000,210800,0,1,0,41,,1,,20000,,1,1,52,21/08/2022
352,04/09/2021,38000,90300,,1,0,35,,1,,20000,,2,0,80,
353,11/09/2021,100000,161400,0,1,0,46,,1,,20000,,2,0,39,
354,26/08/2024,470000,648600,0,1,1,45,52,1,0,39734,23390,3,0,11,
355,26/08/2022,51000,164000,0,0,0,58,,1,,20000,,3,0,,
356,26/01/2023,184000,235800,0,1,0,47,,0,,22223,,3,1,66,13/03/2023
357,26/06/2023,22000,83500,0,0,1,39,45,1,0,7433,12567,2,1,54,20/06/2023
358,18/10/2021,235000,352500,0,2,0,40,,1,,63618,,3,2,84,
359,23/08/2024,343000,598400,0,1,1,18,65,1,0,20510,45172,,1,4,
360,05/09/2021,65000,97900,0,0,0,31,,1,,20000,,2,1,0,
361,20/08/2023,93000,174800,0,1,1,70,30,0,1,8634,11366,3,0,56,
362,03/12/2023,131000,226500,0,2,0,62,,0,,20000,,2,1,54,
363,23/01/2023,121000,204400,0,1,1,31,45,1,0,6108,13892,1,0,196,
364,03/01/2022,202000,341300,0,1,1,62,51,0,1,16787,14703,2,1,49,
365,19/12/2021,136000,236000,0,2,0,61,,0,,25369,,2,0,174,
366,19/06/2022,87000,210000,0,0,0,49,,1,,20000,,1,0,11,
367,01/04/2022,94000,125100,0,1,1,68,55,0,1,6479,13521,2,1,76,
368,03/05/2022,100000,349200,2,1,0,52,,1,,32281,,2,0,71,23/04/2022
369,12/09/2021,125000,208500,0,1,0,46,,0,,23132,,1,0,173,
370,03/09/2021,144000,252400,0,2,0,43,,0,,21017,,2,2,7,25/09/2021
371,17/11/2021,173000,317500,0,1,0,39,,0,,26441,,,0,35,
372,10/01/2023,76000,102400,0,1,0,66,,1,,20000,,2,,84,
373,24/02/2024,207000,351500,0,1,0,18,,1,,47245,,2,0,87,
374,10/08/2024,126000,142300,0,1,1,48,44,1,0,6495,13505,2,,80,
375,17/11/2021,264000,584400,0,1,1,52,34,1,0,22377,33876,2,0,87,
376,07/08/2024,81000,135200,0,1,0,49,,1,,20000,,3,1,48,
377,27/02/2024,146000,208800,3,1,0,61,,0,,20000,,1,0,55,
378,28/03/2024,504000,1008600,,1,1,73,26,1,0,24234,43677,2,,218,07/05/2024
379,22/09/2022,104000,202900,0,1,1,36,57,1,0,8191,13136,1,0,227,
380,31/05/2024,486000,629700,,2,0,45,,0,,100803,,3,0,233,14/07/2024
381,07/08/2022,154000,203600,0,,1,69,33,0,1,13422,10995,1,1,55,
382,20/08/2022,174000,275500,0,0,1,56,47,0,0,13464,12675,2,1,49,
383,05/03/2023,135000,240800,0,1,0,40,,1,,20867,,2,0,74,
384,18/05/2024,107000,205500,0,1,1,23,27,0,1,8459,14604,1,0,284,
385,03/05/2022,78000,187900,0,2,0,44,,0,,20000,,2,2,175,
386,02/02/2022,350000,657700,0,2,0,56,,1,,52170,,2,2,71,
387,30/01/2022,162000,273400,0,2,0,35,,1,,21284,,3,1,31,
388,25/03/2024,18000,23100,0,0,1,47,73,0,1,9658,10342,2,0,88,
389,06/06/2024,478000,810300,,1,1,30,33,1,0,29421,39546,3,1,60,27/06/2024
390,05/08/2023,64000,203200,0,2,1,31,37,0,1,11574,13806,1,0,10,17/08/2023
391,26/02/2023,1107000,1598400,0,1,1,47,38,1,0,71270,80442,3,0,50,
392,10/08/2022,387000,528200,0,1,0,50,,1,,45195,,2,0,6,
393,20/02/2023,90000,146600,0,2,1,18,64,0,1,9568,10432,,0,17,
394,16/03/2023,99000,172000,0,1,0,50,,0,,20000,,2,0,71,07/04/2023
395,13/09/2021,169000,196500,0,1,0,44,,1,,20000,,3,1,60,
396,09/12/2023,119000,147500,0,,0,36,,1,,20000,,2,1,18,
397,31/03/2023,82000,135100,0,1,0,32,,0,,20000,,2,0,,
398,13/08/2022,563000,861900,0,1,1,49,47,0,1,59650,39952,3,0,14,
399,29/10/2023,37000,62300,0,1,0,53,,1,,20000,,2,0,49,05/11/2023
400,04/03/2022,357000,479800,3,0,1,37,34,1,0,21905,31305,2,0,16,
401,14/12/2023,101000,188500,0,2,1,56,22,1,0,12998,7002,2,,9,03/01/2024
402,12/03/2022,83000,143500,0,2,0,44,,1,,20000,,2,0,9,
403,10/07/2022,709000,1055800,0,,0,59,,0,,109082,,2,0,6,
404,07/02/2023,112000,246000,0,1,1,49,62,1,0,6770,13230,2,0,210,
405,10/05/2024,226000,407200,2,1,0,37,,0,,36200,,2,0,49,18/05/2024
406,26/02/2024,132000,209000,0,1,1,50,38,1,0,9880,10986,1,0,59,
407,15/07/2024,85000,208300,0,1,1,37,48,1,0,10217,10174,1,0,62,16/07/2024
408,24/04/2023,364000,556100,0,1,0,29,,0,,50845,,2,0,50,
409,08/04/2023,29000,46500,,2,0,26,,0,,20000,,2,0,60,
410,21/08/2023,89000,191500,0,2,1,34,50,0,1,7926,12074,3,0,83,
411,04/08/2024,160000,223600,0,2,0,70,,0,,21914,,3,1,46,
412,10/08/2022,183000,212400,0,2,0,31,,1,,20000,,3,0,240,
413,16/04/2023,33000,63900,3,1,1,59,45,0,1,11399,8601,2,0,86,04/05/2023
414,17/08/2024,25000,35500,0,1,1,34,44,0,1,8494,11506,2,0,79,
415,28/03/2022,38000,88800,,1,0,43,,1,,20000,,2,0,6,12/04/2022
416,05/09/2022,416000,497300,0,1,0,37,,1,,34397,,2,0,82,
417,17/05/2024,101000,220000,0,1,0,42,,1,,20000,,3,1,83,
418,23/10/2022,158000,199600,0,2,0,36,,1,,20656,,1,0,62,
419,12/07/2024,68000,82600,0,1,0,37,,1,,20000,,2,0,5,28/08/2024
420,16/04/2023,190000,302500,0,1,1,49,45,1,0,6117,18850,3,0,87,
421,30/07/2023,172000,328700,0,1,1,23,44,0,1,13672,20353,3,2,30,
422,19/02/2024,628000,744000,0,2,1,45,25,1,0,61788,21009,2,,233,31/03/2024
423,10/08/2022,178000,310100,0,1,1,32,29,0,1,19626,6025,3,2,15,
424,03/10/2022,348000,491400,0,1,0,18,,1,,42721,,3,0,66,
425,30/04/2024,304000,346800,0,0,0,63,,0,,30376,,2,0,41,
426,25/07/2024,130000,202800,0,2,0,19,,0,,20000,,1,1,58,
427,14/11/2023,155000,281100,0,1,1,52,46,0,1,14445,13349,2,0,9,07/12/2023
428,10/08/2023,113000,218000,,1,0,56,,1,,31050,,2,0,14,
429,28/08/2022,463000,842200,0,1,1,32,40,1,0,19696,49642,3,0,169,
430,16/02/2022,443000,588500,0,1,0,50,,0,,49910,,,0,4,
431,22/07/2022,129000,202700,0,1,0,37,,0,,22630,,0,0,77,
432,05/07/2024,87000,114000,0,1,1,66,60,0,1,12742,7258,2,0,43,11/08/2024
433,21/08/2022,255000,631800,0,1,0,57,,1,,61904,,3,,3,
434,22/11/2023,134000,204600,0,1,0,26,,1,,20000,,2,2,81,17/12/2023
435,12/09/2021,18000,35300,0,1,0,66,,0,,20000,,2,0,164,
436,14/02/2022,160000,235100,2,1,1,59,44,1,0,7537,15647,2,0,73,01/04/2022
437,30/12/2021,157000,210000,2,2,1,52,37,0,1,8389,12263,1,0,155,
438,09/09/2023,172000,266700,0,2,1,54,40,0,1,14798,5202,2,0,240,08/10/2023
439,11/09/2023,366000,445700,0,2,0,52,,0,,29226,,2,0,13,26/10/2023
440,02/05/2022,94000,229300,0,1,0,54,,0,,20000,,2,0,48,
441,12/09/2023,388000,635500,0,1,1,22,27,1,0,21670,22724,3,1,15,
442,06/09/2023,151000,242300,0,,0,49,,1,,23198,,2,2,165,
443,14/09/2023,168000,261100,0,,0,50,,1,,21762,,2,0,76,
444,26/10/2023,131000,228700,0,1,0,30,,0,,20000,,2,0,204,18/11/2023
445,01/03/2023,58000,134800,0,1,1,49,45,0,1,13852,6148,2,0,87,13/03/2023
446,30/06/2024,225000,330800,,1,0,36,,1,,22203,,2,0,74,03/08/2024
447,05/04/2022,129000,196600,0,2,1,24,63,1,0,12329,7671,0,0,70,05/05/2022
448,12/09/2021,69000,119300,0,1,0,47,,1,,20000,,2,0,172,26/09/2021
449,01/04/2023,394000,1056200,0,2,1,29,42,1,0,21546,71567,2,0,12,26/04/2023
450,01/06/2023,266000,365700,2,1,0,48,,0,,31725,,2,2,,
451,30/12/2021,225000,425000,0,1,1,20,27,1,0,13462,25626,3,0,8,
452,31/08/2023,111000,227200,0,0,0,45,,0,,20000,,3,0,214,
453,12/08/2024,32000,45100,0,1,0,46,,0,,20000,,2,0,62,
454,10/05/2024,64000,144400,0,1,1,59,43,1,0,4435,15565,2,0,55,06/06/2024
455,16/04/2023,39000,92100,2,2,0,57,,1,,20000,,,0,52,
456,08/02/2022,105000,172800,0,1,0,42,,0,,20000,,2,1,137,02/03/2022
457,03/11/2022,206000,381100,0,0,1,62,56,0,1,8518,21176,3,1,43,
458,23/11/2022,208000,365200,0,1,1,65,63,0,1,14791,13921,3,,88,24/12/2022
459,26/04/2022,109000,135400,0,2,1,30,32,1,1,10407,9593,2,2,0,
460,27/06/2022,157000,194500,0,1,0,38,,1,,20000,,0,2,91,
461,26/02/2024,188000,282500,0,0,0,50,,1,,23304,,3,0,14,
462,13/08/2023,46000,159100,0,2,0,52,,1,,20000,,2,0,,05/09/2023
463,19/11/2022,121000,205400,0,1,0,18,,1,,20000,,1,0,39,29/12/2022
464,22/04/2023,105000,149300,0,2,1,50,30,1,0,4421,15579,3,0,50,
465,16/08/2024,100000,167300,0,1,0,23,,1,,20000,,3,0,60,
466,02/09/2022,67000,112100,0,1,1,45,46,1,0,17147,2853,2,0,90,
467,19/08/2022,87000,114800,0,2,1,52,72,1,0,8903,11097,2,0,,
468,23/07/2022,90000,175000,1,1,1,44,75,1,0,13217,6783,3,1,1,27/07/2022
469,11/03/2022,237000,402400,0,1,1,46,61,1,0,12695,19245,2,1,228,14/04/2022
470,07/08/2023,116000,194400,0,1,1,39,52,0,1,5789,14211,2,0,16,
471,19/09/2021,375000,677200,0,,1,47,55,1,0,44188,21658,2,0,71,
472,08/10/2023,372000,650700,0,0,1,67,43,1,0,7735,45611,2,,77,
473,06/09/2022,105000,234000,3,0,0,26,,0,,26961,,2,0,19,
474,10/05/2023,189000,282200,0,1,1,28,73,1,0,13402,14264,3,0,87,
475,24/08/2023,93000,129500,0,2,1,27,48,0,1,10237,9763,2,0,52,19/09/2023
476,02/05/2022,204000,358100,0,1,1,73,45,1,0,15485,19850,2,0,203,09/06/2022
477,24/03/2023,159000,289800,2,1,0,39,,1,,33977,,2,1,50,
478,12/06/2024,32000,102800,0,1,1,59,36,0,1,10938,9062,2,,177,01/07/2024
479,10/08/2023,191000,299400,0,2,1,40,65,1,0,7307,13693,2,0,47,
480,03/09/2022,130000,220300,3,2,1,49,36,1,0,13175,8957,2,0,14,06/10/2022
481,19/02/2022,290000,391100,0,1,1,24,47,0,0,15184,13112,2,0,16,26/03/2022
482,28/06/2022,200000,350900,0,1,0,55,,1,,27580,,2,2,83,
483,08/08/2022,262000,294400,0,1,0,36,,1,,31393,,3,0,71,24/09/2022
484,08/08/2024,90000,399500,0,2,0,18,,0,,30360,,2,0,9,
485,30/08/2023,139000,240200,0,,0,38,,1,,24170,,3,2,78,
486,26/05/2023,55000,136400,0,0,0,49,,0,,20000,,3,1,29,
487,02/04/2024,171000,211500,2,2,0,36,,0,,20000,,1,2,0,
488,19/02/2024,188000,360000,2,1,0,60,,0,,46599,,3,1,17,
489,18/02/2022,206000,308700,0,1,1,52,43,0,1,13745,12924,3,0,17,
490,03/09/2021,167000,360500,2,1,0,57,,0,,28968,,2,0,75,
491,06/05/2024,66000,178600,1,1,0,33,,1,,20000,,3,1,6,12/04/2024
492,13/09/2022,81000,211900,1,1,1,51,41,1,0,12195,7805,1,0,74,
493,19/07/2022,118000,256100,0,1,1,35,45,1,1,10165,9835,2,0,72,
494,21/12/2023,114000,394500,0,1,0,60,,0,,30632,,2,0,14,
495,11/10/2021,147000,253400,0,0,0,18,,0,,20881,,2,0,49,
496,01/07/2022,122000,194900,0,1,1,47,57,0,1,4022,15978,0,0,89,10/08/2022
497,03/06/2023,187000,308800,0,2,0,62,,1,,26942,,2,0,89,
498,24/04/2023,75000,188100,0,1,0,55,,1,,20000,,2,0,72,
499,21/02/2023,119000,195900,0,1,1,48,48,0,1,6852,13148,0,0,53,
500,11/03/2023,122000,198900,0,2,0,53,,1,,20549,,2,0,6,
501,14/04/2024,203000,436700,0,,0,55,,1,,42116,,3,0,0,
502,04/01/2022,149000,222100,0,1,0,43,,1,,24116,,2,1,91,01/02/2022
503,22/02/2024,132000,306700,0,,0,56,,0,,20640,,2,1,59,
504,23/08/2023,110000,292400,0,1,0,42,,1,,24910,,3,0,97,10/09/2023
505,31/01/2023,80000,155200,0,1,0,59,,1,,20000,,2,0,55,
506,24/03/2023,150000,197500,2,1,1,50,46,0,1,10053,14482,2,1,12,
507,28/04/2024,470000,621700,2,1,0,35,,0,,53841,,2,0,13,
508,23/10/2022,142000,211600,0,1,1,39,42,1,0,7715,12285,2,0,179,
509,17/01/2022,305000,513900,0,1,0,75,,1,,52500,,2,0,70,08/02/2022
510,28/03/2022,67000,226700,0,,0,52,,0,,32989,,2,0,162,
511,07/08/2024,274000,500500,0,1,0,19,,0,,35315,,3,1,82,
512,15/08/2022,145000,344100,0,1,1,48,42,0,1,13458,26630,2,1,10,
513,26/06/2022,186000,230800,0,1,1,37,63,0,1,13702,6298,2,0,236,
514,24/08/2022,486000,659500,0,2,1,29,47,0,1,39509,30923,3,0,224,
515,11/09/2021,195000,394800,1,1,0,18,,1,,42565,,,0,182,02/10/2021
516,07/03/2023,50000,122700,0,1,0,41,,0,,20000,,2,0,226,31/03/2023
517,09/06/2022,458000,695400,0,1,1,40,36,1,0,27356,30695,2,0,52,28/06/2022
518,23/11/2022,189000,360400,0,1,0,54,,0,,29377,,2,0,71,
519,06/11/2022,179000,288100,0,2,1,18,22,1,0,15467,8966,2,,,
520,15/05/2022,69000,128700,0,2,1,46,43,0,1,11124,8876,2,0,15,19/05/2022
521,21/07/2023,113000,180700,0,1,0,42,,0,,20000,,2,0,90,18/08/2023
522,20/11/2021,169000,309000,0,2,0,29,,1,,21891,,2,0,,14/12/2021
523,24/02/2022,58000,85100,0,1,0,44,,1,,20000,,2,0,66,21/03/2022
524,08/04/2024,109000,207500,0,1,0,31,,0,,20000,,1,1,82,
525,06/06/2024,180000,381800,0,2,1,25,35,0,1,24962,9303,2,2,79,
526,26/04/2023,115000,272000,0,1,1,53,21,0,1,5584,19269,2,1,,
527,11/04/2024,19000,33100,0,2,0,42,,0,,20000,,2,0,80,06/05/2024
528,08/10/2022,104000,200200,0,2,1,37,52,1,0,8155,11845,1,0,81,
529,11/11/2021,35000,67000,0,,1,49,48,1,0,16267,3733,2,2,82,19/11/2021
530,28/02/2022,104000,207800,3,1,0,61,,0,,29948,,1,,216,24/03/2022
531,13/10/2022,126000,218300,0,1,0,42,,0,,23557,,3,0,39,
532,04/06/2023,126000,203000,0,1,0,30,,1,,23995,,1,0,76,
533,07/03/2022,70000,85700,1,1,0,43,,0,,20000,,2,0,170,
534,18/10/2021,113000,173200,0,0,0,33,,1,,20000,,2,1,72,
535,10/10/2021,27000,42800,0,1,0,49,,0,,20000,,2,0,176,
536,13/03/2022,116000,199000,0,1,0,35,,1,,20000,,3,0,81,
537,27/10/2022,146000,291500,0,1,0,75,,0,,22615,,3,0,5,21/11/2022
538,20/05/2023,152000,286200,0,1,0,46,,0,,36083,,2,0,39,
539,05/10/2023,128000,214000,0,1,0,25,,1,,20000,,3,2,216,
540,21/07/2023,110000,147300,0,1,0,55,,0,,20000,,2,1,,
541,12/09/2023,114000,204800,0,1,0,55,,0,,21120,,1,0,222,
542,09/06/2024,116000,174200,0,2,0,32,,0,,20237,,2,1,62,
543,27/08/2024,87000,171100,0,0,0,24,,0,,20000,,2,0,88,
544,16/03/2022,247000,322800,0,2,1,52,72,0,1,11572,25361,3,0,77,09/05/2022
545,22/08/2024,154000,206200,0,1,1,39,18,0,1,3015,16985,1,2,72,
546,04/09/2022,160000,198200,0,1,0,73,,1,,20000,,0,1,39,11/10/2022
547,30/08/2024,119000,177900,0,1,0,55,,1,,20000,,3,0,,
548,27/08/2023,149000,286800,0,1,0,56,,0,,22212,,3,2,200,
549,02/02/2023,74000,199100,0,2,0,20,,0,,20000,,0,1,6,11/02/2023
550,17/03/2024,79000,137900,0,1,1,58,31,1,0,14031,5969,2,0,3,
551,01/09/2024,234000,338500,0,2,1,56,64,1,0,30776,6052,3,2,197,
552,06/12/2022,159000,234900,0,1,1,22,42,1,0,8435,11565,2,2,6,
553,19/11/2021,170000,332600,0,1,0,47,,1,,34731,,2,1,178,
554,08/09/2021,271000,533200,0,1,1,18,37,1,0,22429,24229,3,0,33,14/09/2021
555,13/06/2023,116000,207800,1,1,0,41,,0,,27005,,1,1,82,
556,04/05/2022,123000,180600,0,1,0,75,,0,,20000,,2,0,88,
557,16/06/2022,103000,203500,0,2,0,55,,0,,20000,,2,0,212,
558,23/11/2023,158000,213100,0,1,0,33,,1,,20426,,2,1,218,04/01/2024
559,13/04/2022,162000,200900,0,1,0,32,,1,,20000,,1,1,0,
560,12/09/2023,92000,144100,0,2,1,53,58,1,0,8745,11255,2,0,62,05/10/2023
561,18/01/2024,155000,249300,0,0,0,72,,1,,20000,,2,0,235,
562,02/04/2024,301000,347600,0,1,0,47,,0,,30963,,2,0,148,29/05/2024
563,26/02/2024,256000,384600,0,1,0,55,,1,,34720,,3,1,18,23/03/2024
564,04/09/2023,154000,218900,0,1,0,54,,1,,20000,,3,0,228,
565,02/03/2024,72000,99900,1,2,0,37,,1,,20000,,2,1,67,07/04/2024
566,27/07/2022,380000,815400,2,1,0,61,,1,,76127,,3,0,190,
567,31/10/2022,86000,235000,0,1,1,49,52,1,0,12348,12647,2,1,,17/11/2022
568,28/03/2024,99000,175700,0,1,0,75,,1,,23389,,3,0,88,
569,28/07/2024,72000,211100,0,1,0,44,,0,,20000,,1,0,35,
570,02/05/2022,98000,173000,1,1,0,44,,1,,20000,,2,0,219,
571,01/09/2023,187000,329100,0,1,0,23,,0,,30876,,2,1,62,12/09/2023
572,29/05/2023,118000,283800,0,2,1,42,24,1,0,14401,7543,3,0,14,15/06/2023
573,09/07/2022,26000,51600,0,2,0,46,,1,,20000,,,2,38,
574,24/03/2023,129000,200400,0,1,0,50,,1,,22174,,0,0,6,23/04/2023
575,25/09/2023,59000,102200,0,2,0,46,,0,,20000,,,,231,
576,22/04/2024,114000,245000,0,2,0,55,,1,,20000,,2,0,4,
577,11/10/2021,371000,538700,,1,0,27,,0,,52008,,2,0,69,02/11/2021
578,18/05/2022,110000,184600,0,2,0,36,,1,,20000,,3,0,41,21/05/2022
579,08/09/2023,214000,390100,0,1,0,18,,0,,31269,,2,1,56,12/09/2023
580,05/02/2022,168000,242200,0,1,0,66,,1,,20462,,2,0,51,24/02/2022
581,25/09/2022,66000,95300,0,1,0,26,,1,,20000,,2,0,234,
582,10/10/2023,143000,213000,0,0,1,44,38,0,1,5807,14193,2,0,163,20/11/2023
583,08/03/2023,476000,919500,0,2,0,58,,1,,79926,,3,0,36,
584,22/12/2021,128000,169600,0,1,0,18,,0,,20000,,2,0,84,
585,01/03/2024,103000,193000,0,1,0,40,,0,,20000,,0,0,13,
586,18/08/2022,190000,700100,0,1,1,56,22,0,1,33443,33000,2,1,49,10/08/2022
587,03/04/2022,280000,565000,0,,0,45,,0,,41779,,,0,89,
588,07/03/2024,91000,212600,0,2,1,54,51,1,0,10437,9563,1,0,85,
589,06/12/2023,78000,235400,0,1,1,65,23,1,0,13545,10175,,0,14,
590,17/07/2023,282000,419600,,1,0,47,,0,,39467,,2,0,87,
591,16/09/2021,109000,205700,0,2,1,38,29,0,1,13431,9954,1,0,89,
592,27/11/2023,148000,202300,0,0,0,60,,0,,22338,,0,0,66,
593,09/02/2022,68000,126400,0,2,0,24,,0,,20000,,2,0,80,
594,24/02/2024,162000,284900,0,2,0,53,,0,,30861,,2,0,190,
595,10/03/2023,359000,446500,0,1,0,46,,1,,33574,,,0,69,
596,02/10/2023,304000,414000,0,1,1,28,33,1,0,19211,14722,2,1,,
597,13/10/2022,332000,783400,0,2,0,18,,1,,60112,,2,0,7,
598,26/02/2023,76000,113700,0,1,1,53,18,0,0,7823,12177,2,0,184,
599,13/08/2023,100000,278800,0,1,1,36,69,0,1,10925,12472,2,1,8,
600,30/12/2021,69000,133000,0,2,0,46,,1,,20000,,2,1,184,
601,16/03/2024,291000,535600,3,2,0,42,,1,,53060,,3,0,191,
602,16/09/2021,154000,197400,0,0,1,51,18,0,1,6789,13211,0,1,236,
603,30/01/2022,173000,400700,0,2,0,68,,0,,28956,,2,1,47,17/02/2022
604,03/05/2022,442000,880700,0,1,0,18,,1,,60047,,2,0,164,
605,03/04/2024,68000,123400,0,1,0,50,,1,,20000,,2,0,55,22/04/2024
606,05/06/2023,149000,209800,0,2,0,28,,0,,21919,,1,1,137,
607,27/04/2023,158000,209900,0,0,1,56,49,1,0,7253,12904,1,0,,
608,27/08/2022,182000,303400,0,1,1,59,41,1,0,16864,10028,3,0,94,26/09/2022
609,29/12/2021,155000,247900,0,2,1,62,41,1,0,4726,18267,3,0,89,
610,07/09/2021,60000,210300,0,0,0,47,,1,,20000,,3,0,166,26/08/2021
611,05/07/2024,168000,289700,0,1,1,50,64,0,1,24381,9597,3,0,17,
612,07/02/2024,1044000,1192000,0,,0,33,,0,,147138,,3,0,89,
613,18/10/2021,290000,626700,1,2,1,37,53,1,0,40749,36355,3,1,57,04/11/2021
614,07/09/2021,406000,571600,0,2,0,56,,0,,77664,,3,0,84,
615,17/08/2023,295000,417000,0,1,1,33,35,1,0,24183,29473,3,2,6,
616,08/03/2024,79000,244700,0,1,0,45,,0,,20000,,2,0,80,
617,26/06/2022,174000,198400,0,2,1,22,44,1,1,9618,10382,2,0,200,
618,21/10/2022,169000,317800,0,1,0,68,,1,,42875,,3,0,90,
619,20/11/2021,118000,290600,0,1,0,75,,1,,28494,,3,0,169,
620,30/09/2023,191000,294600,0,1,0,43,,1,,23672,,2,1,221,
621,09/12/2022,139000,249700,0,1,1,56,43,0,1,10985,10807,2,2,251,
622,03/09/2023,411000,519400,0,1,1,52,34,1,0,41735,8923,2,0,52,03/10/2023
623,06/09/2022,81000,131000,2,1,1,28,49,1,0,11825,8895,2,2,135,
624,09/07/2024,133000,208500,,1,0,28,,1,,20420,,2,0,54,
625,28/08/2022,171000,197500,0,2,1,52,39,0,0,11386,8614,3,0,49,17/10/2022
626,24/07/2023,111000,268800,0,1,0,59,,0,,21694,,2,1,227,
627,20/07/2022,39000,170600,0,2,0,61,,1,,20000,,2,1,16,
628,11/09/2023,290000,400600,0,2,0,40,,1,,48350,,2,0,151,
629,04/11/2021,287000,705500,0,,1,31,37,1,0,40017,37014,2,0,243,
630,15/06/2022,156000,283700,0,1,1,36,40,0,1,10634,13758,2,0,11,
631,18/02/2022,484000,703300,3,1,0,34,,0,,60205,,2,0,12,
632,05/09/2022,72000,196200,0,1,0,46,,0,,20000,,0,,60,
633,18/08/2022,194000,337600,0,0,1,59,55,0,1,8385,28171,,0,,
634,26/02/2024,299000,469000,0,2,0,67,,0,,48900,,2,0,73,
635,12/01/2023,26000,43600,0,2,1,32,36,1,0,11864,8136,2,0,236,
636,23/07/2023,65000,116000,2,1,0,43,,0,,20000,,2,0,75,
637,31/07/2022,41000,208000,0,1,1,67,35,0,1,12260,7740,1,0,68,16/07/2022
638,11/09/2023,187000,367700,0,1,0,66,,1,,28180,,3,0,82,04/10/2023
639,23/06/2023,378000,577200,1,2,1,57,62,0,1,27961,35988,2,0,57,
640,22/03/2024,119000,186500,0,1,1,26,41,0,0,6028,13972,2,0,79,27/04/2024
641,16/12/2021,77000,110400,0,2,1,26,23,0,1,8560,11440,2,2,96,
642,02/03/2022,276000,376500,3,1,1,18,52,0,1,22449,13865,3,0,32,24/03/2022
643,14/04/2023,105000,204900,0,1,1,35,65,0,1,10251,9749,2,0,84,18/05/2023
644,23/06/2022,148000,238600,0,,1,48,63,1,0,7787,12213,2,0,204,16/07/2022
645,06/09/2022,128000,195900,0,2,1,59,70,0,1,9583,12984,1,0,71,
646,29/08/2023,82000,149900,0,1,0,68,,0,,20000,,2,,53,
647,04/09/2023,108000,198300,0,0,0,32,,1,,20000,,0,0,75,06/09/2023
648,02/06/2022,125000,265100,0,2,1,39,36,1,0,12589,9960,2,0,78,
649,07/08/2022,70000,199900,1,,1,43,32,0,1,14704,5296,0,,9,
650,15/08/2024,50000,160400,0,1,0,54,,0,,20000,,3,0,194,
651,22/05/2024,133000,264200,0,1,0,53,,0,,21029,,2,0,79,
652,10/06/2023,42000,84400,3,1,0,57,,1,,20000,,2,0,75,22/06/2023
653,16/09/2022,308000,606600,,1,1,68,44,0,1,36428,7496,2,0,49,
654,25/03/2023,138000,211900,0,1,0,33,,0,,20000,,2,0,17,20/04/2023
655,17/02/2022,292000,588300,0,1,1,31,43,0,1,17471,43455,3,0,88,28/02/2022
656,01/08/2022,210000,374300,0,2,1,18,52,0,1,21826,11229,2,1,8,
657,09/07/2024,96000,216600,0,2,1,26,53,0,0,5762,18459,2,0,182,
658,11/07/2023,217000,239600,0,1,1,27,43,1,1,11644,10042,2,1,15,
659,12/02/2023,310000,472100,0,2,0,62,,1,,42788,,3,0,62,01/03/2023
660,07/08/2024,240000,409500,0,2,0,60,,0,,34330,,3,0,74,
661,16/06/2023,87000,148900,0,1,0,57,,0,,20000,,2,0,218,28/07/2023
662,15/08/2024,87000,130300,2,2,1,52,18,1,0,10676,9324,2,0,16,
663,02/06/2022,388000,699100,0,1,0,51,,1,,55116,,3,0,5,
664,13/12/2023,425000,708500,0,1,0,64,,1,,67571,,3,0,199,19/01/2024
665,31/10/2022,101000,182400,0,1,1,37,34,0,1,12395,7605,2,0,81,
666,30/03/2022,112000,153200,0,2,1,43,53,0,1,12471,7529,2,1,9,
667,16/12/2021,129000,189800,0,1,0,72,,0,,20000,,0,0,35,
668,18/01/2024,92000,205100,0,1,0,43,,0,,20114,,1,0,75,
669,02/10/2021,152000,246500,2,1,0,63,,0,,22354,,2,0,30,12/10/2021
670,19/03/2024,261000,335900,0,1,1,38,60,0,1,16514,7217,2,0,33,
671,30/03/2023,50000,117300,1,1,0,39,,1,,20000,,2,0,16,
672,22/05/2022,110000,147900,0,1,1,42,53,0,0,12536,7464,3,0,6,
673,19/11/2021,106000,185400,0,1,0,18,,0,,20000,,2,2,55,
674,20/05/2023,52000,73600,0,2,0,47,,0,,20000,,2,0,94,
675,18/03/2022,94000,144000,,0,1,47,36,1,0,15865,4135,2,0,74,03/04/2022
676,07/09/2021,156000,252400,0,2,1,63,53,0,1,16305,3998,2,0,10,
677,09/09/2022,86000,205500,0,1,0,19,,1,,20000,,,0,167,
678,16/05/2022,197000,406700,0,1,1,53,37,1,0,13465,36246,2,0,12,
679,10/09/2023,329000,470200,,2,1,36,58,1,0,16912,16876,3,0,55,07/10/2023
680,11/02/2023,274000,464800,0,2,1,24,56,0,1,13740,25674,2,0,96,
681,31/08/2022,80000,100300,0,1,1,23,45,0,1,4580,15420,2,0,,
682,17/07/2022,235000,333200,0,1,1,48,45,0,1,18062,11394,3,0,231,
683,22/03/2022,89000,146100,0,1,0,54,,0,,20000,,3,0,55,27/04/2022
684,23/03/2023,300000,576200,1,1,1,63,42,0,1,12354,29476,2,0,59,
685,02/07/2023,116000,206700,0,2,0,65,,1,,20000,,1,0,30,
686,13/02/2023,219000,394900,0,2,0,54,,0,,37126,,3,0,223,07/03/2023
687,03/09/2022,97000,193200,1,1,0,57,,1,,20000,,2,0,190,
688,24/08/2022,149000,207600,0,0,1,23,61,0,1,9279,10721,2,1,63,14/10/2022
689,15/03/2022,297000,391700,,1,0,29,,0,,23597,,,2,57,06/05/2022
690,27/03/2023,74000,209500,0,1,1,39,46,1,0,15665,4335,1,,51,
691,01/01/2023,73000,96400,0,1,1,67,63,0,1,5049,14951,2,0,46,
692,20/03/2022,140000,188200,0,2,0,48,,1,,20930,,3,2,62,22/04/2022
693,30/04/2022,135000,214100,3,2,0,41,,0,,20968,,1,0,17,
694,12/09/2021,170000,198500,0,2,1,35,18,0,1,24824,7677,0,0,155,
695,18/08/2022,143000,175900,0,2,1,64,49,1,0,10975,9025,2,1,3,17/09/2022
696,02/03/2023,143000,200700,0,1,0,54,,1,,23209,,0,1,12,
697,15/06/2023,297000,343400,,1,1,34,68,1,0,13918,16989,2,0,51,17/07/2023
698,06/09/2022,148000,237100,0,1,1,39,25,0,1,7253,19779,2,0,28,
699,08/08/2023,328000,408700,0,0,1,45,40,1,0,11465,25016,3,0,4,
700,15/08/2023,46000,115400,0,1,1,75,43,0,1,11816,8184,2,0,13,22/08/2023
701,29/12/2021,67000,129900,0,1,1,24,27,1,0,8767,11233,2,1,78,
702,15/03/2022,110000,228600,0,0,0,36,,1,,21744,,2,0,181,
703,30/08/2023,239000,345700,2,1,0,40,,1,,33397,,3,0,39,
704,12/04/2022,145000,248300,0,2,1,60,34,1,0,12947,11837,3,0,147,30/05/2022
705,23/10/2022,190000,276900,0,,1,54,48,1,0,10802,16302,3,0,75,03/12/2022
706,15/02/2023,168000,416900,0,1,0,40,,1,,34921,,3,0,4,09/02/2023
707,21/12/2022,403000,694900,1,,0,47,,0,,54597,,2,0,2,
708,13/04/2022,121000,166500,0,1,0,41,,1,,20000,,2,0,83,
709,04/06/2023,60000,99200,0,0,0,49,,0,,20000,,2,0,84,
710,15/08/2023,93000,132400,3,2,0,75,,1,,20000,,2,0,226,
711,08/07/2023,120000,174700,0,1,0,43,,0,,20000,,2,2,54,08/08/2023
712,20/04/2024,218000,429600,0,1,0,70,,0,,33693,,3,2,85,11/05/2024
713,22/11/2022,323000,600400,0,1,0,55,,0,,51456,,2,0,191,14/12/2022
714,05/09/2023,334000,534400,0,2,0,48,,1,,41931,,3,1,56,29/09/2023
715,31/03/2023,222000,476700,,1,0,52,,1,,49650,,,0,68,
716,27/09/2021,101000,205400,0,1,0,38,,0,,20000,,0,0,11,
717,11/07/2022,116000,194300,0,1,1,52,45,1,0,9096,10904,0,0,11,08/08/2022
718,24/08/2022,276000,441600,0,0,1,55,36,0,1,25745,17712,,0,14,27/09/2022
719,06/09/2023,170000,275700,0,0,1,68,23,1,0,11399,8601,2,0,83,
720,19/01/2022,135000,237100,0,0,0,29,,0,,20000,,3,1,7,
721,15/04/2024,85000,121200,1,,0,20,,1,,20000,,2,2,10,16/05/2024
722,29/05/2022,93000,163300,0,0,0,54,,1,,20000,,2,0,76,23/06/2022
723,20/07/2023,49000,117700,0,0,0,53,,1,,20000,,2,0,131,12/08/2023
724,30/12/2021,166000,297700,1,1,1,53,68,1,0,15253,7508,2,0,90,
725,06/09/2022,112000,204400,2,1,0,65,,1,,20000,,1,0,84,
726,29/08/2023,319000,553400,0,2,0,41,,0,,40809,,3,0,82,06/10/2023
727,29/01/2024,234000,285300,2,1,0,37,,1,,20000,,2,0,198,
728,12/05/2024,173000,254200,0,2,0,47,,0,,23397,,2,1,7,
729,19/11/2021,38000,70800,1,1,0,35,,0,,20000,,2,0,76,
730,30/03/2024,55000,76000,0,2,1,36,48,0,1,6273,13727,2,0,177,
731,21/06/2022,189000,270000,0,1,1,57,54,0,0,12813,9671,3,1,52,
732,13/02/2024,114000,196800,0,1,0,34,,0,,20000,,0,0,43,
733,16/07/2022,552000,723300,,1,0,64,,1,,62254,,3,1,,
734,31/07/2022,255000,514500,0,1,0,54,,0,,48831,,3,1,14,
735,09/04/2023,174000,252800,0,1,0,67,,0,,26780,,,0,90,22/05/2023
736,11/02/2023,523000,787900,0,1,0,44,,0,,65257,,3,0,185,
737,06/03/2024,141000,339000,0,1,1,49,50,1,0,17798,10715,3,1,189,
738,23/05/2024,369000,531900,0,1,0,52,,0,,45629,,3,0,61,
739,23/03/2023,310000,590100,0,1,0,42,,0,,72549,,2,0,60,
740,18/08/2024,130000,194600,0,2,0,49,,1,,23169,,0,2,173,
741,22/04/2023,101000,196200,0,1,1,46,36,0,1,5614,14386,0,0,69,10/06/2023
742,23/10/2022,84000,120700,0,2,0,37,,0,,20000,,3,0,192,
743,13/08/2022,287000,354200,0,1,0,45,,0,,32964,,3,0,80,
744,10/09/2022,126000,237500,0,1,0,69,,1,,20000,,,2,173,16/10/2022
745,20/05/2023,150000,252600,,0,0,43,,1,,28860,,2,1,233,12/06/2023
746,19/01/2022,114000,197200,0,2,0,66,,1,,20000,,0,0,84,
747,08/09/2022,316000,656400,0,1,1,45,49,1,0,22918,26380,2,0,70,29/09/2022
748,10/09/2023,419000,646500,,1,0,43,,1,,77349,,2,,166,20/10/2023
749,23/07/2023,95000,184900,0,1,1,75,32,0,1,6448,13552,3,0,16,
750,15/04/2022,626000,868600,0,,0,54,,0,,88690,,2,0,96,
751,10/03/2024,76000,144800,,1,1,52,58,0,1,8306,11694,2,0,35,
752,25/03/2023,134000,184000,0,2,0,34,,0,,20000,,,0,85,
753,10/10/2022,115000,238200,0,2,0,33,,1,,29275,,2,,14,26/10/2022
754,29/10/2021,181000,247500,0,2,0,38,,1,,20140,,3,0,75,
755,08/06/2023,216000,371500,0,1,1,57,39,1,0,16403,19264,3,0,,
756,29/08/2022,119000,256400,0,1,0,32,,0,,20000,,2,0,222,
757,06/09/2022,35000,105300,0,1,0,63,,1,,20000,,2,0,184,
758,26/04/2023,129000,260600,2,1,0,75,,1,,24298,,2,0,0,28/04/2023
759,28/02/2024,118000,207700,0,2,1,72,68,0,1,20874,3959,1,2,54,
760,07/08/2023,129000,168000,0,2,0,19,,0,,20000,,3,1,,
761,10/03/2024,360000,511200,0,2,1,70,31,0,0,47743,22139,2,1,27,
762,12/01/2023,114000,184100,0,2,0,36,,1,,20000,,2,0,206,
763,28/05/2024,86000,121500,0,2,1,72,36,0,1,6517,13483,2,0,15,
764,16/03/2022,402000,546500,0,1,0,59,,0,,49462,,2,0,11,
765,03/07/2024,93000,209700,0,1,1,57,18,1,0,7356,14695,1,0,16,
766,06/04/2024,167000,262600,0,1,0,52,,1,,22816,,2,1,79,
767,03/07/2023,40000,136300,0,1,1,42,29,1,0,9242,10758,3,0,4,21/06/2023
768,22/04/2024,198000,290600,0,1,0,38,,0,,24172,,2,0,,
769,20/08/2024,143000,207700,0,1,0,61,,1,,20000,,1,1,86,
770,18/05/2024,93000,206700,0,1,0,39,,0,,24247,,1,1,65,
771,26/08/2022,157000,206700,,,1,60,30,1,0,8910,11090,1,2,65,07/10/2022
772,05/02/2023,367000,464500,0,1,0,39,,0,,35957,,2,0,54,
773,04/05/2024,356000,497200,0,1,0,49,,0,,48162,,3,0,78,
774,06/01/2022,139000,168800,0,2,0,21,,1,,20000,,2,0,52,
775,07/10/2021,104000,130700,2,1,1,22,42,0,1,11140,8860,2,1,180,
776,03/02/2024,70000,124200,0,1,0,42,,1,,20000,,2,1,57,
777,23/02/2024,265000,400000,0,1,0,73,,1,,56288,,2,1,,
778,14/11/2022,197000,349700,0,1,0,24,,1,,23799,,,1,7,29/11/2022
779,05/03/2024,163000,318400,0,1,0,56,,1,,26745,,2,0,51,02/04/2024
780,09/08/2022,98000,146500,0,0,1,45,48,1,0,11565,8435,2,0,13,31/08/2022
781,27/09/2022,50000,78300,0,1,1,44,75,1,1,9843,10157,2,1,220,21/10/2022
782,24/08/2024,126000,254000,0,2,1,32,62,1,0,16923,9957,2,0,6,
783,22/10/2023,248000,485400,0,2,0,54,,1,,39839,,2,0,173,11/11/2023
784,08/05/2022,128000,165900,0,2,0,27,,0,,20000,,2,0,167,
785,07/03/2023,398000,707400,0,2,0,56,,1,,74527,,3,0,89,28/03/2023
786,20/01/2024,50000,127500,0,0,1,43,52,0,1,5563,14437,2,0,,22/01/2024
787,25/08/2024,142000,196500,0,1,0,30,,1,,20000,,2,,5,
788,07/04/2022,104000,206100,0,1,0,35,,1,,23111,,1,0,175,
789,26/08/2022,124000,222500,0,,1,67,75,1,0,10057,9943,3,0,81,
790,16/02/2022,198000,339900,0,1,1,58,26,0,1,8014,15364,2,0,75,
791,10/09/2023,457000,537900,0,2,0,42,,1,,38438,,3,1,18,
792,16/10/2022,63000,90900,0,2,0,45,,0,,20000,,2,0,10,16/11/2022
793,06/04/2024,92000,244800,0,1,0,46,,1,,20000,,2,1,19,
794,11/02/2024,74000,132500,3,2,0,50,,0,,20000,,2,0,,
795,01/04/2023,77000,171600,0,1,0,18,,0,,20000,,2,0,188,
796,06/01/2024,357000,428400,0,1,0,28,,0,,41196,,3,0,19,
797,28/02/2022,303000,397900,0,1,0,44,,0,,36965,,,1,,
798,11/02/2024,223000,377400,0,2,1,29,18,1,0,21844,14736,2,2,3,
799,08/04/2023,311000,466700,2,1,0,40,,0,,35878,,2,0,11,
800,13/03/2024,56000,79200,0,1,0,72,,1,,20000,,2,1,50,
801,26/08/2024,91000,106900,0,0,0,53,,0,,20000,,2,1,31,
802,21/04/2023,298000,495100,0,1,0,69,,1,,36369,,,0,85,11/05/2023
803,26/12/2021,251000,393000,0,1,0,54,,1,,53864,,3,0,211,
804,27/07/2024,250000,543400,0,1,0,25,,1,,49748,,3,0,25,
805,14/09/2021,130000,210500,0,2,0,63,,1,,20000,,2,0,64,04/10/2021
806,01/05/2024,463000,932900,0,,0,48,,0,,83114,,3,0,85,
807,22/06/2024,156000,271600,0,1,1,38,65,1,1,10455,16863,2,0,53,
808,18/02/2024,258000,354200,0,2,0,42,,1,,34762,,3,1,83,
809,13/04/2024,410000,585200,0,2,0,39,,1,,43459,,,0,54,
810,29/09/2021,78000,163400,3,1,0,47,,0,,20000,,2,,82,
811,27/10/2023,187000,222300,0,,1,38,35,0,1,10832,9906,2,0,78,09/12/2023
812,19/04/2022,75000,113900,3,1,1,33,38,0,1,8219,11781,2,0,,
813,19/09/2022,34000,51700,0,0,1,49,35,0,1,12584,7416,2,0,75,20/09/2022
814,31/01/2023,302000,504700,0,1,0,57,,0,,50776,,3,1,48,
815,13/04/2023,193000,415000,0,1,1,61,34,0,1,22238,8305,2,0,161,
816,04/09/2022,301000,454000,,2,0,68,,1,,30447,,3,,74,
817,02/07/2023,85000,206900,0,0,0,24,,0,,20000,,1,0,62,
818,30/11/2022,533000,867400,0,2,0,43,,1,,109005,,2,0,61,
819,04/01/2024,154000,195900,0,1,0,65,,1,,20000,,0,0,260,12/02/2024
820,04/09/2023,154000,209900,0,1,0,39,,1,,20920,,,,63,
821,28/08/2023,130000,205700,0,2,0,43,,0,,20000,,1,1,,
822,07/02/2024,118000,167000,0,1,0,53,,1,,20000,,3,2,7,
823,22/02/2022,152000,208800,0,0,1,36,25,0,1,16557,13747,1,1,237,
824,02/04/2024,119000,154200,0,1,0,61,,0,,20000,,2,0,7,
825,12/07/2023,130000,201100,0,1,0,29,,1,,20000,,2,1,8,
826,29/05/2024,53000,67000,0,2,1,51,45,1,1,10244,9756,3,0,85,20/06/2024
827,15/06/2023,423000,592800,0,1,1,60,59,1,1,23375,20032,,,77,20/07/2023
828,06/11/2021,104000,188300,,0,1,57,22,1,0,11142,8858,2,0,81,
829,21/08/2023,96000,255300,0,2,0,19,,1,,24853,,,0,212,
830,01/07/2024,80000,97100,0,1,0,34,,0,,20000,,2,0,89,
831,11/06/2024,96000,201700,0,2,1,52,39,0,1,14298,5702,2,0,173,13/07/2024
832,24/09/2023,297000,351200,0,1,1,66,51,0,1,14923,25245,3,0,17,
833,11/09/2022,165000,208000,0,2,1,43,38,0,1,11185,8815,1,0,16,29/10/2022
834,10/09/2021,211000,343600,0,2,0,29,,1,,38089,,3,0,80,
835,09/09/2023,163000,345300,0,2,0,50,,0,,28914,,3,0,184,13/10/2023
836,08/05/2023,176000,284300,0,1,1,38,48,1,0,21716,8080,2,0,80,
837,21/08/2022,85000,166800,0,2,1,43,41,0,1,4770,15230,2,1,93,13/09/2022
838,24/08/2024,118000,248600,0,1,0,61,,0,,20000,,,2,8,
839,04/07/2024,145000,198300,0,2,0,35,,1,,21331,,0,2,,
840,11/11/2023,85000,164900,3,1,1,37,64,0,0,12936,7064,3,0,234,
841,09/09/2021,148000,203900,0,1,0,54,,1,,20000,,1,,130,
842,08/03/2023,43000,50200,0,2,0,30,,0,,20000,,2,0,53,
843,27/03/2024,230000,376100,3,1,0,53,,0,,26673,,2,0,210,02/05/2024
844,17/12/2022,143000,210900,,1,1,48,59,1,0,18631,9818,3,0,75,
845,03/04/2024,291000,617100,0,2,1,64,70,0,1,37863,39380,2,2,83,
846,08/08/2024,237000,533100,0,1,1,42,40,0,1,12742,33444,2,2,181,
847,16/07/2023,88000,181000,0,2,0,30,,0,,20000,,2,0,79,
848,04/03/2023,237000,335000,0,2,0,53,,0,,31983,,2,0,1,04/04/2023
849,26/04/2023,135000,219700,0,1,1,53,18,0,1,10904,11048,2,1,187,
850,25/08/2023,152000,227100,0,1,0,29,,0,,21322,,3,0,54,17/09/2023
851,20/06/2023,319000,529300,0,1,0,50,,0,,53842,,2,0,14,20/07/2023
852,21/09/2021,216000,336100,0,2,1,63,38,1,0,16908,18232,2,0,11,
853,09/09/2021,61000,104800,2,1,1,47,48,1,0,11340,8660,2,,78,12/09/2021
854,30/11/2023,251000,424900,2,1,1,48,53,0,1,22986,8410,2,0,74,
855,01/11/2022,39000,57100,0,2,0,44,,0,,20000,,2,0,,29/11/2022
856,14/08/2024,231000,347900,0,1,0,69,,0,,31055,,3,1,6,
857,18/04/2022,146000,281900,2,2,0,48,,1,,23016,,2,0,75,04/05/2022
858,24/12/2022,265000,395900,0,1,1,65,40,1,0,16096,27038,2,2,13,
859,09/04/2022,156000,219300,0,2,1,46,37,1,0,7701,12299,1,0,43,
860,28/08/2022,146000,201500,0,1,1,50,62,0,0,8545,11455,2,0,78,14/10/2022
861,11/10/2021,564000,863900,0,1,0,40,,0,,87068,,3,0,25,
862,29/05/2022,170000,237000,0,2,1,23,46,1,0,11431,8569,2,,88,
863,25/08/2024,199000,282300,3,1,1,70,47,0,1,17657,7885,3,0,58,
864,22/08/2024,215000,457900,0,1,1,31,28,1,0,25197,16748,2,1,81,
865,26/01/2023,345000,477400,0,1,0,59,,1,,37767,,3,1,246,
866,27/07/2024,132000,211200,0,1,1,18,19,0,0,16496,14173,2,0,71,
867,29/10/2023,80000,155000,0,1,0,46,,0,,20000,,2,0,224,
868,18/05/2023,138000,223500,0,2,1,66,34,1,0,11704,8296,3,0,,
869,30/08/2024,146000,194300,0,1,0,67,,1,,20000,,0,0,76,
870,12/11/2022,157000,189200,0,0,0,35,,0,,22171,,2,2,186,
871,24/10/2021,136000,199400,2,1,0,42,,0,,20000,,0,0,1,
872,14/02/2023,67000,129000,0,2,1,48,71,1,0,8123,11877,2,0,64,
873,08/08/2022,62000,95300,3,0,0,44,,1,,20000,,2,2,13,31/08/2022
874,14/10/2023,216000,388300,,2,0,48,,1,,34301,,2,0,,09/11/2023
875,01/11/2023,560000,833400,0,1,1,40,40,0,1,41212,36125,3,0,4,
876,21/05/2022,67000,95300,0,1,0,75,,0,,20000,,,1,12,
877,26/02/2024,912000,1152500,0,1,0,34,,0,,119022,,3,1,15,
878,22/09/2022,236000,492700,,1,0,23,,0,,56174,,3,0,17,
879,19/10/2022,175000,312000,0,1,0,35,,0,,26913,,2,0,210,16/11/2022
880,30/04/2024,237000,293200,0,2,1,41,47,0,1,11553,13181,2,0,55,
881,25/08/2022,163000,357900,0,1,0,33,,1,,32872,,3,0,31,
882,16/08/2024,42000,97800,0,0,1,71,36,0,1,14655,5345,2,0,199,
883,19/12/2022,154000,196800,0,2,0,75,,0,,20000,,0,0,4,
884,30/05/2024,107000,140900,0,2,1,33,71,0,1,9641,10359,2,0,19,
885,25/08/2023,112000,161900,0,1,0,71,,1,,20000,,2,,33,12/09/2023
886,10/04/2024,192000,253100,0,2,1,60,35,0,1,21683,5641,2,1,170,
887,02/08/2024,174000,230200,0,2,0,41,,1,,20000,,2,0,205,
888,30/11/2021,259000,519300,0,1,1,59,47,1,0,6079,42318,3,,222,
889,24/08/2022,18000,36500,0,2,0,29,,0,,20000,,,1,10,
890,05/04/2023,52000,163500,0,2,1,28,60,1,0,12189,7811,2,1,4,
891,17/04/2022,68000,95800,0,2,0,27,,0,,20000,,2,1,40,27/04/2022
892,27/09/2021,289000,480900,0,1,0,41,,0,,37911,,2,0,32,25/10/2021
893,10/08/2023,79000,152600,0,1,0,41,,1,,20000,,2,0,83,
894,12/04/2024,236000,324200,0,0,0,68,,0,,20720,,2,2,50,
895,19/02/2024,67000,178800,0,2,1,70,59,0,1,4316,15684,2,0,58,
896,31/08/2023,127000,183000,0,1,1,55,47,0,1,15051,4949,3,0,9,
897,22/07/2024,129000,199400,0,0,0,60,,0,,20000,,0,1,31,
898,08/04/2022,109000,150300,0,1,0,54,,0,,20000,,3,0,17,
899,21/04/2023,358000,571800,0,2,1,18,19,1,0,28456,25445,2,0,14,
900,28/11/2022,338000,537500,2,2,1,18,18,1,1,25056,16538,,0,,
901,22/01/2023,416000,746300,0,1,0,61,,1,,59603,,3,0,30,
902,22/08/2024,185000,284100,1,1,0,46,,0,,26203,,2,0,40,
903,21/02/2024,146000,221500,0,1,0,46,,1,,20775,,3,0,13,03/03/2024
904,17/12/2022,62000,119400,0,1,0,55,,0,,20000,,2,0,197,
905,06/05/2022,124000,230800,2,1,0,35,,1,,20000,,2,0,220,
906,28/03/2024,476000,786300,,1,1,51,47,1,0,42336,21633,2,0,86,16/04/2024
907,30/08/2022,108000,191600,0,1,1,62,35,1,0,8063,11937,0,1,,
908,11/03/2024,119000,147500,0,2,0,45,,1,,20000,,2,0,58,30/04/2024
909,23/07/2024,112000,162500,0,,0,48,,1,,20627,,2,0,200,30/08/2024
910,11/08/2023,191000,233300,0,2,1,44,72,0,1,6611,14081,2,0,6,
911,23/05/2024,76000,118500,0,2,0,18,,1,,20000,,2,0,82,
912,25/11/2022,308000,487500,0,1,1,44,55,0,1,33261,20165,3,0,250,11/01/2023
913,06/12/2022,383000,692400,0,2,1,53,63,1,0,36837,54632,2,0,76,13/01/2023
914,25/11/2022,110000,131100,0,1,1,20,52,0,0,7493,12507,2,1,5,
915,05/10/2021,75000,129300,0,,0,46,,1,,20000,,2,1,53,
916,01/09/2023,87000,178400,0,0,0,58,,1,,20000,,3,1,174,
917,16/06/2024,134000,205800,0,1,1,41,55,0,1,5048,14952,1,1,,
918,24/05/2024,219000,395100,0,1,0,74,,0,,34270,,3,1,82,
919,03/09/2021,114000,194300,0,2,0,39,,0,,20000,,3,2,32,29/09/2021
920,29/08/2022,46000,166100,0,0,0,33,,0,,20000,,3,0,6,
921,07/03/2022,33000,60400,0,0,0,42,,0,,20000,,2,0,2,
922,30/08/2024,100000,205700,0,0,0,55,,1,,20000,,1,0,18,
923,26/10/2021,284000,488600,2,1,0,54,,1,,53448,,3,0,1,
924,07/04/2024,75000,205800,0,1,1,45,41,1,0,10982,12291,2,1,149,24/04/2024
925,28/06/2023,181000,311000,0,0,0,46,,0,,41863,,2,1,13,
926,05/04/2023,344000,601500,2,1,0,34,,1,,55505,,3,0,53,28/04/2023
927,04/09/2022,128000,211800,0,0,1,42,36,0,1,8339,15744,1,0,55,
928,22/06/2023,144000,212100,0,1,1,49,21,1,0,12350,9424,1,0,77,
929,05/09/2022,139000,332400,3,1,0,61,,1,,27185,,3,,163,
930,17/03/2022,112000,257600,0,1,0,38,,1,,20794,,2,,228,08/04/2022
931,02/01/2023,135000,319700,0,1,0,28,,1,,25891,,2,0,79,
932,26/10/2023,140000,235700,0,0,0,64,,1,,29066,,,0,84,24/11/2023
933,15/01/2022,76000,90900,0,1,0,46,,0,,20000,,2,0,,
934,10/09/2023,161000,242700,0,2,1,28,30,0,1,5228,17789,2,0,80,
935,10/09/2023,126000,197000,,1,0,68,,0,,20000,,1,2,74,05/10/2023
936,19/08/2024,20000,36400,2,1,0,41,,0,,20000,,2,0,58,
937,04/04/2022,178000,260600,3,1,0,38,,0,,20000,,2,2,247,
938,21/04/2022,83000,131100,0,1,0,35,,1,,20000,,2,0,72,15/05/2022
939,09/05/2023,100000,209300,0,1,0,32,,0,,21288,,1,0,63,28/05/2023
940,09/08/2022,110000,141100,1,1,0,42,,0,,20000,,2,0,2,
941,12/03/2023,97000,195200,0,2,0,40,,1,,20000,,0,0,53,20/03/2023
942,18/04/2023,121000,171400,0,1,0,65,,0,,20000,,2,1,14,
943,17/02/2022,87000,187800,0,1,0,34,,1,,20000,,3,1,72,
944,28/03/2022,250000,323000,0,1,0,30,,0,,36428,,2,0,87,
945,16/11/2021,118000,203600,0,1,0,51,,0,,21034,,1,0,3,
946,12/05/2024,82000,210700,0,1,0,18,,1,,20744,,1,0,76,12/05/2024
947,26/01/2024,124000,269900,0,2,1,48,22,1,0,5468,15471,2,0,,02/03/2024
948,24/02/2023,462000,760300,0,1,1,18,46,0,1,34307,17875,3,0,213,
949,03/03/2023,40000,78700,0,1,1,64,49,0,1,9930,10070,2,0,176,
950,04/09/2023,127000,223400,0,2,0,23,,0,,20000,,3,2,54,
951,07/03/2024,138000,209200,0,1,1,42,46,0,1,9405,11032,1,0,47,
952,29/03/2023,138000,203000,0,1,0,61,,1,,20000,,2,0,0,
953,12/09/2021,143000,224800,0,2,0,30,,0,,24379,,2,0,83,09/09/2021
954,02/06/2022,198000,293800,0,2,0,34,,1,,22419,,3,0,162,01/07/2022
955,03/09/2022,19000,39300,0,2,0,18,,0,,20000,,2,0,53,08/09/2022
956,09/08/2022,336000,584600,0,1,0,66,,0,,54111,,2,0,61,01/09/2022
957,02/03/2023,418000,946000,0,1,1,38,65,0,1,23546,48934,2,1,78,27/03/2023
958,05/05/2023,59000,110300,3,1,0,46,,1,,20000,,3,0,53,
959,08/03/2022,80000,101900,0,1,1,30,60,0,1,12268,7732,2,0,195,02/05/2022
960,11/03/2022,143000,259500,0,2,1,64,46,1,0,11014,10174,2,0,79,
961,27/08/2024,188000,334000,0,1,0,54,,0,,32772,,2,0,79,
962,08/08/2022,53000,81800,,1,0,55,,1,,20000,,2,0,214,08/09/2022
963,11/08/2022,92000,176200,0,2,1,42,34,1,0,15534,4466,2,0,0,
964,27/02/2023,133000,293600,3,2,0,43,,1,,22415,,2,0,95,
965,08/04/2023,123000,204500,0,1,0,41,,0,,20000,,1,1,8,
966,04/04/2023,171000,498000,0,2,0,41,,0,,45987,,2,0,47,
967,02/09/2023,57000,211400,3,1,0,47,,0,,20000,,1,0,,
968,29/09/2021,587000,648100,0,1,0,70,,1,,48683,,3,0,207,
969,15/06/2022,130000,226000,0,1,0,61,,1,,20000,,2,2,54,08/07/2022
970,14/08/2022,140000,207000,3,1,1,40,47,0,1,9466,11413,0,0,17,
971,30/12/2023,139000,202300,0,1,1,63,50,1,0,10359,9641,1,0,73,
972,17/03/2022,108000,169400,3,1,1,46,39,0,1,8518,11482,3,0,73,
973,14/11/2023,224000,454300,0,1,1,37,58,0,1,29407,34561,3,0,15,
974,13/12/2023,60000,99000,0,2,1,72,52,0,1,6992,13008,2,,5,
975,15/05/2023,371000,501800,0,1,1,26,75,1,0,13525,16782,3,2,86,
976,19/09/2022,97000,210500,,2,0,47,,1,,20000,,1,,,
977,05/04/2022,52000,159100,,2,1,45,28,1,0,9746,10254,2,0,13,05/04/2022
978,01/09/2024,111000,160700,3,1,1,40,41,0,1,14163,5837,2,0,82,
979,08/04/2024,54000,105100,0,,0,52,,1,,20000,,2,0,82,
980,09/12/2023,95000,194100,0,1,1,37,63,1,0,5338,14662,2,0,169,21/01/2024
981,10/08/2022,98000,255200,0,2,0,25,,1,,33598,,3,0,200,
982,24/12/2021,88000,208700,0,1,1,39,25,0,1,10405,9595,1,0,80,
983,06/09/2022,115000,249400,0,1,1,39,42,0,1,3385,16615,2,0,163,
984,25/07/2022,107000,206600,0,0,0,35,,0,,20000,,2,2,83,04/08/2022
985,08/10/2022,216000,264300,0,1,0,42,,0,,25681,,2,0,54,08/11/2022
986,14/08/2023,123000,178100,2,1,1,27,18,0,1,8177,11823,2,0,148,
987,13/08/2023,91000,159000,0,2,0,34,,1,,20000,,2,0,82,24/08/2023
988,12/02/2022,133000,268200,,1,1,66,43,0,1,19377,11634,3,0,70,01/03/2022
989,11/09/2022,63000,147500,0,1,1,42,41,1,0,7894,12106,2,1,85,
990,25/07/2022,162000,208800,0,2,1,47,75,1,0,8667,11333,1,1,28,
991,03/04/2022,308000,374000,,2,1,55,52,0,0,10913,19944,2,0,15,
992,09/04/2023,128000,202700,0,2,0,33,,0,,20000,,1,0,,
993,07/07/2022,137000,205400,0,1,1,38,33,1,0,15408,11607,0,1,263,07/09/2022
994,30/05/2024,150000,255800,0,1,0,48,,1,,20944,,2,0,83,21/06/2024
995,17/02/2024,107000,169500,0,1,1,35,59,0,1,14577,5423,,0,78,12/03/2024
996,09/11/2022,243000,517500,0,2,0,55,,1,,47275,,3,2,7,
997,20/09/2023,73000,175900,1,2,1,60,47,0,1,11310,17027,2,1,206,
998,15/08/2024,57000,211700,0,2,1,29,55,0,1,9330,10670,1,2,19,
999,10/12/2021,141000,255900,0,2,0,48,,0,,20577,,2,0,37,31/12/2021
1000,03/10/2021,324000,389000,0,1,0,37,,1,,42854,,2,0,84,
1001,18/10/2023,114000,277800,0,2,0,35,,0,,25482,,2,0,8,
1002,02/06/2022,354000,670400,0,1,0,48,,0,,49779,,2,0,33,
1003,05/03/2024,129000,160300,0,1,0,44,,1,,20000,,2,,81,
1004,26/07/2023,69000,213200,0,1,1,28,45,0,1,9862,12198,1,0,220,22/08/2023
1005,08/09/2023,101000,242900,0,1,1,34,54,1,0,7690,19138,3,0,56,
1006,05/02/2023,187000,221300,0,1,0,61,,1,,20092,,2,1,71,
1007,16/07/2024,145000,208400,0,2,1,49,60,0,1,13843,6157,2,,204,
1008,04/07/2024,480000,834800,2,2,0,55,,1,,83113,,2,1,73,
1009,14/09/2021,69000,102000,0,1,0,60,,0,,20000,,2,0,230,
1010,03/12/2023,125000,209600,,1,0,45,,0,,20000,,1,1,183,
1011,06/11/2023,174000,315000,0,2,0,65,,1,,40073,,2,0,10,
1012,14/08/2024,71000,116600,0,1,0,31,,1,,20000,,2,0,36,
1013,13/08/2023,72000,224900,0,1,1,44,29,0,1,4028,16494,3,0,86,
1014,17/06/2022,85000,210500,0,1,1,47,44,1,0,13976,6024,1,2,,
1015,07/01/2022,194000,293500,0,1,0,32,,0,,25671,,2,2,7,11/02/2022
1016,26/02/2022,128000,167900,0,1,0,60,,0,,20000,,,0,201,
1017,08/09/2022,86000,160000,0,,0,37,,1,,20000,,2,0,63,
1018,15/06/2023,182000,352700,0,2,1,30,38,1,0,14841,15495,2,0,83,
1019,18/02/2023,47000,203300,0,0,1,49,31,0,1,12882,8163,1,2,1,
1020,23/02/2023,137000,450500,0,1,0,29,,1,,33689,,2,0,91,
1021,19/03/2023,137000,241200,0,1,1,73,60,0,1,8743,13459,3,1,5,21/04/2023
1022,02/03/2024,55000,101200,0,1,1,40,50,1,1,9489,10511,2,0,210,
1023,16/04/2023,117000,178000,0,1,0,65,,0,,20406,,2,,6,13/05/2023
1024,01/09/2024,133000,256600,0,1,1,40,38,1,0,15505,10954,2,2,13,
1025,05/10/2023,134000,200400,0,0,1,34,70,0,1,14877,5123,2,0,,02/11/2023
1026,24/07/2024,145000,326700,,2,1,56,36,1,0,9628,21404,2,1,185,08/08/2024
1027,18/03/2024,50000,207300,0,1,1,45,46,0,1,9401,13361,,1,196,
1028,18/04/2023,267000,549700,0,1,1,22,27,0,1,32599,12719,3,2,205,
1029,14/12/2021,115000,199800,0,1,0,60,,0,,20000,,0,0,69,
1030,12/08/2024,73000,145700,2,1,0,39,,0,,20000,,2,0,84,
1031,13/02/2022,95000,273800,,1,0,75,,0,,23916,,2,1,210,
1032,01/09/2024,205000,392900,0,1,1,30,29,1,0,22026,12760,2,1,241,
1033,29/08/2022,206000,273400,0,2,1,70,57,1,0,14666,7563,3,0,65,
1034,11/05/2023,63000,149500,,1,0,43,,0,,20000,,2,0,81,
1035,30/09/2023,106000,152200,0,2,1,31,61,0,1,18491,5790,2,0,58,
1036,23/02/2024,439000,676700,0,0,0,61,,0,,50437,,2,0,8,23/03/2024
1037,30/05/2024,79000,130600,0,,1,47,75,0,1,14185,5815,2,0,92,08/06/2024
1038,05/07/2023,265000,314600,0,1,1,23,42,1,0,21806,10597,,2,216,
1039,28/06/2022,80000,140200,0,0,1,53,18,0,0,16468,3532,2,2,204,
1040,03/07/2023,85000,145500,0,2,0,28,,0,,20000,,2,2,78,
1041,11/08/2022,129000,191100,0,2,0,50,,0,,20000,,3,1,188,15/09/2022
1042,03/09/2023,113000,149800,0,2,1,55,71,1,1,12300,7700,,0,10,03/10/2023
1043,14/03/2022,180000,342100,2,2,1,25,69,0,1,5771,25560,3,0,72,
1044,15/03/2022,145000,354200,0,1,1,61,27,0,1,10223,24333,2,2,9,
1045,03/06/2023,148000,304500,0,1,0,48,,0,,20000,,2,1,249,20/07/2023
1046,12/08/2023,131000,178100,0,1,0,37,,0,,20000,,2,0,71,22/09/2023
1047,16/02/2022,142000,202500,0,2,0,51,,0,,20000,,1,0,91,
1048,15/08/2024,61000,88200,0,1,0,35,,1,,20000,,3,0,75,
1049,15/08/2023,157000,256700,0,1,0,43,,0,,27638,,2,0,81,
1050,16/08/2022,318000,682400,3,2,0,37,,0,,69278,,,2,216,04/10/2022
1051,05/10/2022,236000,347000,0,2,1,36,38,0,1,9578,27806,2,0,52,16/10/2022
1052,25/09/2021,98000,166300,0,1,1,72,58,1,0,12153,7847,3,0,181,
1053,07/01/2023,310000,425800,0,2,1,63,55,1,0,21277,20456,3,0,49,
1054,07/03/2023,155000,204700,,1,0,25,,0,,20000,,1,0,17,
1055,08/07/2023,125000,195100,3,2,1,47,49,0,1,4972,15028,0,0,53,
1056,08/11/2022,147000,211500,3,1,0,18,,1,,20000,,1,,12,
1057,17/03/2022,142000,199900,0,0,1,46,75,0,1,13700,6300,1,0,66,
1058,08/03/2024,72000,109600,0,1,1,20,44,1,0,6567,13433,2,0,6,
1059,10/10/2021,257000,400600,0,2,1,70,56,1,0,14234,23140,2,,83,
1060,07/01/2022,152000,193300,0,2,1,57,29,1,0,6215,13785,0,0,,
1061,27/05/2022,63000,94600,0,2,0,40,,0,,20000,,2,,79,
1062,21/08/2024,255000,414300,0,1,1,26,49,0,1,23786,20467,2,0,89,
1063,08/07/2023,151000,500200,0,1,1,32,42,0,1,30426,17237,3,0,83,
1064,15/06/2024,319000,494800,0,0,1,20,52,0,1,11894,28212,3,1,213,
1065,19/08/2022,257000,369100,0,1,1,52,75,0,0,20159,10491,3,1,87,30/09/2022
1066,21/10/2021,194000,451400,3,1,1,75,63,1,0,10804,30057,3,0,15,
1067,25/01/2023,130000,210600,0,1,1,30,43,1,0,12016,7984,,0,51,11/02/2023
1068,19/01/2022,108000,193500,0,1,0,33,,1,,20000,,3,,166,
1069,11/08/2022,42000,95200,0,1,1,36,53,0,1,10575,9425,2,1,71,
1070,01/06/2022,167000,230000,0,1,1,33,39,0,1,9373,10627,2,0,86,01/07/2022
1071,08/02/2022,120000,184800,2,1,0,40,,1,,20000,,3,0,88,
1072,20/04/2023,60000,218000,0,2,0,43,,0,,20488,,2,0,181,02/05/2023
1073,20/02/2023,351000,392900,0,1,0,31,,0,,38003,,2,2,15,
1074,18/02/2022,292000,454500,0,0,1,54,56,1,1,9091,37434,2,1,187,
1075,11/03/2022,347000,572200,0,2,0,44,,0,,51183,,2,0,66,31/03/2022
1076,02/08/2024,112000,208100,0,2,1,42,69,0,1,12908,7092,1,0,89,
1077,21/08/2024,189000,295500,,1,1,46,40,1,0,15352,9784,2,0,237,
1078,12/04/2024,56000,80100,0,1,0,33,,1,,20000,,2,0,81,
1079,04/09/2021,155000,208700,0,0,0,38,,0,,20000,,1,2,191,
1080,21/04/2022,291000,484300,0,2,1,40,35,1,1,19258,38233,2,1,88,
1081,04/06/2024,288000,380700,0,1,0,35,,0,,32946,,,0,3,15/07/2024
1082,17/02/2022,785000,1131800,,1,0,50,,1,,106498,,3,0,,05/03/2022
1083,10/08/2024,71000,132300,0,0,1,50,38,1,1,4854,15146,2,0,33,
1084,01/04/2024,23000,75700,0,1,1,57,32,0,1,13058,6942,2,0,19,
1085,17/07/2022,146000,287900,0,1,0,57,,1,,23139,,3,0,234,
1086,01/11/2021,169000,274900,0,1,1,60,55,1,0,14602,6193,2,0,14,
1087,18/03/2024,429000,600400,0,1,0,28,,1,,52307,,2,1,5,
1088,20/01/2023,224000,387100,,1,1,44,30,0,1,16619,21900,3,0,10,
1089,14/08/2024,88000,121300,0,1,1,26,39,1,1,13410,6590,2,0,211,
1090,14/02/2024,157000,231000,0,2,1,41,49,0,1,9067,17715,2,,70,
1091,29/05/2022,222000,370500,0,1,1,57,33,0,1,11058,21708,3,0,80,
1092,30/09/2022,112000,219600,0,1,1,42,51,0,1,10273,9797,2,1,95,
1093,26/02/2024,105000,146900,0,1,0,18,,0,,20000,,3,0,234,
1094,26/10/2023,44000,68500,1,1,0,52,,0,,20000,,2,2,,
1095,18/08/2024,116000,180600,0,0,0,65,,1,,20000,,3,,6,
1096,22/03/2023,249000,337200,0,1,0,38,,0,,27058,,2,2,75,14/04/2023
1097,20/03/2022,119000,209200,,,1,56,32,0,1,14224,5776,1,0,75,02/04/2022
1098,02/12/2021,66000,88600,0,2,1,30,43,1,0,11520,8480,2,0,72,30/12/2021
1099,07/10/2021,157000,373700,0,2,0,30,,0,,33885,,,0,62,20/10/2021
1100,23/03/2023,426000,513900,0,1,0,72,,1,,37032,,2,1,74,
1101,13/03/2024,257000,429600,,1,0,42,,0,,36105,,3,0,173,
1102,28/02/2024,123000,210300,,1,0,62,,0,,20000,,1,0,37,
1103,07/04/2024,48000,131200,0,1,1,57,73,0,1,4156,15844,2,0,171,
1104,12/03/2024,311000,567300,0,2,1,46,42,0,1,18065,28346,2,0,9,
1105,27/07/2023,702000,920000,0,1,1,37,58,1,0,37959,37244,2,,14,
1106,19/04/2023,682000,974600,1,1,0,33,,1,,111814,,3,0,15,
1107,08/12/2021,382000,497400,0,1,0,46,,1,,40368,,2,0,80,
1108,08/12/2022,88000,172400,0,1,0,46,,0,,20000,,2,0,20,
1109,11/03/2023,378000,713400,0,2,1,63,18,1,0,28913,47223,2,0,87,
1110,20/01/2023,25000,55700,0,2,1,32,36,0,0,9454,10546,2,0,12,
1111,31/08/2022,180000,212800,1,1,1,72,54,1,0,11759,9989,1,0,18,
1112,28/06/2023,197000,326500,0,1,0,55,,0,,31630,,3,2,74,
1113,26/10/2023,637000,1087900,0,2,1,31,29,1,0,30951,77268,3,2,77,
1114,02/05/2023,107000,185800,0,1,1,46,56,0,1,13530,6470,2,0,210,
1115,26/03/2023,355000,790800,,1,0,34,,1,,61286,,2,0,63,
1116,11/09/2021,812000,1083300,0,,0,59,,1,,90941,,3,0,75,
1117,05/02/2022,256000,441500,0,1,0,62,,1,,32850,,3,0,188,
1118,28/08/2024,176000,287200,0,2,0,18,,1,,32759,,2,0,86,
1119,10/08/2024,120000,196000,3,0,1,56,53,1,0,3976,16024,0,0,242,
1120,23/01/2023,59000,130000,,1,1,54,42,0,1,7889,12111,3,0,6,
1121,21/08/2023,78000,207600,0,1,1,50,60,1,0,17015,4983,2,0,57,
1122,17/07/2024,124000,212100,0,0,0,52,,1,,23306,,,2,80,
1123,25/08/2022,311000,402200,0,2,1,24,60,1,0,15496,25877,3,1,50,
1124,26/06/2023,164000,234000,0,1,0,49,,1,,21584,,3,0,182,
1125,04/04/2022,194000,258000,0,1,1,43,46,1,0,5297,17138,3,0,164,
1126,30/11/2022,128000,193800,0,2,1,56,43,0,0,12016,7984,2,1,140,31/12/2022
1127,12/04/2023,63000,91900,0,1,1,48,60,0,1,9659,10341,2,0,54,
1128,25/09/2022,133000,206700,0,2,0,54,,1,,20000,,1,1,6,
1129,24/04/2022,236000,424200,0,2,1,28,35,1,0,15580,17777,2,0,74,19/05/2022
1130,04/05/2023,91000,184300,0,1,1,19,59,0,1,8591,11409,3,0,65,
1131,18/08/2024,130000,212400,0,1,0,18,,1,,20000,,2,0,51,
1132,29/04/2023,135000,200100,0,2,0,32,,0,,21648,,0,0,41,
1133,10/04/2022,94000,110000,0,,0,47,,1,,20000,,,0,88,24/05/2022
1134,06/09/2022,197000,331100,0,1,1,30,73,1,0,12583,18326,2,0,7,
1135,17/11/2022,157000,222700,0,2,1,36,57,1,0,7299,12701,2,0,47,23/12/2022
1136,02/06/2022,155000,297700,0,1,1,37,57,1,0,11921,12000,3,0,89,
1137,01/08/2023,97000,211700,0,2,0,35,,1,,20000,,1,0,83,
1138,19/10/2022,104000,200300,0,0,1,73,52,1,0,16789,3211,2,0,82,12/11/2022
1139,01/03/2024,85000,105000,0,1,0,40,,1,,20000,,2,0,34,
1140,10/08/2024,42000,89600,0,0,1,30,49,0,1,13913,6087,2,,17,
1141,16/03/2022,39000,56500,0,1,1,38,36,0,1,10133,9867,2,1,53,08/04/2022
1142,31/10/2021,187000,328100,0,1,1,42,37,0,1,5919,26151,3,2,76,14/12/2021
1143,21/02/2022,96000,154500,0,2,0,61,,1,,20000,,2,0,57,
1144,30/05/2023,42000,54300,0,1,0,62,,1,,20000,,2,0,74,
1145,19/11/2021,38000,49500,0,1,0,64,,1,,20000,,2,2,57,
1146,16/08/2023,182000,242800,3,1,0,70,,0,,28473,,2,,54,09/10/2023
1147,22/05/2022,169000,200000,0,1,1,42,51,0,0,2212,18084,0,0,51,
1148,13/10/2021,123000,253400,0,1,1,47,45,1,0,14821,6802,3,0,61,
1149,09/09/2023,304000,848100,0,1,1,36,37,0,1,69981,19731,2,1,33,
1150,15/03/2023,350000,471600,0,1,0,35,,1,,45256,,3,0,83,05/04/2023
1151,24/02/2022,257000,384800,0,1,0,63,,1,,31973,,2,2,15,
1152,16/04/2024,47000,136000,0,2,0,39,,1,,20000,,3,0,73,
1153,12/08/2024,73000,201700,0,0,1,40,31,1,0,5438,18070,1,0,173,
1154,01/07/2022,130000,200000,2,2,1,65,40,0,1,9215,10936,0,1,88,01/08/2022
1155,07/08/2023,73000,199300,0,,0,48,,0,,21726,,0,2,50,
1156,26/03/2024,139000,192200,0,1,1,51,25,0,1,12282,8801,2,0,,
1157,24/05/2023,117000,210600,0,1,0,31,,1,,20000,,1,0,186,
1158,19/06/2022,174000,233200,0,0,0,44,,1,,21475,,3,0,167,
1159,26/10/2022,307000,411400,0,1,1,33,71,0,1,21223,15577,2,0,60,
1160,30/08/2022,102000,197700,0,1,1,41,37,1,1,15998,5650,0,1,85,23/09/2022
1161,04/05/2023,103000,189400,0,2,0,27,,0,,20000,,2,0,225,09/06/2023
1162,02/06/2022,74000,250000,0,1,0,38,,1,,25407,,2,0,33,
1163,04/04/2024,133000,218800,0,2,1,61,57,1,0,11600,8400,,0,8,10/05/2024
1164,03/04/2022,53000,152700,0,2,0,26,,1,,20000,,2,2,56,08/04/2022
1165,05/05/2024,261000,435600,0,0,0,66,,0,,38815,,2,0,14,02/06/2024
1166,14/05/2024,323000,447700,0,2,1,72,33,1,0,24564,16397,3,2,204,
1167,09/05/2023,13000,41200,0,0,0,37,,1,,20000,,,2,5,
1168,02/07/2023,175000,289100,3,1,0,71,,0,,26587,,3,0,51,22/07/2023
1169,30/08/2024,117000,379200,0,2,0,60,,0,,34461,,,0,57,
1170,17/08/2024,123000,228500,0,0,0,52,,0,,25801,,2,,224,
1171,03/05/2023,275000,497900,1,1,0,53,,1,,70724,,3,0,,
1172,11/04/2023,175000,235800,2,1,1,40,62,0,1,12154,10628,3,0,88,
1173,07/10/2021,88000,155200,0,2,1,57,54,0,1,3771,16229,2,0,88,
1174,29/09/2021,141000,209300,0,,0,59,,0,,21511,,1,0,57,
1175,10/08/2022,199000,284300,0,1,0,64,,1,,28224,,2,1,15,
1176,24/11/2021,73000,205000,0,1,0,60,,1,,20000,,2,,78,
1177,13/12/2023,183000,280000,0,1,0,36,,0,,34298,,2,0,26,
1178,19/04/2023,130000,216300,0,2,0,48,,0,,20000,,3,0,33,08/05/2023
1179,22/08/2023,148000,206600,0,,1,50,75,0,1,14770,5230,1,1,54,
1180,24/09/2021,178000,246900,0,2,0,51,,1,,20000,,2,1,52,30/10/2021
1181,12/03/2022,112000,201400,0,2,1,42,23,1,0,14142,5858,0,1,79,
1182,26/04/2024,157000,202200,3,1,0,61,,0,,20000,,0,2,73,
1183,14/02/2022,207000,273400,0,2,0,23,,0,,20000,,2,0,60,
1184,02/06/2022,277000,329300,0,1,0,50,,0,,30545,,2,0,227,
1185,10/09/2022,124000,223900,0,1,0,52,,0,,20000,,2,0,18,
1186,24/10/2022,159000,234900,0,2,0,54,,0,,29215,,3,0,80,
1187,16/12/2021,64000,146100,3,2,0,22,,0,,20000,,2,0,54,26/12/2021
1188,11/08/2023,70000,102300,0,1,0,32,,0,,20000,,3,0,89,
1189,16/06/2024,159000,290100,0,1,0,57,,1,,44597,,2,2,217,
1190,21/10/2021,138000,196900,0,1,0,28,,0,,20000,,0,0,168,
1191,26/08/2024,216000,387100,0,1,1,41,57,1,0,20701,9387,2,0,88,
1192,21/12/2021,180000,374600,0,1,0,50,,0,,40159,,3,0,57,
1193,28/08/2022,64000,74400,0,1,0,29,,1,,20000,,2,0,76,
1194,20/02/2024,119000,221300,0,2,0,38,,1,,20382,,,1,83,
1195,27/09/2023,118000,204900,0,1,0,44,,1,,20000,,1,1,,
1196,12/03/2022,46000,63900,0,2,1,19,50,1,0,6907,13093,2,0,14,20/04/2022
1197,30/08/2022,404000,588600,2,1,1,55,52,1,0,25548,15820,,0,60,
1198,13/06/2024,115000,214500,0,0,1,49,43,1,0,15148,4852,2,0,210,
1199,20/11/2023,141000,191200,0,2,0,58,,0,,20000,,3,0,35,
1200,07/08/2022,392000,522300,0,1,1,47,49,1,0,22704,15124,3,2,89,15/09/2022
1201,09/09/2022,231000,334100,0,2,0,58,,1,,39686,,2,,,27/09/2022
1202,21/03/2024,250000,444400,0,2,0,46,,0,,49624,,2,0,,
1203,12/04/2024,69000,148700,2,1,0,20,,1,,20000,,2,0,76,05/05/2024
1204,07/08/2023,520000,768800,2,1,1,29,44,0,1,34587,35343,3,0,71,
1205,02/08/2022,83000,197400,2,2,1,32,31,1,0,7163,12837,0,2,80,
1206,15/08/2023,126000,206700,,1,0,52,,0,,22086,,1,0,146,
1207,19/08/2023,68000,128500,0,1,0,70,,1,,20000,,2,0,84,
1208,05/03/2024,333000,435000,0,1,0,30,,1,,38587,,3,2,56,
1209,27/08/2023,106000,174900,0,2,1,18,39,0,1,10118,9882,2,,,
1210,12/09/2022,94000,192800,0,1,1,42,43,0,1,3591,16409,2,1,179,29/10/2022
1211,04/07/2024,27000,36700,0,1,0,27,,0,,20000,,2,,2,24/07/2024
1212,29/03/2022,305000,386000,0,1,0,23,,0,,35438,,2,1,229,
1213,23/08/2024,81000,205800,0,2,0,52,,1,,20000,,,1,162,
1214,19/03/2023,101000,156000,0,1,1,27,29,1,1,10066,9934,2,0,14,
1215,07/03/2024,29000,76400,2,1,0,69,,1,,20000,,,2,211,09/04/2024
1216,17/02/2024,124000,193200,2,2,1,60,59,0,1,11049,8951,0,0,19,12/03/2024
1217,17/08/2023,122000,302300,0,1,0,68,,0,,23114,,3,0,57,16/09/2023
1218,07/02/2023,103000,135900,,1,0,43,,0,,20000,,2,0,15,
1219,28/09/2023,135000,222600,3,2,1,39,54,1,0,14640,8486,2,0,195,
1220,09/03/2023,181000,287100,0,1,0,52,,0,,26384,,3,2,81,09/03/2023
1221,01/01/2022,44000,96000,,0,0,62,,1,,20000,,,0,53,
1222,01/05/2024,73000,187500,0,1,1,66,31,0,1,10318,9682,3,1,81,
1223,12/08/2024,241000,346800,0,1,1,51,25,0,1,11838,22338,2,0,74,
1224,30/05/2024,78000,140200,2,1,0,28,,0,,20000,,2,0,47,17/06/2024
1225,03/06/2024,225000,439900,0,1,1,18,22,0,1,15241,23607,3,0,173,
1226,10/02/2024,76000,101700,0,1,0,35,,1,,20000,,2,1,60,19/03/2024
1227,07/08/2024,163000,214900,0,1,0,58,,0,,26974,,2,2,190,
1228,08/03/2024,143000,245000,0,1,1,26,50,1,0,10503,9497,2,0,210,
1229,24/08/2024,85000,178600,0,1,0,55,,0,,20000,,2,0,85,
1230,09/03/2024,43000,102600,2,1,0,53,,0,,20000,,2,1,228,19/04/2024
1231,25/02/2022,45000,108100,0,1,0,18,,1,,20000,,2,1,83,
1232,22/11/2022,41000,58000,0,2,1,29,65,1,0,9301,10699,2,0,37,
1233,13/12/2022,452000,525500,0,1,1,52,35,0,0,19221,33840,3,0,35,
1234,04/02/2022,141000,348700,0,1,0,30,,1,,32193,,2,0,53,
1235,17/02/2023,546000,719500,0,2,1,35,45,1,0,35497,23351,2,0,13,26/03/2023
1236,19/03/2023,87000,142100,0,1,0,30,,0,,20000,,3,0,14,
1237,30/12/2022,37000,65900,0,0,1,56,30,0,1,10858,9142,2,0,61,
1238,01/11/2021,36000,59500,0,1,1,48,64,0,1,10039,9961,2,0,3,06/11/2021
1239,08/03/2023,92000,193500,0,,0,36,,0,,22647,,2,2,170,30/03/2023
1240,12/04/2023,121000,313500,0,1,0,35,,0,,27600,,3,0,236,
1241,17/03/2022,145000,176500,0,1,0,18,,1,,20000,,3,0,90,08/05/2022
1242,03/09/2022,56000,101400,0,0,1,53,51,1,0,9821,10179,2,0,227,
1243,08/04/2022,152000,283000,2,2,1,51,26,1,0,11256,16475,2,1,76,
1244,17/07/2024,48000,146800,0,2,1,52,60,1,0,11530,8470,2,0,6,
1245,12/03/2022,211000,308600,0,2,1,18,49,0,0,15982,7045,3,2,204,
1246,03/10/2023,78000,224900,2,1,0,35,,0,,20000,,3,0,52,03/10/2023
1247,23/03/2022,136000,215600,0,1,0,23,,1,,24510,,2,0,10,29/03/2022
1248,14/02/2023,186000,328700,2,1,1,55,59,1,0,9908,15310,2,0,180,
1249,23/03/2023,146000,206700,2,1,0,38,,1,,20000,,1,0,12,
1250,09/09/2021,138000,207600,0,1,1,42,58,0,1,11702,8298,1,0,60,
1251,14/05/2022,56000,130000,0,2,1,51,34,1,0,7355,12645,2,1,78,
1252,10/08/2024,141000,208700,0,,0,41,,0,,22500,,2,0,80,
1253,13/02/2022,241000,347100,1,2,0,61,,1,,22414,,2,0,86,
1254,10/08/2024,226000,275700,0,1,1,41,42,1,0,15534,9267,3,0,221,
1255,23/11/2023,200000,348900,0,1,0,48,,0,,28968,,2,0,209,
1256,08/05/2022,155000,208700,0,2,0,60,,1,,20000,,3,0,55,
1257,28/05/2024,70000,113600,0,,1,58,57,0,1,5102,14898,2,0,5,
1258,21/06/2024,123000,177700,0,2,0,32,,0,,20000,,,0,165,
1259,10/01/2024,216000,489900,0,1,1,31,49,1,1,21626,22258,3,1,238,
1260,27/10/2021,730000,1121500,0,1,0,52,,1,,99226,,3,0,39,
1261,21/10/2022,335000,531900,0,1,0,47,,1,,40340,,2,2,86,01/11/2022
1262,13/10/2022,183000,295600,0,1,1,28,49,1,0,9957,10043,3,0,86,18/11/2022
1263,27/11/2022,133000,178000,0,1,1,21,66,1,0,12804,7196,2,2,247,
1264,11/02/2023,130000,195100,0,2,0,38,,1,,20000,,2,0,4,
1265,17/11/2021,272000,371200,2,2,0,38,,0,,31112,,2,1,89,08/01/2022
1266,02/07/2022,172000,265800,0,2,1,30,53,1,0,19219,7241,2,1,57,
1267,11/10/2021,126000,173200,0,1,1,42,43,1,0,7020,12980,3,0,82,09/11/2021
1268,11/08/2023,209000,334800,0,1,0,19,,1,,24479,,2,0,62,14/09/2023
1269,20/03/2024,203000,320300,0,0,0,53,,1,,25826,,2,,18,
1270,20/04/2022,57000,92800,0,1,0,37,,1,,20000,,2,1,6,
1271,11/11/2021,69000,141400,0,2,0,70,,0,,20000,,2,0,56,12/11/2021
1272,16/04/2023,56000,109300,,2,1,71,53,1,0,6419,13581,2,1,93,
1273,09/03/2024,34000,60100,0,1,0,49,,1,,20000,,2,0,82,
1274,29/03/2024,67000,117400,1,2,0,44,,1,,20000,,2,1,65,
1275,22/10/2023,211000,285000,0,1,1,32,52,0,1,11569,26916,2,1,7,
1276,12/11/2022,99000,214100,0,1,1,45,45,0,1,10891,9109,,0,10,
1277,03/09/2023,198000,260900,0,0,1,45,38,1,0,19206,8510,2,1,10,
1278,28/08/2024,135000,206600,0,1,1,58,57,0,1,12083,8051,1,0,17,
1279,29/08/2024,92000,202100,0,,0,29,,0,,20000,,0,0,176,
1280,27/02/2023,126000,214000,0,1,1,34,39,0,0,11564,14636,3,0,,
1281,13/10/2023,149000,197100,0,1,1,45,24,1,0,10738,9262,0,1,67,
1282,15/02/2022,165000,600400,0,1,1,39,41,1,0,9338,35106,3,2,196,
1283,02/02/2023,377000,532400,,1,1,55,43,1,0,9421,36271,3,1,70,
1284,02/04/2024,116000,160900,0,1,1,34,25,0,0,9790,10210,2,0,37,
1285,09/08/2023,75000,145600,0,1,1,32,44,0,1,9668,10332,2,0,211,
1286,07/09/2021,29000,55100,0,1,0,62,,1,,20000,,2,0,74,
1287,19/08/2023,66000,115900,0,1,1,26,65,0,1,9692,10308,2,,85,23/09/2023
1288,14/01/2022,171000,237600,0,2,1,39,58,0,1,6817,14921,2,0,144,
1289,27/09/2022,170000,251400,0,2,0,40,,1,,20000,,2,0,241,
1290,03/02/2024,99000,207600,0,,0,29,,0,,20000,,1,2,265,
1291,22/02/2023,69000,92500,0,1,1,26,55,1,0,13225,6775,2,0,1,10/03/2023
1292,25/01/2022,282000,464100,0,0,1,39,48,1,0,16328,27012,2,2,49,
1293,21/08/2023,287000,593900,0,2,0,60,,1,,50629,,2,0,74,10/09/2023
1294,17/08/2022,58000,95200,0,2,0,18,,1,,20000,,2,1,,04/09/2022
1295,17/12/2022,377000,723500,0,1,0,39,,0,,77699,,2,1,214,
1296,07/02/2023,221000,478400,0,1,0,48,,0,,37065,,3,0,48,
1297,23/08/2022,71000,142000,0,1,0,44,,1,,20000,,2,0,7,
1298,18/02/2022,163000,200400,0,1,0,67,,0,,24390,,1,0,8,
1299,21/07/2024,27000,121100,,2,0,38,,1,,20000,,2,0,248,
1300,19/04/2024,178000,194200,0,1,1,33,42,1,0,7684,12316,0,1,87,
1301,21/12/2022,38000,79100,0,1,1,75,39,1,0,9529,10471,2,,52,
1302,08/05/2024,116000,185400,0,1,1,63,53,0,0,7280,12720,2,,10,
1303,04/08/2024,45000,66300,0,0,0,42,,0,,20000,,2,0,70,
1304,04/02/2022,279000,360400,0,2,1,49,46,1,0,19576,17651,3,2,57,07/03/2022
1305,26/03/2022,75000,123400,0,1,0,25,,0,,20000,,,0,,
1306,03/05/2023,131000,197900,0,1,0,44,,1,,20000,,0,0,37,
1307,19/10/2023,164000,235400,0,1,1,52,38,1,0,11291,8709,3,0,15,14/11/2023
1308,01/09/2023,98000,186500,1,2,0,57,,1,,20000,,0,1,64,22/09/2023
1309,28/08/2023,123000,258900,0,1,1,24,68,1,0,4387,21175,2,1,165,
1310,20/03/2022,385000,602700,0,2,0,49,,0,,48120,,3,1,,
1311,30/06/2023,126000,201900,0,1,1,23,34,0,1,11045,8955,2,0,90,
1312,02/02/2023,48000,88600,1,1,0,42,,1,,20000,,2,1,196,02/03/2023
1313,03/10/2023,217000,362800,0,1,0,74,,1,,42227,,2,1,74,
1314,22/08/2023,738000,1242100,0,1,1,66,26,0,1,22541,72463,2,0,5,
1315,13/04/2024,122000,152000,0,1,0,41,,0,,20000,,2,0,72,
1316,18/02/2024,113000,248400,,1,0,52,,0,,20000,,3,1,77,
1317,03/11/2023,46000,72000,0,1,0,61,,1,,20000,,2,0,85,
1318,27/06/2022,138000,212400,0,2,0,57,,1,,24069,,1,0,177,
1319,05/03/2024,139000,218300,0,2,0,51,,0,,21429,,3,0,14,
1320,26/02/2024,411000,597000,0,,1,52,58,1,0,46139,12485,3,0,80,
1321,28/07/2024,581000,1179100,0,1,0,62,,1,,107952,,3,0,205,
1322,19/07/2024,165000,198800,0,2,1,55,25,1,0,11102,8898,0,0,23,
1323,16/07/2023,216000,346200,0,1,0,61,,0,,31195,,3,1,8,
1324,29/05/2024,77000,118800,,1,1,28,47,1,0,10249,9751,2,0,178,
1325,05/12/2021,160000,257700,0,1,0,42,,1,,24819,,3,0,72,
1326,23/06/2024,367000,903800,1,1,0,39,,1,,51478,,3,2,3,
1327,13/06/2023,109000,197600,0,1,1,32,50,0,1,10140,9860,2,0,209,
1328,17/08/2024,114000,231200,,0,0,42,,0,,20000,,3,0,71,
1329,08/07/2022,89000,139300,0,1,0,56,,0,,20000,,2,,81,
1330,20/06/2023,229000,499600,0,0,0,18,,0,,61145,,3,0,92,
1331,04/09/2022,515000,615600,0,2,1,57,54,1,0,31722,31655,,0,86,12/10/2022
1332,13/08/2024,164000,196500,,2,1,45,28,1,0,9393,10607,,0,13,
1333,14/03/2023,297000,435200,0,2,0,41,,0,,38934,,3,2,146,
1334,24/04/2024,455000,602600,0,1,0,48,,0,,53359,,2,0,5,17/05/2024
1335,04/02/2022,108000,158800,0,1,1,58,23,0,1,10399,9601,2,1,71,01/03/2022
1336,10/04/2022,80000,160300,0,1,0,59,,0,,20000,,2,1,185,
1337,03/05/2022,267000,387800,0,1,1,31,45,1,0,26635,14523,2,1,84,06/06/2022
1338,05/10/2023,55000,78500,0,1,0,32,,1,,20000,,2,0,33,14/10/2023
1339,13/12/2021,134000,236000,,1,1,39,20,0,0,9593,16762,2,0,225,
1340,23/01/2022,104000,162200,1,2,0,45,,1,,22587,,2,0,6,19/02/2022
1341,04/09/2021,147000,293300,0,1,0,19,,0,,22318,,2,1,16,22/09/2021
1342,11/04/2022,369000,590800,0,1,0,18,,0,,45597,,2,1,78,
1343,29/06/2023,64000,130000,0,0,0,52,,1,,20000,,2,2,12,
1344,15/10/2021,138000,213300,0,0,1,24,39,1,0,9550,10450,1,0,77,
1345,23/05/2023,240000,291100,2,1,0,58,,1,,22750,,2,0,5,
1346,27/06/2023,46000,62100,0,2,1,45,46,0,1,10109,9891,2,,80,
1347,28/04/2024,53000,126100,0,1,1,36,41,0,1,10694,9562,2,2,211,
1348,15/10/2021,354000,608500,1,1,1,37,25,1,0,40908,18302,3,0,64,29/10/2021
1349,04/04/2022,94000,195400,,1,0,41,,1,,20000,,2,0,0,21/04/2022
1350,10/03/2023,89000,230600,0,2,0,33,,1,,20000,,3,0,243,04/04/2023
1351,12/11/2021,296000,361700,0,1,0,24,,1,,26511,,2,2,240,
1352,05/05/2022,56000,104200,0,1,0,50,,1,,20000,,2,0,59,11/05/2022
1353,07/09/2022,156000,207800,0,2,0,54,,0,,25380,,1,,84,
1354,24/03/2024,60000,215400,0,2,0,50,,1,,20000,,2,2,12,
1355,25/11/2021,310000,445100,0,1,0,35,,1,,37628,,2,1,,
1356,13/10/2023,107000,202000,0,2,0,44,,0,,20000,,3,0,16,28/10/2023
1357,16/12/2023,52000,81000,0,1,0,62,,1,,20000,,,0,89,02/01/2024
1358,27/06/2022,146000,244900,0,1,1,63,42,1,0,12646,7354,3,0,17,
1359,30/04/2024,124000,175900,0,1,0,60,,0,,20000,,2,0,75,
1360,21/03/2023,222000,268100,0,2,1,39,43,1,0,7548,12953,3,0,60,
1361,06/09/2023,227000,372300,0,1,0,18,,0,,40577,,2,1,,
1362,22/05/2024,188000,307400,0,1,0,30,,1,,23726,,2,0,232,23/06/2024
1363,19/12/2021,114000,197100,2,1,0,28,,1,,20000,,2,2,,
1364,09/12/2022,392000,522000,0,1,1,30,58,0,1,19230,28175,2,2,14,17/01/2023
1365,29/02/2024,194000,420800,0,2,0,51,,0,,33129,,3,1,86,29/02/2024
1366,27/12/2021,271000,380000,0,1,1,40,30,1,0,14240,16845,2,0,61,
1367,24/05/2022,283000,526800,1,1,1,75,68,0,1,6591,41975,2,0,92,
1368,18/12/2021,76000,237700,0,1,1,18,53,0,1,14291,5709,3,0,221,24/12/2021
1369,30/03/2023,298000,552000,0,1,0,63,,1,,51369,,2,0,88,16/04/2023
1370,09/01/2023,98000,141200,0,2,0,43,,0,,20000,,2,0,84,
1371,03/10/2022,47000,114900,0,2,1,51,43,1,0,12076,7924,2,0,56,
1372,07/02/2023,148000,238700,0,2,1,28,49,0,1,15980,5839,2,2,,06/03/2023
1373,31/10/2021,394000,568900,0,1,1,30,51,0,1,22618,23209,2,0,218,
1374,29/06/2023,102000,203300,0,1,0,24,,0,,25877,,,0,78,07/07/2023
1375,04/08/2024,159000,220000,2,1,0,30,,1,,20000,,2,0,16,
1376,17/04/2022,66000,208900,0,1,0,65,,0,,20000,,2,0,11,13/04/2022
1377,21/08/2023,171000,353600,0,1,1,46,49,0,1,12062,15658,2,0,189,
1378,20/08/2024,139000,210000,0,1,0,18,,0,,20523,,1,0,85,
1379,24/02/2023,32000,56200,0,1,1,33,20,1,0,11593,8407,,1,196,
1380,28/06/2024,232000,366400,0,2,1,36,63,0,1,16444,16205,3,2,82,28/07/2024
1381,24/12/2023,93000,156400,0,1,0,47,,1,,20000,,2,1,,
1382,28/05/2022,109000,205500,0,1,1,56,37,0,1,10772,9228,1,0,5,
1383,10/09/2023,62000,146800,2,1,1,38,41,1,0,10444,9556,2,1,82,
1384,20/07/2023,468000,839400,0,1,0,20,,1,,83363,,2,0,14,
1385,12/01/2024,132000,176300,,,0,72,,1,,20000,,3,,13,13/02/2024
1386,10/10/2022,265000,368200,0,1,0,29,,0,,33194,,2,0,201,31/10/2022
1387,30/10/2023,1036000,1581400,,1,1,63,47,1,0,87926,50250,2,0,11,
1388,28/08/2023,333000,588200,1,1,1,47,37,0,0,38113,12390,2,2,251,
1389,21/02/2023,137000,200600,0,,0,55,,0,,20000,,2,0,185,
1390,22/10/2023,154000,276700,0,1,0,48,,1,,21691,,,0,15,04/11/2023
1391,25/01/2023,281000,433500,0,0,0,70,,1,,30764,,3,0,18,
1392,11/07/2024,159000,354300,0,2,1,47,66,1,0,9968,14333,2,2,76,22/08/2024
1393,15/07/2023,370000,460600,0,,0,18,,0,,41841,,2,0,,27/07/2023
1394,10/02/2024,128000,197400,0,1,0,27,,0,,20000,,0,,261,
1395,06/01/2024,122000,402200,0,1,0,62,,0,,36113,,2,0,32,
1396,20/01/2023,112000,226000,0,2,1,28,58,1,0,9475,10525,3,0,220,
1397,25/02/2022,94000,118000,0,1,1,46,71,1,0,12329,7671,2,1,255,
1398,20/08/2022,40000,62300,0,2,0,33,,0,,20000,,2,1,253,
1399,25/06/2024,253000,449700,0,1,0,39,,1,,48168,,2,0,8,
1400,10/09/2022,142000,204000,0,2,1,36,37,1,0,18915,6681,1,1,83,07/10/2022
1401,21/05/2023,162000,262400,2,1,0,41,,1,,22832,,2,2,197,
1402,10/04/2024,254000,507800,0,1,1,18,26,1,1,23945,16851,3,0,73,04/05/2024
1403,06/03/2024,59000,173700,1,0,0,35,,0,,20000,,2,0,12,
1404,28/08/2022,253000,358400,0,,1,44,34,0,1,27856,7631,2,0,85,19/09/2022
1405,03/02/2024,54000,101700,0,1,1,46,52,1,0,7445,12555,2,0,176,
1406,24/12/2022,173000,214900,0,2,0,30,,0,,21391,,1,0,30,
1407,18/06/2024,153000,287100,0,1,1,45,48,0,1,7392,16833,,2,9,02/08/2024
1408,25/11/2023,50000,113900,0,2,0,63,,1,,20000,,2,2,72,09/12/2023
1409,12/06/2024,850000,1423100,0,0,0,22,,1,,113226,,3,0,75,
1410,03/07/2023,99000,137900,3,1,0,61,,1,,20000,,2,0,20,25/07/2023
1411,02/03/2024,70000,113600,0,1,1,44,43,0,1,7913,12087,2,0,74,
1412,30/12/2022,85000,131900,0,1,1,38,51,0,1,11520,8480,2,1,29,17/01/2023
1413,31/07/2024,211000,295900,,2,1,37,60,1,0,7420,14407,2,2,90,
1414,05/09/2021,257000,351500,0,2,0,38,,0,,34902,,2,0,80,
1415,24/12/2023,149000,263200,0,1,0,48,,0,,24510,,2,1,79,
1416,01/12/2022,144000,230300,,2,0,44,,0,,24701,,,0,85,
1417,15/06/2024,33000,125100,1,1,0,55,,1,,20000,,2,0,225,
1418,04/09/2021,173000,238900,0,2,0,34,,0,,20000,,2,0,72,
1419,11/08/2023,525000,911100,0,,0,33,,1,,91802,,3,0,6,
1420,22/04/2024,72000,110200,0,1,0,56,,1,,20000,,3,0,55,28/05/2024
1421,12/05/2024,119000,153800,0,2,0,18,,1,,20000,,3,1,84,06/06/2024
1422,23/08/2022,343000,576500,0,1,1,50,34,0,1,16242,29472,3,0,14,
1423,05/09/2022,162000,280500,1,1,0,54,,1,,21184,,3,0,239,
1424,15/07/2022,461000,727000,0,1,0,67,,0,,74702,,2,2,76,
1425,17/07/2023,173000,582900,0,,0,63,,1,,47728,,3,0,8,
1426,21/07/2022,243000,502600,0,2,0,61,,1,,48757,,3,2,50,01/08/2022
1427,11/08/2024,155000,243000,0,1,1,53,75,0,1,4919,17932,2,2,59,
1428,10/04/2023,33000,52200,0,1,1,52,50,1,0,6776,13224,2,0,156,
1429,17/02/2022,209000,337000,0,2,0,26,,1,,37233,,2,0,254,18/03/2022
1430,15/06/2022,248000,440500,0,1,1,61,32,0,1,23418,23401,2,0,89,
1431,17/01/2024,144000,197600,0,1,1,58,57,0,1,13360,6640,1,1,5,
1432,26/08/2022,308000,546800,0,1,1,68,75,1,0,17106,28163,2,0,13,
1433,01/04/2022,391000,779900,0,1,1,21,20,1,0,44840,21479,3,0,57,
1434,10/02/2023,577000,673200,0,2,0,53,,0,,65787,,3,0,48,
1435,02/10/2023,63000,82700,0,2,0,37,,1,,20000,,,0,223,04/11/2023
1436,09/09/2021,138000,162300,0,1,0,50,,1,,20000,,2,0,170,
1437,13/07/2024,28000,64800,0,1,0,75,,1,,20000,,2,0,58,
1438,23/02/2024,121000,223900,0,1,0,29,,1,,32234,,2,0,7,
1439,30/03/2024,142000,164400,0,1,1,52,33,0,0,10098,9902,3,0,,23/04/2024
1440,14/08/2022,228000,334300,0,0,1,21,56,1,0,9306,24009,2,0,214,
1441,04/09/2021,162000,262200,0,1,1,58,46,0,1,6383,13617,2,0,191,
1442,07/02/2023,35000,94700,0,1,0,73,,1,,20000,,3,0,35,
1443,26/02/2023,153000,290700,0,1,1,58,39,0,1,6720,13280,2,2,55,03/04/2023
1444,11/04/2024,154000,285500,0,1,0,47,,0,,21943,,2,0,16,
1445,19/08/2024,107000,209900,0,2,0,65,,1,,20000,,2,0,15,
1446,22/10/2023,269000,427100,2,1,0,51,,1,,57763,,2,1,79,19/10/2023
1447,04/06/2024,301000,499100,3,1,0,39,,0,,51272,,3,0,34,
1448,01/11/2021,139000,183200,0,1,1,64,32,0,1,6732,13268,2,1,,
1449,28/06/2023,90000,99900,0,2,1,39,38,0,1,6559,13441,2,,71,
1450,27/07/2022,106000,199600,0,2,0,67,,1,,23442,,1,0,179,
1451,08/12/2022,163000,264600,0,0,1,52,47,1,0,10646,11169,2,0,73,
1452,16/04/2022,197000,313600,0,1,0,49,,0,,29135,,2,0,56,04/05/2022
1453,15/08/2022,184000,258500,0,2,1,59,29,1,0,23339,7586,,0,89,17/09/2022
1454,30/11/2023,73000,136100,0,1,0,38,,0,,20000,,2,1,202,07/12/2023
1455,07/08/2022,191000,297600,0,1,1,36,39,1,0,8039,21739,2,1,58,
1456,21/07/2023,337000,420400,0,1,0,60,,1,,36465,,3,0,93,30/08/2023
1457,07/08/2024,144000,256100,0,2,0,18,,0,,20392,,2,0,71,10/08/2024
1458,14/05/2022,82000,174700,0,1,1,44,67,1,0,6703,13297,2,0,78,22/05/2022
1459,13/08/2022,78000,99000,0,1,1,75,38,0,1,8154,11846,2,,193,
1460,30/04/2024,108000,215700,0,1,0,37,,0,,20000,,,0,87,09/05/2024
1461,24/07/2024,129000,162400,0,2,0,61,,1,,20000,,2,0,223,
1462,17/05/2023,357000,506300,2,2,1,35,35,1,0,32551,13915,2,1,68,02/06/2023
1463,29/12/2021,154000,188800,0,2,0,25,,0,,20526,,2,0,79,
1464,12/04/2023,155000,210000,0,0,1,46,75,1,0,10806,9194,1,1,77,
1465,11/04/2022,222000,474000,0,1,1,48,48,0,0,29582,15272,2,0,78,
1466,18/02/2022,125000,190000,0,1,0,49,,0,,20000,,2,0,54,
1467,21/05/2022,178000,285300,0,1,0,68,,0,,26263,,2,0,75,
1468,25/03/2024,93000,288300,3,,1,31,49,1,0,9727,14233,2,,241,
1469,01/09/2023,166000,173500,2,0,0,46,,0,,20000,,2,2,155,08/11/2023
1470,30/11/2022,83000,123500,0,1,0,43,,1,,20000,,2,0,,
1471,31/01/2022,104000,205800,0,2,0,45,,1,,20000,,1,0,208,
1472,15/05/2023,202000,382100,0,1,0,26,,0,,54259,,3,0,79,
1473,13/12/2021,160000,236600,3,,1,30,20,0,1,12878,13776,2,0,68,
1474,15/01/2022,168000,204900,0,1,1,62,54,1,0,9516,10484,1,0,75,
1475,03/05/2022,147000,191900,0,2,1,40,54,0,1,14801,5199,2,0,14,20/05/2022
1476,11/10/2023,55000,116700,0,1,0,43,,1,,20000,,3,0,88,06/11/2023
1477,28/08/2024,175000,199800,0,1,0,49,,1,,20000,,0,0,78,
1478,29/06/2023,244000,289900,0,,0,18,,1,,25505,,2,1,70,15/08/2023
1479,15/06/2023,234000,264400,0,,1,24,36,1,0,5643,16067,3,0,8,
1480,04/01/2023,131000,249400,0,1,0,62,,0,,20262,,2,0,0,04/01/2023
1481,18/10/2023,200000,282700,0,0,0,41,,0,,20000,,2,2,17,
1482,04/11/2022,280000,348700,0,1,1,72,37,0,1,13082,13901,3,0,74,
1483,10/04/2023,425000,480000,0,1,0,28,,1,,40676,,2,1,12,22/05/2023
1484,04/01/2023,84000,176500,0,2,0,38,,0,,20000,,2,0,7,29/12/2022
1485,20/08/2023,96000,116200,0,2,0,58,,0,,20000,,2,,89,
1486,02/03/2024,215000,295400,0,,0,30,,0,,20000,,2,0,,
1487,09/08/2023,405000,867500,2,1,0,45,,0,,97851,,,0,15,
1488,14/04/2024,72000,145000,0,1,0,18,,0,,20000,,3,0,9,
1489,11/09/2022,37000,57800,0,1,1,52,59,1,0,7779,12221,2,0,32,
1490,08/08/2024,169000,253800,0,1,1,38,57,1,0,10315,10579,2,0,236,
1491,15/01/2022,120000,289000,0,2,1,51,29,1,0,11548,13254,2,0,78,02/02/2022
1492,14/03/2024,130000,263600,2,1,0,22,,0,,21281,,3,0,52,
1493,26/08/2023,152000,254100,3,1,0,57,,0,,20058,,3,2,195,
1494,09/08/2022,201000,486000,0,1,0,44,,0,,44726,,2,0,81,
1495,26/08/2022,47000,97500,0,1,0,54,,0,,20000,,2,0,8,05/09/2022
1496,01/09/2022,268000,472300,,,0,49,,1,,47366,,3,1,52,
1497,03/05/2023,94000,128600,0,2,1,70,51,1,0,10616,9384,2,1,14,12/06/2023
1498,26/07/2022,72000,128100,0,2,0,48,,1,,20000,,2,0,10,
1499,09/09/2021,242000,317400,0,1,1,71,31,1,1,13616,13862,2,1,200,
1500,27/07/2022,100000,128100,0,2,0,28,,0,,20000,,,2,14,
1501,18/08/2023,258000,512000,2,2,0,60,,0,,48880,,2,,90,
1502,22/08/2024,332000,519100,0,1,0,67,,1,,37589,,2,1,3,01/09/2024
1503,08/04/2022,32000,72900,0,2,0,56,,0,,20000,,2,0,195,
1504,21/08/2023,59000,98000,0,2,0,39,,1,,20000,,2,0,69,10/09/2023
1505,19/04/2023,169000,216000,0,1,0,43,,0,,20000,,3,0,54,
1506,04/11/2021,170000,323900,0,2,0,27,,0,,34880,,3,0,214,
1507,01/01/2023,299000,424000,0,1,1,32,49,1,0,9971,28848,2,0,10,
1508,05/04/2022,95000,146400,0,1,0,28,,1,,20000,,2,1,69,
1509,04/09/2023,221000,301800,,1,1,40,50,1,0,25193,7349,3,0,162,29/09/2023
1510,18/07/2023,63000,198600,0,0,0,59,,0,,20000,,1,0,77,15/07/2023
1511,01/01/2022,105000,205700,0,1,0,50,,0,,23095,,1,,74,
1512,03/06/2024,131000,202800,0,1,0,52,,0,,20000,,2,2,1,20/06/2024
1513,09/05/2022,158000,249200,0,1,0,18,,0,,20500,,2,0,226,04/06/2022
1514,29/08/2023,313000,556900,0,1,0,22,,0,,46390,,3,0,8,
1515,29/08/2022,853000,1188300,0,1,1,41,42,0,1,48964,22158,3,0,89,
1516,09/05/2023,209000,316000,2,1,0,47,,1,,24665,,2,1,189,
1517,12/08/2024,84000,97900,0,2,1,21,29,0,1,6107,13893,2,0,37,
1518,07/01/2024,194000,295800,2,1,1,36,46,0,1,11585,15388,2,,203,
1519,05/12/2023,126000,193800,0,2,1,40,51,0,1,8497,11503,0,0,49,04/01/2024
1520,07/05/2024,574000,892300,0,1,0,47,,0,,59432,,2,0,58,
1521,01/06/2022,495000,1219900,0,1,1,36,53,0,1,68583,55694,2,1,51,
1522,18/07/2024,145000,212900,0,2,1,32,50,0,1,9526,10474,1,1,89,
1523,26/08/2023,213000,263600,0,1,0,60,,0,,23319,,3,,233,
1524,18/07/2023,383000,524500,,1,1,32,45,1,0,34304,10349,,0,72,
1525,15/07/2024,240000,356900,0,1,1,23,57,0,1,14489,17780,2,1,86,
1526,27/10/2023,180000,281900,0,1,1,44,32,1,0,16220,5268,2,0,10,
1527,03/04/2024,98000,119800,0,2,1,19,23,1,0,12058,7942,3,1,200,09/05/2024
1528,07/03/2022,70000,107200,0,1,0,60,,1,,20000,,2,0,7,27/03/2022
1529,24/06/2024,138000,342400,0,1,0,59,,1,,28266,,2,0,149,
1530,19/08/2024,198000,285400,0,2,0,19,,1,,35480,,3,0,57,
1531,02/09/2023,216000,471200,2,1,0,73,,1,,43250,,2,,168,
1532,19/02/2023,238000,425300,0,1,0,18,,0,,36825,,2,,81,
1533,13/04/2024,108000,161900,0,1,0,45,,0,,20000,,2,0,48,
1534,07/06/2022,115000,198200,0,1,0,48,,0,,20000,,0,,91,28/06/2022
1535,03/06/2024,58000,86700,,,0,43,,1,,20000,,2,0,0,
1536,18/10/2022,265000,351100,0,2,1,49,25,0,1,8844,28544,3,0,77,
1537,23/01/2023,267000,379700,3,0,0,30,,1,,31221,,,0,56,
1538,10/06/2023,210000,454800,0,2,0,38,,0,,25481,,2,0,53,08/06/2023
1539,11/08/2024,388000,605400,1,1,1,55,23,1,0,34191,33245,3,,293,
1540,22/03/2024,96000,160900,0,1,0,54,,1,,20000,,2,0,73,
1541,01/11/2021,173000,330000,0,1,1,32,18,0,1,15623,12858,,0,52,
1542,02/02/2024,214000,491700,0,0,1,38,21,0,1,26964,19880,3,0,79,
1543,10/03/2024,106000,208000,0,2,0,50,,0,,23287,,1,0,176,25/03/2024
1544,06/03/2022,177000,281000,0,2,1,52,31,0,0,16382,10809,2,0,10,
1545,03/04/2024,209000,275500,0,,1,74,43,1,0,13879,10975,2,0,193,06/06/2024
1546,28/02/2023,176000,312500,0,1,1,41,44,1,0,15748,15919,3,1,6,
1547,20/03/2022,138000,206500,,2,0,66,,1,,20000,,1,0,50,
1548,24/08/2022,83000,164100,0,1,1,39,52,0,1,8286,11714,2,0,61,02/09/2022
1549,17/12/2022,226000,359800,1,1,0,34,,1,,28856,,3,1,,
1550,12/09/2021,291000,729700,1,1,1,49,52,1,0,21062,27700,3,1,85,06/10/2021
1551,07/02/2024,157000,215300,0,1,1,51,38,1,0,11396,8604,1,0,61,20/03/2024
1552,01/11/2022,201000,287500,1,0,0,38,,0,,24038,,2,0,14,09/12/2022
1553,24/03/2022,64000,228300,0,1,1,21,54,1,0,8089,17360,2,0,81,
1554,11/12/2023,103000,277900,,2,0,70,,1,,21984,,2,0,57,
1555,08/03/2023,175000,318600,3,1,0,38,,0,,35228,,2,0,,
1556,30/07/2024,42000,61200,0,1,0,39,,0,,20000,,2,2,,
1557,12/05/2022,82000,142200,0,2,0,36,,1,,20000,,2,0,73,
1558,12/09/2021,89000,246100,2,1,0,66,,0,,20000,,3,0,76,
1559,30/08/2022,206000,322400,0,1,1,42,44,1,1,8524,21547,2,0,90,27/09/2022
1560,13/07/2022,81000,203800,2,1,0,56,,1,,21451,,1,0,64,
1561,06/04/2023,86000,152300,0,1,1,39,26,0,1,10305,9695,3,0,47,08/05/2023
1562,23/06/2023,495000,835300,0,2,0,41,,0,,58173,,3,0,38,
1563,24/10/2021,637000,905900,0,1,0,55,,1,,93197,,3,1,72,20/11/2021
1564,23/01/2024,99000,172800,1,1,0,58,,1,,20206,,2,0,212,
1565,29/08/2023,182000,240600,,1,1,33,45,1,0,10424,14130,2,1,204,21/10/2023
1566,06/09/2023,175000,200300,0,2,0,66,,0,,22909,,2,0,96,10/10/2023
1567,07/08/2023,147000,221100,,,0,53,,0,,20000,,2,0,52,
1568,16/02/2024,32000,56700,0,2,1,46,57,0,1,12871,7129,2,0,80,13/03/2024
1569,13/12/2023,111000,287100,0,1,0,44,,0,,27670,,2,1,89,
1570,02/10/2023,323000,519700,0,1,0,38,,1,,42630,,2,2,38,
1571,16/03/2022,122000,200900,0,2,1,54,40,1,0,9812,10188,0,1,212,
1572,18/05/2022,148000,199500,0,1,0,36,,1,,20000,,0,1,194,
1573,02/04/2022,114000,330900,0,,0,53,,1,,33434,,2,1,1,
1574,18/03/2023,148000,208900,0,1,0,38,,0,,20000,,,0,169,
1575,28/08/2022,77000,200700,,1,0,44,,0,,20000,,0,2,261,17/09/2022
1576,27/03/2023,300000,415100,0,1,0,48,,0,,37273,,3,0,200,
1577,29/02/2024,151000,204200,,2,0,39,,0,,20000,,3,0,52,16/03/2024
1578,07/09/2022,316000,414000,0,1,1,27,36,0,1,26781,3884,2,0,88,02/10/2022
1579,17/12/2023,204000,296000,0,1,1,47,18,0,1,17619,10766,2,0,78,
1580,12/04/2022,148000,202800,2,1,0,45,,0,,20000,,1,0,4,
1581,03/12/2023,86000,160000,0,2,0,39,,0,,20000,,2,0,4,
1582,23/01/2023,248000,335300,0,1,0,46,,0,,38347,,2,0,72,
1583,23/06/2023,474000,942300,0,1,1,18,66,1,0,43989,16680,2,,55,
1584,26/12/2021,264000,408700,0,,0,44,,1,,39926,,2,0,,
1585,20/04/2022,316000,419300,1,2,1,66,46,1,1,13754,16531,2,0,84,
1586,06/05/2024,123000,213000,0,1,0,62,,0,,25422,,2,0,68,
1587,03/06/2022,153000,235000,0,1,1,46,53,0,1,11955,8045,2,1,71,11/07/2022
1588,08/07/2023,140000,195500,0,0,0,54,,1,,20000,,2,0,247,
1589,07/09/2022,169000,234100,0,2,0,48,,0,,21754,,2,0,190,
1590,11/10/2023,193000,212700,0,1,0,75,,0,,24949,,2,0,17,25/11/2023
1591,05/02/2024,163000,210600,0,0,1,54,54,1,0,10670,9330,,0,224,22/03/2024
1592,30/12/2021,61000,93300,2,2,1,18,56,0,1,11029,8971,2,0,175,30/01/2022
1593,17/01/2022,392000,566700,0,0,1,75,44,0,1,27757,16630,3,1,175,27/02/2022
1594,17/09/2023,355000,470100,0,2,1,46,68,1,0,17591,21851,2,0,7,
1595,27/06/2023,95000,122500,0,0,1,59,30,1,0,6475,13525,2,1,30,29/07/2023
1596,27/02/2022,81000,154800,1,,0,43,,0,,20000,,3,0,184,23/03/2022
1597,24/08/2024,131000,200900,2,1,0,38,,0,,20000,,1,2,2,
1598,27/11/2021,219000,323800,0,1,0,44,,0,,33040,,2,0,,
1599,26/05/2024,73000,93000,1,1,0,43,,0,,20000,,2,0,59,24/06/2024
1600,14/01/2024,87000,129700,0,,1,32,34,1,0,14171,5829,2,0,170,
1601,06/12/2023,254000,414900,0,,0,35,,1,,40542,,2,0,90,31/12/2023
1602,25/03/2022,181000,330600,0,2,1,42,59,0,1,18365,10036,2,0,0,
1603,29/03/2023,122000,205100,0,0,1,28,48,1,0,5366,14634,,1,204,07/05/2023
1604,13/10/2022,63000,158400,0,2,0,62,,0,,20000,,3,0,211,
1605,03/09/2021,269000,449300,0,1,0,28,,0,,34108,,2,0,193,12/10/2021
1606,08/05/2022,88000,126000,0,1,1,62,27,0,1,4251,15749,2,0,170,
1607,07/08/2024,67000,108800,0,1,0,67,,1,,20000,,3,0,2,
1608,17/04/2022,746000,930200,0,1,0,39,,1,,167804,,3,0,192,
1609,02/05/2023,99000,168200,0,0,1,38,50,1,0,8467,11533,2,0,60,
1610,08/08/2024,30000,122000,0,2,0,73,,0,,20000,,2,2,54,
1611,03/10/2022,220000,336100,0,1,1,57,66,1,0,20154,8846,2,0,90,30/10/2022
1612,01/11/2021,100000,136300,0,1,0,48,,0,,20000,,2,1,14,
1613,15/02/2024,142000,274700,0,,0,51,,1,,23003,,2,0,,
1614,16/07/2022,71000,123400,0,1,0,59,,0,,20000,,2,0,72,
1615,11/07/2024,202000,274800,0,1,0,37,,0,,28694,,3,0,,
1616,13/06/2022,273000,378200,0,2,1,61,32,1,0,18276,24853,3,0,51,13/07/2022
1617,31/07/2022,131000,214100,0,1,0,48,,0,,20000,,1,0,199,09/09/2022
1618,20/04/2024,338000,416800,0,1,0,50,,0,,36060,,3,0,77,
1619,20/02/2022,136000,189200,0,2,0,21,,1,,20000,,3,0,74,11/03/2022
1620,30/05/2022,53000,88400,0,1,0,48,,1,,20000,,2,1,56,23/06/2022
1621,22/06/2022,42000,112000,0,1,1,50,39,0,0,10250,9750,2,1,81,
1622,23/02/2023,170000,418400,0,1,1,34,52,1,0,12341,32284,3,0,90,
1623,09/01/2023,86000,156400,0,1,0,31,,1,,20000,,2,,78,
1624,02/03/2023,270000,371000,0,1,0,45,,0,,38282,,3,0,32,
1625,19/07/2022,213000,278300,0,2,0,74,,0,,20735,,3,1,28,
1626,09/01/2022,78000,196800,0,2,1,30,39,0,1,12902,7098,0,0,86,
1627,29/09/2021,160000,312700,0,1,0,59,,0,,31845,,3,0,16,17/10/2021
1628,18/07/2024,241000,308400,3,1,1,18,54,1,0,16505,10912,2,0,13,
1629,21/06/2024,153000,305800,0,2,0,60,,0,,22152,,3,1,165,
1630,06/04/2024,196000,273000,0,1,1,27,54,0,1,10728,20015,3,0,,
1631,05/02/2023,226000,370900,0,2,0,43,,0,,30981,,2,0,83,14/02/2023
1632,11/09/2021,605000,1002800,2,1,0,47,,1,,71705,,2,2,185,15/10/2021
1633,10/09/2021,101000,195800,0,1,0,44,,0,,20000,,0,0,35,
1634,04/04/2023,117000,170300,0,1,1,62,57,0,1,12384,7616,3,2,64,13/05/2023
1635,09/01/2023,213000,333900,0,1,0,31,,0,,34249,,2,0,14,
1636,17/02/2023,137000,224000,0,1,1,32,75,0,1,12985,8785,1,0,9,
1637,02/03/2024,106000,209800,0,2,1,42,45,0,1,10082,9918,1,0,81,14/03/2024
1638,17/04/2022,58000,87100,0,2,0,49,,1,,20000,,2,0,73,18/05/2022
1639,16/05/2022,86000,214500,0,1,1,51,53,1,1,15244,9738,1,0,180,
1640,08/05/2023,127000,201600,0,2,0,35,,1,,20000,,2,0,254,
1641,02/10/2021,113000,166700,0,1,0,61,,1,,20000,,3,0,9,
1642,10/05/2023,417000,438500,0,2,1,47,75,0,1,17789,19081,3,0,204,
1643,11/03/2024,97000,210700,0,2,1,51,49,0,0,6602,13398,1,0,42,
1644,31/01/2023,154000,259700,0,1,1,61,63,1,0,12170,15860,2,0,66,25/02/2023
1645,18/02/2023,357000,431100,0,2,1,63,63,0,1,11612,15438,3,0,3,
1646,08/08/2022,153000,282100,0,1,0,34,,1,,20000,,3,1,13,25/08/2022
1647,07/08/2022,228000,343300,0,1,0,30,,1,,32710,,3,1,80,
1648,06/09/2022,151000,281200,0,2,0,40,,1,,38912,,,0,52,
1649,02/12/2021,451000,755500,0,1,0,62,,0,,66450,,2,2,188,
1650,22/08/2024,128000,295500,0,0,0,53,,0,,20698,,2,1,82,
1651,30/12/2023,168000,300800,3,1,0,26,,1,,27114,,2,0,7,
1652,05/06/2022,152000,205000,0,0,0,45,,1,,20000,,1,0,170,
1653,07/09/2021,121000,208100,0,1,0,18,,1,,20000,,1,0,160,
1654,04/07/2023,98000,214300,0,1,0,61,,1,,20000,,1,0,54,
1655,12/08/2023,233000,283300,0,1,1,40,66,0,1,9357,14000,2,0,16,30/09/2023
1656,15/11/2023,124000,149800,0,0,1,24,29,0,1,10638,9362,2,0,203,
1657,28/04/2024,256000,418700,1,2,0,62,,1,,49166,,3,0,91,
1658,28/02/2024,115000,202900,0,2,0,53,,0,,20000,,1,0,203,20/03/2024
1659,29/08/2023,99000,147500,0,2,1,42,34,0,1,8764,11236,3,2,202,
1660,15/01/2022,129000,329200,0,2,0,35,,0,,33797,,2,1,246,
1661,13/03/2023,357000,460600,0,1,1,46,39,1,0,20284,32554,3,0,164,05/05/2023
1662,27/09/2021,97000,185900,0,1,0,63,,0,,20000,,2,0,13,
1663,26/04/2023,138000,276600,0,1,0,69,,1,,35143,,2,0,56,
1664,11/09/2021,244000,479600,1,1,1,51,45,0,1,20612,14793,3,0,212,
1665,09/08/2023,94000,231600,0,0,0,30,,1,,22956,,2,0,75,21/08/2023
1666,05/04/2022,122000,228800,0,0,1,57,28,1,0,15699,4301,2,1,213,
1667,11/07/2024,225000,294300,0,,0,45,,1,,24372,,3,1,16,
1668,29/10/2023,254000,369100,0,1,1,45,43,0,1,10950,14857,3,1,217,14/12/2023
1669,22/08/2022,70000,123900,0,1,1,62,60,1,0,6704,13296,2,1,50,
1670,02/05/2022,298000,549700,,2,0,33,,0,,63091,,,1,58,
1671,08/02/2024,122000,210700,0,0,1,40,63,1,0,9342,10658,3,0,54,
1672,22/09/2023,115000,200600,0,1,1,27,49,1,0,14241,8428,0,1,95,
1673,18/03/2024,90000,153100,0,1,0,37,,0,,20000,,2,1,69,
1674,21/08/2023,267000,444300,0,1,0,18,,0,,42283,,2,0,13,
1675,08/08/2024,132000,153900,0,1,1,44,54,0,1,7468,12532,3,0,72,
1676,27/02/2023,181000,234600,0,1,1,35,36,1,0,23280,5067,2,,73,
1677,06/09/2021,108000,133000,0,0,0,27,,1,,20000,,3,0,41,16/10/2021
1678,01/01/2024,148000,210900,0,2,1,37,51,0,1,5904,17793,1,1,50,01/03/2024
1679,22/05/2022,96000,196300,0,2,0,42,,1,,20000,,0,0,48,14/06/2022
1680,31/07/2024,670000,1003800,0,2,1,40,43,0,1,40936,40633,2,0,32,
1681,16/06/2024,248000,352200,0,1,0,23,,1,,45574,,2,0,83,
1682,18/08/2024,268000,509400,0,1,1,50,38,1,0,29979,12608,2,,13,27/08/2024
1683,21/10/2023,144000,272000,0,1,0,60,,1,,20142,,2,2,32,
1684,23/08/2023,664000,919500,0,2,0,35,,1,,106807,,2,0,11,
1685,15/11/2023,124000,219400,0,2,0,40,,0,,20000,,2,0,178,15/12/2023
1686,06/05/2024,442000,815400,0,2,0,51,,0,,65852,,2,0,221,17/05/2024
1687,02/08/2024,249000,380800,0,1,0,39,,0,,32766,,2,,191,16/08/2024
1688,28/11/2023,137000,195100,2,2,1,42,52,1,0,10131,9869,3,0,80,
1689,02/06/2022,92000,166400,0,1,1,18,45,1,0,9352,10648,3,0,,
1690,20/11/2021,336000,547600,0,0,0,52,,0,,56413,,3,0,81,
1691,03/02/2024,99000,205100,0,1,1,46,23,0,1,12560,7440,0,0,54,16/02/2024
1692,15/02/2023,101000,135800,0,1,1,46,66,0,1,12898,7102,2,1,157,
1693,05/05/2022,174000,205700,2,0,1,39,47,0,1,10545,9455,2,0,83,08/07/2022
1694,25/02/2023,128000,194800,0,0,1,41,36,1,0,12856,7144,2,1,71,
1695,22/03/2023,44000,91800,0,2,1,46,42,1,0,11580,8420,2,2,,
1696,16/07/2024,50000,77900,0,0,0,38,,1,,20000,,,1,77,08/08/2024
1697,25/08/2024,106000,206000,0,1,0,23,,0,,20750,,2,,53,
1698,09/09/2022,439000,553800,3,1,0,33,,0,,49168,,2,0,,
1699,18/02/2022,238000,316500,0,1,0,28,,1,,35315,,2,0,83,04/03/2022
1700,20/01/2023,97000,214300,3,2,1,63,35,1,0,10080,9920,2,1,,18/01/2023
1701,09/08/2022,139000,229600,0,2,0,63,,1,,22651,,2,1,,
1702,15/08/2023,133000,276300,0,1,0,34,,1,,22643,,3,0,65,
1703,12/02/2024,56000,87800,0,1,1,31,47,1,0,11945,8055,2,0,88,
1704,03/09/2021,91000,252700,,1,0,47,,1,,23120,,3,0,79,
1705,23/08/2024,86000,201000,0,,1,27,43,1,0,9270,10730,,0,6,
1706,01/03/2024,150000,208100,0,1,0,47,,1,,20000,,3,0,10,
1707,17/04/2023,89000,163200,0,2,0,72,,1,,20000,,2,0,67,
1708,22/08/2024,203000,283200,0,1,0,37,,0,,21225,,2,0,49,
1709,16/12/2023,210000,297600,0,1,0,59,,0,,28298,,3,1,67,
1710,29/12/2022,202000,339100,0,0,0,32,,0,,39093,,2,2,55,25/01/2023
1711,16/08/2024,279000,361800,0,1,0,40,,0,,32871,,2,0,83,
1712,25/09/2023,145000,222500,0,1,1,74,23,0,1,15011,5013,3,1,51,16/10/2023
1713,08/06/2023,376000,560500,0,1,1,38,35,0,1,54994,9776,3,0,69,
1714,23/03/2023,140000,265700,0,2,0,18,,1,,34500,,,0,78,
1715,22/08/2024,151000,241200,0,1,1,72,50,0,1,5771,14229,3,0,85,
1716,29/01/2024,144000,214100,,1,1,19,52,1,0,11234,8766,2,1,182,
1717,18/08/2023,144000,201600,0,1,0,44,,0,,20000,,1,0,70,
1718,07/06/2022,100000,139000,0,1,0,42,,0,,20000,,2,1,81,
1719,07/07/2024,178000,219200,0,2,0,71,,0,,20000,,2,0,77,27/08/2024
1720,06/04/2022,116000,238100,0,,1,62,30,0,0,10066,16953,2,0,57,
1721,08/08/2022,111000,206700,0,2,0,36,,1,,20000,,1,2,77,
1722,27/07/2023,426000,532500,0,1,1,46,44,0,1,35494,17763,2,0,48,12/08/2023
1723,27/03/2022,87000,206800,0,2,0,18,,0,,20000,,1,,195,05/04/2022
1724,26/08/2024,196000,312300,0,0,0,18,,1,,47600,,2,0,77,
1725,27/05/2022,335000,535600,0,1,0,49,,0,,61526,,2,0,50,
1726,11/06/2023,132000,266100,0,1,1,51,70,0,1,16209,13210,3,0,83,
1727,19/12/2022,125000,248000,0,,0,59,,1,,34516,,3,1,218,
1728,03/09/2022,201000,300000,0,1,0,38,,0,,26480,,3,0,275,26/09/2022
1729,25/08/2024,1282000,1747700,0,1,0,25,,0,,119923,,2,0,50,
1730,16/12/2023,43000,77600,0,2,0,46,,1,,20000,,2,0,55,19/12/2023
1731,22/09/2022,69000,116300,0,1,1,44,23,1,0,7109,12891,3,0,36,
1732,27/02/2022,101000,221900,0,2,1,55,41,0,1,6878,13122,2,1,75,12/03/2022
1733,15/06/2022,113000,206600,2,0,0,53,,1,,20000,,1,0,224,10/07/2022
1734,26/03/2022,99000,179200,0,1,0,35,,1,,20000,,2,2,205,
1735,26/10/2022,115000,205600,0,0,0,57,,1,,20000,,1,0,55,
1736,13/02/2022,237000,331000,0,1,1,33,59,0,1,11755,25893,2,0,77,
1737,08/12/2022,43000,84400,0,0,1,58,18,1,0,6316,13684,2,0,63,13/12/2022
1738,16/09/2022,51000,157800,0,1,0,71,,0,,20000,,2,1,73,
1739,20/06/2022,255000,362100,,1,0,22,,1,,31801,,2,0,54,
1740,17/09/2021,100000,187900,0,2,1,44,28,1,0,9580,10420,2,1,54,28/09/2021
1741,21/03/2023,148000,257100,0,,0,39,,0,,31910,,3,2,218,02/05/2023
1742,05/06/2022,149000,302900,0,2,1,45,65,1,0,14508,9183,2,0,,18/06/2022
1743,26/06/2022,62000,105900,0,2,0,36,,0,,20000,,2,1,14,04/07/2022
1744,11/08/2023,86000,143600,0,1,1,73,53,1,0,9262,10738,2,1,57,
1745,18/02/2024,230000,299600,0,2,0,51,,1,,36088,,2,0,53,
1746,22/04/2022,73000,204000,0,0,0,42,,1,,20000,,1,0,214,
1747,26/05/2022,162000,200500,0,0,1,49,46,0,1,13600,7956,3,0,14,
1748,01/04/2024,155000,200800,0,2,1,42,46,0,0,14423,5577,1,0,237,22/05/2024
1749,25/03/2023,482000,582300,0,2,0,68,,0,,42912,,3,0,90,
1750,19/12/2021,168000,256200,0,,1,37,37,0,0,7138,14118,2,2,70,
1751,11/05/2022,104000,195000,0,0,1,33,56,0,1,9942,13862,2,0,155,
1752,19/11/2021,30000,44500,0,1,0,45,,0,,20000,,2,0,78,01/12/2021
1753,10/03/2023,186000,291300,0,2,1,42,36,1,0,11846,8154,2,1,77,
1754,02/07/2023,174000,301600,0,1,0,31,,1,,26647,,2,0,65,
1755,16/12/2022,83000,204600,0,2,0,60,,1,,20000,,1,0,56,
1756,17/01/2022,163000,230000,0,2,1,46,39,0,1,15126,10772,2,0,14,
1757,25/01/2023,524000,614400,0,2,0,23,,0,,82178,,2,0,53,
1758,20/08/2024,196000,504600,0,2,0,28,,0,,50996,,3,0,62,
1759,22/01/2023,140000,191100,0,1,0,38,,0,,21184,,0,0,10,
1760,16/12/2022,161000,202400,0,1,0,37,,0,,20532,,0,0,90,19/01/2023
1761,17/09/2021,560000,736300,0,2,0,62,,1,,56192,,2,0,,
1762,11/09/2021,565000,716300,0,1,1,63,68,1,0,21635,30553,2,0,79,
1763,23/08/2022,104000,143500,0,1,0,55,,1,,21867,,2,0,14,
1764,01/03/2024,111000,125800,0,2,0,51,,0,,20000,,2,0,84,
1765,27/02/2022,138000,209900,2,1,1,24,26,0,1,15349,4651,1,1,60,
1766,11/09/2022,540000,853500,0,2,1,55,58,1,0,27963,54916,3,1,230,
1767,09/08/2022,97000,145000,0,1,0,53,,1,,20000,,2,0,,
1768,18/07/2023,201000,282200,0,0,0,18,,1,,20480,,3,0,49,
1769,25/01/2024,77000,145000,0,1,0,44,,0,,20000,,2,1,,09/02/2024
1770,05/04/2022,157000,249500,0,0,1,69,42,0,1,8088,11912,2,0,77,
1771,29/12/2022,254000,362400,0,1,0,40,,1,,33655,,2,,14,
1772,23/05/2023,304000,558300,0,1,1,37,59,0,1,23263,48562,2,2,55,19/06/2023
1773,09/06/2022,92000,160600,0,,1,52,54,0,1,10780,9220,2,0,81,
1774,14/01/2023,94000,195600,3,1,1,51,74,1,1,8701,11299,3,0,14,
1775,10/08/2022,457000,547500,0,1,1,62,41,1,0,24118,23015,2,0,54,13/09/2022
1776,15/07/2023,125000,239200,0,2,0,55,,1,,20000,,2,0,70,
1777,25/02/2023,31000,49000,3,2,0,58,,0,,20000,,2,1,15,
1778,15/01/2024,208000,353200,0,2,0,18,,1,,30175,,3,0,87,
1779,12/03/2023,790000,883900,0,1,1,68,32,1,0,18270,53494,3,1,198,19/05/2023
1780,13/03/2023,152000,234300,,0,1,26,40,1,0,13421,6579,2,,53,04/04/2023
1781,14/08/2023,263000,443000,0,1,0,19,,0,,32165,,2,0,215,
1782,23/01/2022,120000,170900,,1,0,64,,1,,20000,,2,1,40,
1783,03/11/2021,134000,206300,0,1,0,44,,1,,20000,,,0,87,06/12/2021
1784,01/04/2023,120000,207500,2,2,0,67,,0,,20000,,,0,67,
1785,01/04/2022,84000,204100,0,1,1,58,27,0,1,15925,4075,3,0,0,
1786,16/08/2022,110000,214100,2,2,1,39,32,1,1,17031,7959,2,0,9,
1787,12/09/2021,296000,396300,0,2,0,50,,1,,37766,,2,0,53,
1788,17/08/2022,241000,359200,0,0,0,40,,1,,33272,,2,2,5,
1789,14/02/2024,102000,160000,0,1,0,41,,1,,20000,,3,0,,
1790,10/09/2023,218000,315900,0,1,1,42,23,1,0,19259,14828,3,1,3,
1791,14/03/2022,117000,161100,0,1,0,60,,1,,20000,,2,0,57,
1792,28/01/2024,112000,341100,2,1,0,59,,1,,28422,,3,0,53,
1793,06/10/2023,104000,171100,0,1,0,32,,1,,20000,,2,0,9,03/10/2023
1794,29/05/2022,149000,194600,1,1,0,60,,1,,20000,,,,34,
1795,19/04/2023,169000,281900,0,2,1,58,42,0,1,10601,9399,3,0,76,
1796,11/03/2023,140000,204900,1,1,0,26,,1,,20000,,2,1,258,26/04/2023
1797,17/07/2023,418000,652000,0,1,1,36,63,1,0,29902,21978,2,1,3,02/09/2023
1798,17/06/2024,315000,528300,2,1,0,64,,1,,53923,,3,1,78,
1799,12/09/2022,352000,394500,0,1,1,39,70,1,0,14639,16237,3,0,,12/11/2022
1800,20/07/2023,502000,1175500,0,2,0,24,,1,,110909,,2,1,159,
1801,11/10/2021,53000,101700,2,2,1,41,41,1,0,10984,9016,2,0,13,
1802,12/11/2021,168000,232500,0,1,0,61,,0,,20751,,3,0,58,
1803,20/02/2024,192000,386700,0,2,0,29,,1,,29453,,3,0,28,
1804,01/08/2023,106000,157600,0,,0,25,,0,,20000,,2,1,28,
1805,01/08/2022,113000,206800,0,1,0,52,,1,,20717,,3,0,68,20/08/2022
1806,15/03/2023,64000,171500,0,2,0,29,,1,,20000,,3,1,79,
1807,17/06/2024,42000,92400,2,2,1,49,38,0,1,4223,15777,2,2,5,06/07/2024
1808,08/09/2021,103000,219900,0,,0,34,,0,,20000,,3,0,65,20/09/2021
1809,22/03/2023,147000,204100,2,2,1,49,18,0,1,1714,18286,1,0,61,13/06/2023
1810,28/06/2023,166000,199800,0,2,0,35,,1,,20000,,2,1,220,
1811,25/02/2023,131000,233900,0,1,1,67,50,1,0,10529,9471,2,0,79,23/03/2023
1812,01/09/2024,233000,398600,,1,0,34,,1,,40690,,2,0,71,
1813,14/05/2022,318000,545700,0,1,1,54,39,1,0,35150,21312,3,1,68,
1814,03/06/2023,124000,188800,0,1,1,44,56,0,1,10917,9319,2,0,51,
1815,28/11/2022,120000,183800,0,2,0,64,,1,,20000,,3,0,75,05/01/2023
1816,19/08/2023,108000,205100,,1,1,28,44,1,0,11018,8982,2,0,5,
1817,10/08/2024,57000,215800,0,1,1,55,52,0,1,12014,8380,1,0,170,
1818,08/04/2023,134000,208600,0,2,1,75,42,0,1,12472,7528,1,0,158,17/05/2023
1819,02/03/2024,141000,216600,0,1,1,25,59,0,1,7654,12346,1,1,,
1820,02/12/2021,188000,329200,0,1,0,43,,0,,41100,,3,1,0,
1821,07/04/2022,274000,411300,0,2,0,51,,1,,51953,,,0,55,
1822,18/05/2022,33000,77500,0,2,1,42,44,1,0,8510,11490,2,0,62,
1823,27/06/2023,144000,184800,0,2,0,49,,1,,20000,,2,0,58,20/07/2023
1824,20/09/2023,239000,403700,0,2,0,58,,1,,29583,,2,1,244,05/10/2023
1825,17/04/2022,147000,268700,0,2,0,28,,1,,31186,,2,0,15,
1826,13/10/2023,165000,195500,,2,0,18,,0,,20000,,0,0,179,
1827,24/08/2023,88000,214600,0,1,0,41,,1,,24682,,1,1,97,
1828,28/08/2022,255000,518200,0,2,0,75,,1,,51871,,2,0,68,
1829,28/02/2024,286000,564000,0,2,0,68,,1,,51395,,3,0,15,
1830,16/03/2024,509000,729200,0,0,0,30,,1,,72736,,2,,52,
1831,08/09/2022,67000,114200,2,2,0,53,,0,,20000,,2,0,50,
1832,30/04/2022,323000,487200,0,1,0,43,,0,,45998,,3,0,14,
1833,15/04/2022,120000,207700,0,1,0,39,,0,,20182,,1,0,63,
1834,26/01/2023,116000,314400,0,1,0,57,,0,,29492,,2,0,86,
1835,01/08/2023,129000,240800,0,1,0,45,,0,,20000,,3,0,36,
1836,27/11/2022,123000,202400,0,1,0,19,,1,,20000,,1,0,30,10/12/2022
1837,26/08/2023,239000,505100,0,1,1,67,30,1,0,29877,15023,3,0,91,01/10/2023
1838,17/03/2023,96000,244300,0,1,1,65,48,1,1,21324,4433,3,0,87,
1839,01/09/2022,109000,169300,0,1,0,70,,1,,21670,,2,1,5,13/09/2022
1840,03/09/2022,553000,630900,0,2,1,51,34,1,0,16605,42233,3,0,252,
1841,12/02/2023,345000,496700,,1,1,55,75,1,0,21099,23420,2,0,37,28/03/2023
1842,10/01/2024,275000,480400,0,1,0,44,,1,,29131,,3,2,63,07/02/2024
1843,31/03/2022,129000,154100,0,1,1,27,54,0,1,12554,7446,2,0,58,
1844,24/12/2022,211000,282200,0,1,0,47,,0,,24553,,2,0,,
1845,21/02/2022,372000,530000,,2,0,54,,1,,37363,,2,0,78,
1846,13/02/2024,316000,514100,0,1,1,51,34,0,0,29151,9568,2,0,61,28/02/2024
1847,11/07/2023,181000,261100,0,,0,65,,1,,27520,,2,0,38,12/08/2023
1848,25/06/2022,72000,102500,0,2,1,39,60,1,0,8244,11756,2,0,84,
1849,17/06/2023,247000,517700,0,,0,42,,1,,51582,,3,0,229,
1850,09/07/2022,106000,170000,0,1,0,32,,0,,20000,,3,0,206,
1851,23/02/2024,477000,631100,,1,0,42,,0,,57858,,2,0,77,
1852,29/07/2023,85000,117600,0,2,0,41,,1,,20000,,2,0,0,
1853,07/02/2024,244000,369100,0,2,0,41,,0,,32290,,3,1,11,
1854,10/08/2023,364000,585600,0,2,0,75,,0,,57001,,2,0,73,
1855,18/06/2024,118000,202800,0,1,0,42,,1,,20000,,,0,52,
1856,13/03/2022,96000,178400,0,1,1,57,27,0,1,3996,16004,2,1,219,
1857,10/08/2024,101000,198500,0,1,1,45,61,1,0,9408,10592,0,0,186,
1858,24/03/2023,431000,687400,0,2,0,38,,1,,58179,,3,0,60,
1859,23/01/2023,314000,390500,0,1,0,35,,1,,36400,,2,0,71,
1860,11/12/2022,284000,416000,,1,0,42,,1,,39857,,3,2,224,
1861,17/08/2023,114000,194400,0,2,1,64,37,0,1,9150,12449,0,0,7,
1862,18/05/2024,85000,155100,3,2,0,36,,0,,20000,,2,0,215,22/06/2024
1863,07/05/2024,71000,100300,0,2,0,22,,1,,20000,,2,0,16,
1864,27/12/2022,137000,238700,0,2,0,54,,1,,22453,,,1,60,
1865,19/02/2022,89000,143200,0,0,0,37,,1,,20000,,2,0,14,
1866,12/04/2022,109000,153000,0,1,0,53,,1,,20000,,2,,48,
1867,25/05/2024,56000,95700,0,1,0,37,,0,,20000,,2,0,66,
1868,04/01/2024,87000,141300,0,2,1,29,18,0,1,7995,12005,2,0,210,
1869,13/02/2022,119000,193900,2,1,1,39,46,1,0,8923,11077,0,0,171,12/03/2022
1870,06/03/2024,111000,296300,0,2,0,47,,1,,29907,,2,1,56,
1871,04/09/2021,107000,178300,0,1,0,47,,1,,20000,,2,2,89,
1872,17/03/2023,110000,200900,0,2,0,67,,1,,20000,,2,0,85,31/03/2023
1873,09/05/2022,158000,195400,0,1,0,18,,0,,20000,,0,0,84,22/06/2022
1874,27/08/2023,129000,211100,0,,1,59,36,0,1,14480,5520,1,1,50,
1875,23/05/2023,281000,401800,0,1,0,32,,1,,38952,,2,0,1,25/06/2023
1876,27/02/2023,164000,239300,0,2,1,20,18,0,1,13310,10024,3,0,57,
1877,09/01/2024,306000,573200,2,0,1,49,75,0,1,23863,33475,3,1,83,28/01/2024
1878,11/07/2024,143000,197000,0,1,1,23,72,1,0,9351,11964,0,2,8,
1879,29/09/2021,587000,653200,2,2,0,41,,0,,56337,,2,0,147,05/11/2021
1880,09/08/2022,100000,225900,0,1,0,43,,0,,21009,,3,0,5,
1881,07/07/2024,77000,204900,0,2,0,62,,0,,23523,,1,0,170,
1882,04/09/2023,152000,307600,0,1,1,66,27,1,0,13650,11986,,1,84,27/09/2023
1883,16/06/2024,139000,205700,0,2,1,51,27,1,0,11296,8797,1,0,52,
1884,25/01/2022,57000,86800,0,1,1,37,63,1,1,4349,15651,2,1,56,15/02/2022
1885,19/02/2022,101000,177600,2,1,0,40,,0,,20000,,2,0,87,
1886,21/08/2023,62000,76700,3,2,0,33,,1,,20000,,2,2,64,
1887,05/09/2022,77000,166100,0,1,0,46,,1,,20000,,2,0,12,
1888,17/05/2022,60000,76200,0,1,0,46,,1,,20000,,2,2,10,25/06/2022
1889,06/07/2024,108000,237200,0,0,0,31,,1,,20000,,2,0,271,
1890,23/08/2024,346000,563400,0,1,0,40,,1,,61144,,2,1,64,
1891,29/10/2022,86000,200900,,2,0,54,,0,,20413,,2,0,79,
1892,14/11/2021,32000,53700,0,1,0,74,,1,,20000,,2,0,55,
1893,01/04/2023,329000,693800,0,1,0,38,,0,,67633,,3,0,,
1894,23/02/2022,167000,301100,0,1,0,46,,1,,33417,,3,0,19,
1895,01/11/2022,142000,205500,0,1,0,59,,0,,20000,,1,0,9,
1896,17/09/2022,89000,117600,0,2,0,54,,1,,20000,,2,0,174,06/11/2022
1897,16/12/2022,46000,66900,2,2,0,36,,1,,20000,,2,0,77,
1898,09/09/2023,162000,262000,0,1,0,31,,0,,20000,,2,0,174,
1899,01/09/2022,103000,207400,0,,0,51,,0,,20000,,3,0,81,
1900,24/06/2023,82000,151800,0,2,0,40,,1,,20000,,2,0,48,
1901,12/08/2022,113000,145900,0,2,0,18,,1,,20000,,2,0,32,
1902,13/10/2022,68000,109400,0,2,0,18,,0,,20000,,2,0,53,
1903,28/07/2022,136000,206500,0,2,1,63,44,0,1,14586,5414,1,0,83,
1904,09/01/2023,63000,112700,,2,1,22,18,0,1,9578,10422,2,0,41,
1905,09/02/2024,454000,1010000,0,,1,60,69,1,0,35127,46007,3,0,56,
1906,26/04/2024,122000,170500,0,0,0,46,,0,,20000,,2,0,18,
1907,06/09/2021,56000,106500,0,1,0,20,,0,,20000,,2,1,182,
1908,15/06/2022,145000,212500,0,1,1,58,47,0,1,12154,7846,2,1,57,
1909,11/02/2023,219000,329500,0,1,1,47,38,1,0,15017,27518,2,1,84,
1910,10/09/2021,137000,195500,0,1,0,60,,1,,31770,,,0,46,05/10/2021
1911,29/06/2024,203000,279300,0,2,1,18,59,0,0,6243,13757,3,0,71,03/08/2024
1912,29/02/2024,369000,680300,,1,1,37,57,1,0,21370,40932,2,1,58,
1913,16/08/2024,171000,208100,0,1,0,33,,0,,21207,,2,0,73,01/09/2024
1914,27/07/2023,811000,1165000,,1,1,48,42,1,0,81862,29918,2,1,170,
1915,30/07/2024,128000,207300,0,1,0,38,,1,,20000,,1,2,212,
1916,19/08/2022,147000,258500,0,,1,51,29,1,0,10935,12266,3,0,18,
1917,01/03/2023,152000,279500,1,1,1,33,18,1,0,9396,14666,2,0,12,20/03/2023
1918,01/01/2024,132000,172400,0,,1,49,54,1,0,12606,7394,3,0,76,11/02/2024
1919,04/11/2023,95000,146900,0,1,0,21,,0,,20000,,2,,52,
1920,11/04/2022,66000,127000,0,2,0,31,,1,,20000,,2,1,62,
1921,12/11/2022,123000,200400,0,2,0,51,,1,,23954,,3,0,200,
1922,16/08/2022,121000,195200,,1,0,32,,0,,20000,,0,0,61,
1923,12/09/2021,112000,214000,0,0,0,38,,0,,20000,,1,0,83,22/09/2021
1924,05/10/2021,47000,104200,0,1,1,32,65,0,1,8317,11683,2,0,15,
1925,14/08/2022,150000,210500,0,1,0,39,,1,,20196,,1,1,50,
1926,03/10/2023,149000,331500,0,2,0,55,,1,,34966,,2,0,79,30/10/2023
1927,24/08/2024,120000,226200,0,2,0,50,,1,,23458,,2,0,14,
1928,08/05/2022,78000,124600,2,1,0,36,,0,,20000,,3,0,12,
1929,18/10/2021,426000,819000,0,2,0,54,,0,,56804,,,0,79,
1930,20/02/2024,560000,838500,0,2,1,29,65,0,1,30594,41979,2,0,,06/04/2024
1931,27/08/2022,223000,385200,3,,1,43,74,1,0,18043,27339,2,0,50,
1932,20/08/2024,113000,215400,0,2,0,53,,0,,20000,,1,,4,16/08/2024
1933,14/07/2022,147000,453600,0,1,0,55,,0,,40922,,2,0,62,19/07/2022
1934,01/08/2022,101000,211500,1,2,1,56,56,0,1,12409,7591,1,1,218,22/08/2022
1935,08/06/2022,74000,143000,,1,0,33,,0,,20000,,2,0,,
1936,20/11/2022,85000,106100,0,1,0,68,,0,,20000,,,1,81,
1937,21/07/2023,257000,459700,0,2,0,65,,1,,58535,,3,0,89,
1938,22/03/2024,87000,146800,0,2,0,44,,1,,20000,,3,0,200,
1939,08/06/2022,128000,221800,0,0,0,23,,0,,20000,,2,2,131,
1940,05/10/2021,187000,277100,0,0,0,24,,1,,28400,,3,0,52,18/10/2021
1941,11/11/2022,160000,206600,2,2,1,38,49,0,0,13082,18862,1,2,51,
1942,21/07/2023,121000,179200,0,1,1,46,28,1,0,16078,3922,2,1,92,16/08/2023
1943,18/02/2022,330000,501700,0,1,0,36,,0,,32419,,2,2,187,
1944,24/03/2023,115000,198500,0,2,0,28,,1,,20000,,3,0,49,
1945,22/05/2022,49000,75700,0,1,0,42,,1,,20000,,2,2,243,27/06/2022
1946,01/11/2021,181000,347400,2,2,0,62,,0,,25949,,,0,89,
1947,28/08/2024,92000,142700,0,2,1,47,65,0,1,5993,14007,2,0,,
1948,06/09/2023,144000,237800,2,1,0,69,,0,,30177,,2,0,50,
1949,08/02/2022,114000,126800,0,1,1,67,40,0,1,8416,11584,2,0,56,10/03/2022
1950,20/01/2024,138000,185400,0,,0,56,,1,,20000,,,0,59,
1951,16/11/2021,178000,354200,,2,1,18,68,0,1,35779,19014,2,1,53,
1952,08/04/2022,134000,213400,0,0,0,34,,0,,20379,,1,0,58,04/05/2022
1953,20/08/2024,215000,559900,2,,1,48,49,0,1,19785,37573,2,0,178,
1954,06/03/2022,161000,202600,0,2,0,35,,1,,20000,,1,0,14,
1955,03/06/2022,62000,103800,0,1,0,45,,1,,20000,,2,0,176,
1956,14/04/2023,142000,203500,2,1,1,56,63,0,1,9896,12557,1,1,,
1957,17/07/2022,89000,135100,1,0,1,30,41,1,0,6569,13431,2,0,11,05/08/2022
1958,12/08/2023,92000,211800,0,1,1,40,36,0,1,11917,10293,1,0,53,
1959,21/04/2023,145000,216900,1,0,1,50,52,0,1,9191,10809,2,0,180,
1960,21/08/2022,163000,235800,0,1,0,75,,1,,20000,,2,1,166,
1961,23/03/2022,146000,242500,3,1,0,35,,0,,30225,,2,1,16,
1962,01/07/2022,181000,317800,0,2,0,28,,0,,26130,,2,0,240,
1963,18/02/2022,163000,210100,2,2,1,67,55,0,1,16908,3092,1,0,179,
1964,21/08/2023,618000,791500,1,1,0,24,,1,,56403,,3,0,174,
1965,05/06/2024,106000,238800,0,1,0,32,,1,,20000,,2,,79,
1966,28/03/2022,262000,343700,0,0,0,31,,1,,27199,,2,0,78,03/05/2022
1967,09/09/2021,432000,1055300,0,2,0,24,,1,,95788,,2,0,84,
1968,10/10/2021,303000,664300,0,1,0,29,,0,,67527,,2,0,61,
1969,25/02/2022,267000,432900,0,1,0,39,,0,,97895,,3,2,30,24/03/2022
1970,04/04/2022,240000,398600,0,0,1,52,39,0,1,21129,6253,2,0,216,
1971,17/08/2023,104000,208300,0,1,0,52,,1,,20000,,1,,13,10/09/2023
1972,25/01/2023,157000,204800,0,1,0,44,,1,,20000,,1,1,2,
1973,18/03/2024,140000,239100,0,2,1,53,42,1,0,16337,5751,3,0,217,
1974,08/09/2021,69000,89700,0,0,0,68,,0,,20000,,2,0,72,
1975,16/05/2024,71000,216300,0,2,0,63,,0,,23785,,1,0,76,
1976,13/10/2023,218000,258500,0,2,1,61,67,0,0,10970,12774,2,0,32,
1977,21/05/2022,31000,48100,0,2,1,54,53,0,1,7400,12600,2,0,94,23/06/2022
1978,22/09/2021,139000,284500,1,1,0,52,,0,,20631,,,0,6,
1979,27/08/2024,109000,192900,0,1,1,56,59,0,1,11366,8634,3,1,54,
1980,03/09/2021,119000,209300,0,1,1,44,75,1,0,14612,5388,1,0,68,
1981,16/10/2023,62000,114700,2,1,1,19,41,0,1,12609,7391,2,0,,
1982,07/08/2023,104000,148700,0,1,1,42,62,0,1,10089,9911,2,2,75,
1983,06/09/2023,315000,391000,0,0,0,46,,0,,38131,,2,0,48,
1984,18/02/2024,110000,181000,0,1,0,37,,1,,20000,,2,0,5,21/03/2024
1985,06/12/2022,223000,320000,0,0,0,54,,0,,25638,,2,0,81,
1986,02/06/2023,205000,321700,0,,0,18,,0,,26945,,3,0,171,01/07/2023
1987,13/12/2022,129000,203400,0,2,1,40,66,1,0,8939,11061,,0,36,10/01/2023
1988,21/03/2024,47000,95300,0,1,1,29,29,1,0,10091,9909,2,0,2,24/03/2024
1989,11/08/2024,152000,204000,0,0,1,46,57,1,1,13159,8395,2,,16,
1990,09/08/2022,145000,256100,0,,0,37,,1,,20000,,3,1,56,23/08/2022
1991,01/04/2024,252000,344000,0,2,1,50,66,0,1,8442,15035,2,1,60,
1992,10/08/2024,95000,196200,0,1,1,54,45,0,1,10714,9286,0,0,203,
1993,08/08/2022,128000,182800,2,1,1,35,47,0,1,7538,12462,2,0,68,28/09/2022
1994,26/02/2024,85000,175900,0,1,0,52,,1,,20000,,3,0,67,26/02/2024
1995,08/05/2024,96000,226400,0,1,1,35,61,0,1,9669,10331,2,0,220,31/05/2024
1996,25/02/2024,139000,201400,0,2,1,48,38,0,1,2430,17570,0,1,,
1997,23/02/2022,279000,374400,3,1,1,52,36,1,0,15093,14793,2,0,,
1998,04/03/2023,214000,360800,0,1,1,37,46,0,1,22156,9489,3,0,215,25/03/2023
1999,24/09/2023,46000,79600,0,1,0,61,,1,,20000,,2,0,63,
2000,02/07/2023,160000,329000,,1,0,52,,0,,24538,,3,2,29,
2001,25/06/2024,286000,480700,3,1,0,58,,1,,40380,,3,1,35,
2002,08/03/2022,145000,203400,0,2,1,31,48,1,0,6442,13558,1,0,66,
2003,01/01/2023,213000,473100,0,0,1,41,66,0,1,22243,15629,2,0,35,
2004,23/02/2023,193000,444300,0,1,0,56,,1,,37011,,3,0,83,
2005,01/12/2023,315000,412000,3,1,0,50,,1,,52862,,2,1,88,11/01/2024
2006,01/09/2024,117000,308400,0,0,0,29,,0,,28366,,2,1,52,
2007,13/08/2023,61000,93500,0,1,0,43,,0,,20000,,2,0,90,11/09/2023
2008,01/09/2022,40000,96200,0,1,0,57,,0,,20000,,2,0,76,
2009,01/03/2023,146000,252000,0,1,0,70,,0,,25193,,3,0,231,
2010,04/04/2023,151000,202600,0,1,0,29,,1,,20000,,2,0,28,
2011,25/03/2024,120000,263000,0,1,0,41,,1,,25284,,3,0,89,06/04/2024
2012,07/01/2023,31000,62000,,1,0,40,,0,,20000,,,0,78,25/01/2023
2013,24/04/2022,466000,751100,0,0,0,42,,1,,58714,,2,2,33,31/05/2022
2014,06/12/2022,290000,352700,0,1,0,69,,0,,36827,,2,0,70,
2015,16/05/2023,139000,217000,0,1,0,64,,0,,31545,,2,0,55,07/06/2023
2016,29/04/2023,138000,260400,0,1,1,75,29,0,1,13530,6471,3,0,194,
2017,06/09/2023,268000,514700,0,1,1,58,68,1,0,17505,21308,2,0,61,06/10/2023
2018,02/04/2023,153000,183900,0,1,0,22,,0,,20000,,3,0,54,27/04/2023
2019,19/03/2023,158000,200100,0,1,0,50,,0,,21904,,2,0,40,
2020,08/07/2022,121000,206000,0,1,0,27,,1,,20000,,1,0,84,
2021,16/08/2024,416000,792900,0,2,1,75,58,0,1,34513,32197,3,0,72,
2022,04/04/2024,116000,204400,0,2,1,31,53,1,0,10539,9461,1,2,68,30/04/2024
2023,18/03/2023,159000,195300,0,1,1,36,48,1,0,8886,11114,2,0,222,
2024,17/04/2022,281000,443000,0,0,0,57,,0,,43369,,3,0,87,23/05/2022
2025,04/02/2022,387000,484600,,2,1,31,52,1,0,21232,20900,2,0,57,03/03/2022
2026,27/08/2023,244000,378100,0,1,1,39,43,1,0,9654,18224,2,1,68,11/10/2023
2027,09/08/2024,126000,197900,0,1,1,61,62,1,0,5061,14939,0,1,78,
2028,18/07/2024,453000,706800,0,1,1,33,39,1,0,26690,33912,3,0,58,
2029,30/08/2024,190000,283800,0,,1,60,75,0,1,14614,14793,2,0,55,
2030,06/04/2023,155000,228000,0,2,0,38,,0,,20000,,,0,93,
2031,24/09/2022,230000,324900,0,1,1,68,34,0,1,8045,15528,3,0,30,26/10/2022
2032,28/11/2021,208000,411200,,2,0,42,,1,,34395,,2,1,206,
2033,04/06/2024,158000,255600,0,1,1,56,48,0,1,8869,11131,2,1,58,14/07/2024
2034,31/08/2022,154000,214400,0,1,1,48,54,1,0,12093,9110,2,0,86,
2035,30/05/2024,180000,210900,0,1,0,49,,1,,20000,,1,0,66,
2036,17/08/2023,69000,135600,3,1,0,18,,0,,20000,,2,0,29,25/08/2023
2037,21/12/2021,73000,114400,0,1,1,56,49,0,1,10317,9683,3,,219,
2038,09/08/2023,148000,209000,0,1,1,38,42,1,1,9924,10076,1,1,3,
2039,20/06/2023,81000,126500,0,0,1,51,61,0,1,2439,17561,2,0,91,
2040,13/10/2023,88000,133800,0,1,0,75,,1,,20000,,3,0,15,
2041,21/06/2023,161000,353100,0,1,1,40,38,1,0,7193,26691,3,0,78,
2042,03/09/2021,247000,301000,0,,0,50,,1,,28086,,2,1,33,
2043,24/10/2021,163000,214700,0,,1,55,44,1,0,18620,10227,1,0,61,
2044,23/08/2023,80000,205500,0,2,1,47,59,0,1,14209,5791,1,0,,
2045,12/09/2023,196000,265400,0,1,0,52,,1,,20000,,3,1,7,24/10/2023
2046,07/02/2023,284000,400000,1,1,0,54,,0,,27549,,2,2,56,
2047,01/05/2024,106000,234400,0,2,0,40,,1,,25889,,2,0,46,
2048,12/11/2022,161000,274800,0,0,0,34,,1,,20000,,2,2,58,22/11/2022
2049,29/12/2021,90000,110300,0,1,1,71,56,0,1,7430,12570,2,0,57,
2050,26/08/2024,100000,513000,0,1,0,44,,0,,50760,,2,1,56,
2051,27/05/2023,174000,284800,,1,0,56,,0,,25606,,2,1,83,
2052,30/09/2023,174000,336700,0,2,1,50,53,0,1,10468,22961,2,0,194,30/10/2023
2053,11/06/2023,84000,109000,0,1,0,39,,1,,20000,,2,,,
2054,07/03/2024,310000,493800,0,0,0,61,,0,,45430,,2,1,10,10/04/2024
2055,11/07/2024,280000,403300,,1,1,48,44,1,0,6766,40893,3,2,,
2056,22/09/2023,694000,1216100,0,1,0,51,,1,,102914,,2,0,199,
2057,26/10/2023,145000,172300,,1,1,47,20,1,0,11879,8121,2,1,,29/11/2023
2058,09/09/2021,116000,152600,0,1,1,35,27,1,0,10355,9645,2,0,0,04/10/2021
2059,20/01/2024,458000,614900,0,1,0,52,,0,,58025,,3,0,4,
2060,21/12/2022,26000,45600,0,1,0,53,,1,,20000,,2,0,56,21/01/2023
2061,05/02/2023,112000,205100,0,1,0,27,,0,,20000,,1,2,86,
2062,29/10/2023,158000,216600,0,1,0,46,,1,,23083,,2,0,34,
2063,25/03/2024,95000,143000,0,0,1,25,18,1,0,4282,15718,,0,4,
2064,25/12/2023,134000,197900,0,1,1,56,18,0,1,12104,7896,0,0,81,
2065,04/04/2023,90000,199400,0,2,0,63,,0,,20000,,1,2,29,
2066,11/02/2023,410000,544900,0,1,0,51,,1,,36773,,3,2,212,
2067,22/03/2022,89000,208800,0,1,0,50,,0,,20804,,2,0,12,
2068,19/11/2023,46000,79300,0,1,1,52,46,1,1,11805,8195,,0,203,
2069,19/05/2024,117000,207000,0,0,0,52,,0,,20000,,1,,78,
2070,25/03/2022,50000,131300,0,1,0,34,,0,,20000,,3,0,198,
2071,13/10/2023,242000,398000,2,1,1,42,47,1,0,18980,15572,2,0,215,
2072,16/08/2024,147000,197700,0,1,1,43,37,1,0,9481,11922,3,2,10,
2073,17/02/2023,32000,48000,0,1,0,61,,1,,20000,,2,0,61,
2074,12/03/2022,165000,246900,0,1,0,35,,0,,20000,,2,0,221,
2075,30/09/2021,85000,194700,3,1,0,39,,1,,20000,,0,1,4,19/10/2021
2076,12/11/2021,163000,242000,0,,0,68,,1,,20000,,2,0,6,
2077,15/10/2021,518000,837800,0,1,1,44,66,0,1,28618,32821,3,0,71,
2078,17/09/2023,128000,191300,0,1,0,33,,1,,20000,,0,0,205,
2079,04/07/2023,146000,292500,,1,1,26,56,0,1,21515,14414,2,1,10,
2080,24/10/2023,248000,476000,1,1,1,52,41,0,1,17951,15003,3,0,66,06/11/2023
2081,08/08/2023,159000,223200,0,1,0,61,,0,,21503,,3,0,186,
2082,11/06/2022,142000,335100,3,1,0,29,,1,,26683,,2,0,192,
2083,25/11/2023,257000,344300,0,1,0,53,,1,,29975,,2,0,79,09/01/2024
2084,25/07/2024,337000,613800,0,0,0,31,,0,,51267,,2,0,236,
2085,02/04/2024,105000,209000,0,1,0,32,,0,,20210,,1,0,80,
2086,30/09/2022,33000,62000,0,1,0,18,,0,,20000,,2,0,12,07/10/2022
2087,07/04/2023,76000,81800,0,,1,75,18,0,1,11879,8121,2,0,81,
2088,15/08/2024,83000,210500,,1,0,36,,0,,20000,,1,0,3,29/08/2024
2089,02/08/2023,52000,100500,0,,0,25,,0,,20000,,2,0,68,
2090,26/02/2024,248000,357900,0,1,1,57,63,1,0,17364,28020,3,0,27,
2091,16/03/2022,226000,501800,0,2,1,18,58,0,1,32519,11956,2,0,21,
2092,07/02/2023,88000,149600,0,1,1,63,50,1,0,8586,11414,2,2,197,25/02/2023
2093,23/07/2024,170000,209600,0,2,0,49,,1,,20000,,1,0,53,29/08/2024
2094,05/10/2022,60000,80000,0,1,1,29,32,0,1,4352,15648,2,0,0,
2095,01/03/2024,132000,205600,0,1,0,28,,1,,20000,,1,1,18,
2096,11/09/2021,102000,201600,0,2,0,25,,1,,20000,,0,0,53,
2097,12/11/2021,103000,204300,0,1,0,26,,0,,20000,,,0,78,
2098,12/09/2021,455000,652600,0,1,1,49,70,1,0,11899,35558,3,0,86,
2099,27/03/2023,90000,147300,0,1,1,44,54,1,0,10881,9119,2,1,12,
2100,05/09/2023,143000,203000,0,1,1,50,46,1,0,7839,14186,1,0,92,
2101,08/08/2024,122000,185100,0,1,1,29,46,1,0,10866,9134,2,2,73,
2102,06/09/2022,161000,249000,0,1,1,49,58,1,0,7096,13785,3,1,55,
2103,09/08/2022,141000,213400,0,1,1,50,52,1,0,4053,15947,1,0,84,
2104,11/10/2022,192000,232800,0,1,0,47,,0,,20000,,2,1,61,
2105,13/06/2024,106000,210200,0,1,1,27,59,1,0,14627,5555,1,0,212,
2106,06/11/2022,48000,111900,0,1,1,75,41,0,1,8887,11113,2,2,11,
2107,12/03/2023,171000,284800,1,1,1,42,39,0,0,17359,12897,2,2,0,
2108,11/11/2023,190000,350500,0,1,1,40,69,1,0,21625,8263,3,0,72,
2109,19/10/2021,26000,52500,0,1,1,53,39,0,1,4201,15799,2,2,84,13/11/2021
2110,02/07/2022,227000,345300,0,1,0,36,,0,,31281,,2,1,70,
2111,10/08/2024,194000,348600,,2,0,56,,1,,30315,,2,,207,
2112,30/09/2023,224000,364100,0,1,0,18,,1,,32024,,3,0,12,19/10/2023
2113,30/08/2023,178000,224100,0,2,0,75,,1,,23086,,3,0,134,
2114,11/08/2023,146000,207700,0,2,0,56,,0,,27016,,1,0,68,
2115,11/05/2022,82000,132500,0,1,0,65,,1,,20000,,2,0,223,
2116,13/09/2021,148000,185200,2,,1,35,50,1,0,10974,9026,2,2,0,
2117,18/10/2021,111000,186700,,2,1,52,20,0,1,9786,10214,2,0,15,08/11/2021
2118,12/09/2023,207000,288300,2,1,0,37,,1,,25128,,2,0,187,
2119,17/03/2024,127000,201600,0,1,1,56,40,1,0,16819,3181,1,1,84,
2120,30/05/2023,278000,341300,0,1,1,59,44,0,0,23233,11972,3,2,54,
2121,05/09/2023,134000,167000,0,2,0,18,,1,,20000,,2,1,54,
2122,08/08/2022,590000,1126200,,2,1,52,51,0,1,53149,34813,2,0,93,10/09/2022
2123,01/09/2022,89000,123600,0,1,0,45,,1,,20000,,2,0,67,
2124,14/01/2022,177000,316400,0,2,0,46,,1,,26169,,2,0,,
2125,16/12/2021,423000,557500,0,1,1,20,20,1,0,18566,41845,2,2,76,25/01/2022
2126,05/09/2021,110000,142300,0,1,0,36,,1,,20000,,2,0,82,
2127,20/08/2023,109000,177900,3,1,0,60,,0,,20000,,2,0,54,
2128,09/04/2023,462000,613300,0,2,1,37,66,0,1,25171,21179,3,0,218,
2129,01/09/2022,73000,114400,0,1,0,56,,0,,20000,,2,1,85,15/09/2022
2130,14/05/2022,263000,593400,,1,1,47,44,0,1,15630,33593,2,0,58,
2131,03/09/2022,164000,277500,0,0,1,56,69,1,0,12900,12867,2,0,75,
2132,27/08/2022,99000,201500,0,1,1,57,18,1,0,16771,3229,1,0,19,
2133,10/05/2024,399000,505100,0,2,0,49,,0,,40198,,2,0,83,
2134,23/08/2022,156000,202500,0,,0,72,,0,,20000,,2,,91,25/09/2022
2135,15/05/2022,168000,317200,3,0,0,46,,1,,26292,,3,,73,
2136,09/09/2023,26000,204400,0,2,0,51,,0,,20000,,1,0,15,
2137,16/05/2023,144000,174600,0,2,0,33,,0,,20000,,3,0,77,02/06/2023
2138,10/02/2023,60000,91100,0,0,0,60,,1,,20000,,,,82,
2139,02/07/2023,179000,442900,0,0,1,47,39,1,0,29526,13533,3,0,202,30/06/2023
2140,10/06/2022,439000,544700,0,1,0,46,,1,,46537,,3,0,58,
2141,23/05/2024,125000,329500,0,1,0,42,,1,,25207,,2,0,202,31/05/2024
2142,13/10/2021,144000,195100,0,0,0,39,,1,,20000,,0,0,38,30/10/2021
2143,11/07/2022,155000,284600,0,1,1,39,18,1,0,8402,26569,2,0,179,
2144,09/07/2022,152000,212600,0,2,1,54,34,1,0,9687,10313,1,0,48,
2145,08/03/2024,421000,985000,3,,0,43,,0,,82915,,2,0,152,
2146,03/03/2023,155000,350300,0,1,0,56,,1,,59828,,2,,166,
2147,11/12/2022,171000,252300,0,1,0,59,,1,,26428,,3,1,38,16/01/2023
2148,27/03/2024,99000,189200,2,1,1,33,31,0,1,13327,6673,2,0,23,17/04/2024
2149,24/12/2023,124000,186000,0,1,0,64,,0,,23549,,3,0,160,15/02/2024
2150,04/07/2024,66000,148500,0,1,0,41,,1,,20000,,3,2,67,11/07/2024
2151,05/08/2024,384000,462800,3,0,0,58,,1,,45692,,2,0,0,
2152,20/01/2023,72000,114000,1,2,0,59,,1,,20000,,2,0,185,
2153,18/01/2023,171000,252100,0,2,1,75,40,0,1,9063,11669,3,0,58,14/02/2023
2154,30/05/2023,137000,169800,0,0,0,50,,0,,20000,,2,1,,
2155,05/07/2023,110000,205700,0,0,1,46,30,1,0,12583,8087,1,0,13,26/07/2023
2156,02/08/2023,187000,321200,0,2,1,46,39,0,1,13144,16382,2,2,8,30/08/2023
2157,25/08/2023,199000,254900,,2,1,33,61,0,1,10378,15811,3,0,196,
2158,11/11/2023,33000,47400,0,1,1,25,42,1,0,11991,8009,2,0,,09/12/2023
2159,19/02/2024,96000,203500,0,1,0,42,,0,,21846,,1,,166,01/03/2024
2160,29/08/2024,70000,85200,0,1,0,21,,0,,20000,,2,0,183,
2161,28/03/2023,270000,366700,0,2,1,55,47,0,1,13492,17788,2,0,82,
2162,11/11/2022,151000,198200,0,1,0,59,,1,,24811,,0,0,64,
2163,08/04/2022,24000,76500,0,1,0,55,,0,,20000,,2,2,71,
2164,12/04/2024,257000,438400,0,2,0,45,,0,,30817,,3,0,69,18/05/2024
2165,18/05/2023,100000,185900,0,1,1,38,30,0,0,13653,6347,2,1,14,
2166,09/03/2023,95000,126400,,1,0,75,,0,,20000,,2,,53,
2167,14/12/2021,133000,211800,0,2,1,67,29,0,1,8382,11756,1,0,196,
2168,09/12/2023,247000,356300,0,1,0,45,,0,,27505,,2,0,63,
2169,31/08/2024,19000,40400,0,1,1,62,28,0,1,7121,12879,2,0,55,
2170,25/03/2022,112000,211700,0,2,1,18,30,1,0,9234,10766,,0,53,
2171,29/04/2024,84000,130100,0,1,0,60,,0,,20000,,2,2,15,06/06/2024
2172,21/12/2023,123000,326100,0,1,0,29,,1,,34903,,2,0,76,
2173,10/02/2023,150000,221000,0,2,1,27,58,0,1,14620,7214,,0,174,
2174,12/08/2024,93000,207000,0,1,0,31,,0,,21784,,1,0,15,25/08/2024
2175,23/08/2023,112000,167500,0,1,1,27,40,1,0,11836,8164,2,0,60,
2176,12/02/2022,252000,597400,0,1,1,43,48,1,1,47980,32957,2,1,38,
2177,29/03/2023,252000,429800,2,2,0,30,,1,,42920,,2,0,15,
2178,24/08/2022,130000,211600,0,1,0,44,,1,,20000,,1,1,82,
2179,30/05/2023,144000,229200,0,1,0,46,,1,,20000,,2,1,16,
2180,19/11/2022,48000,92200,0,2,1,44,50,1,0,9797,10203,2,2,91,
2181,15/01/2023,429000,674200,2,0,1,51,29,1,0,21193,45925,2,1,76,09/02/2023
2182,30/08/2024,128000,173500,2,1,1,34,29,0,0,8786,11214,2,2,253,
2183,07/09/2022,183000,249700,1,1,0,50,,1,,20057,,3,0,86,02/10/2022
2184,05/07/2024,95000,216200,0,1,1,56,75,0,1,21693,11410,2,0,55,
2185,06/08/2022,230000,335600,,1,0,25,,1,,33374,,3,2,76,17/09/2022
2186,24/08/2022,127000,183700,0,2,1,53,53,1,0,10408,9592,3,2,91,02/10/2022
2187,08/09/2022,77000,90600,0,1,1,59,50,1,0,8654,11346,2,0,76,
2188,28/02/2022,264000,373900,0,2,0,41,,1,,20640,,3,0,13,21/03/2022
2189,05/05/2022,375000,665500,2,1,1,55,56,0,1,22413,24781,2,2,154,
2190,14/03/2024,75000,205600,0,1,0,61,,0,,20000,,1,2,71,
2191,21/12/2023,108000,217000,0,1,1,67,65,1,0,11036,9528,1,0,83,
2192,20/02/2024,117000,159000,0,2,0,42,,0,,20000,,2,0,77,
2193,20/02/2023,81000,135600,0,1,1,34,43,1,0,12210,7790,2,0,188,
2194,21/07/2024,197000,249000,0,1,0,35,,0,,22460,,3,0,74,
2195,18/10/2022,205000,328700,0,0,0,56,,1,,30868,,2,,27,27/11/2022
2196,25/12/2022,69000,103600,0,2,1,49,53,0,1,2781,17219,2,2,5,
2197,28/08/2022,409000,477500,0,2,0,48,,0,,35597,,3,2,79,
2198,13/08/2022,124000,195100,2,1,0,60,,0,,20000,,2,2,67,13/09/2022
2199,07/10/2022,103000,196000,0,1,1,35,46,0,1,10887,9113,2,0,219,13/11/2022
2200,04/04/2024,256000,422900,3,2,0,46,,1,,47543,,2,0,34,30/04/2024
2201,14/08/2024,186000,427700,1,0,1,29,46,0,1,19441,25112,3,0,,
2202,22/08/2024,188000,411600,0,1,0,39,,1,,36052,,2,0,56,
2203,06/10/2023,134000,162900,0,1,1,39,18,0,1,12468,7532,2,,13,
2204,05/06/2022,143000,204400,0,2,0,44,,1,,23016,,1,2,172,06/07/2022
2205,20/11/2021,44000,103100,0,1,0,45,,0,,20000,,,1,209,
2206,29/07/2023,130000,184600,0,2,1,42,50,1,0,9712,10288,2,0,55,
2207,19/01/2022,63000,170800,0,0,1,45,37,1,0,7050,12950,2,0,181,
2208,31/08/2024,60000,210100,0,1,1,38,42,0,1,12852,9398,2,2,12,21/08/2024
2209,05/06/2023,98000,191700,0,2,1,47,48,0,1,11755,8245,2,1,17,
2210,16/12/2023,151000,209500,1,0,1,60,27,0,1,14055,7253,1,,207,
2211,09/03/2024,127000,248500,0,1,0,51,,0,,21183,,3,0,54,13/03/2024
2212,23/02/2024,130000,194500,0,1,0,32,,1,,20000,,0,0,86,
2213,16/09/2022,122000,205600,0,1,0,61,,0,,20000,,1,0,31,
2214,10/09/2021,91000,126300,0,0,0,31,,1,,20000,,2,0,41,
2215,22/03/2022,170000,362800,0,1,0,40,,1,,31703,,3,0,36,
2216,16/11/2021,213000,416000,0,,1,62,51,1,0,25269,9407,3,1,29,
2217,29/04/2022,181000,219900,0,1,1,49,46,1,0,11816,8184,2,0,195,
2218,01/07/2022,204000,284300,0,1,1,56,46,0,1,6308,25217,2,2,18,
2219,14/01/2024,109000,158300,2,1,0,39,,1,,20000,,2,2,52,
2220,09/11/2023,173000,294200,0,0,1,30,29,1,0,9722,15514,2,,87,
2221,07/04/2023,121000,189200,0,1,1,35,50,1,0,8201,15140,0,0,55,
2222,27/02/2023,162000,270100,0,2,1,53,47,1,0,8118,17759,3,0,40,
2223,26/08/2024,1201000,1487500,3,1,1,49,45,1,0,40996,99056,3,1,153,
2224,30/08/2023,241000,327000,0,2,1,62,54,0,1,14251,11922,3,,257,
2225,04/02/2022,159000,242400,3,0,1,58,71,1,1,15921,4079,2,0,0,20/02/2022
2226,28/07/2024,64000,201300,0,0,1,52,57,0,1,7952,12048,2,0,195,
2227,18/02/2024,99000,146400,,1,1,64,31,1,0,6680,13320,2,0,,
2228,09/01/2023,52000,78000,2,1,0,38,,1,,20000,,2,1,208,
2229,24/03/2024,319000,428600,0,2,1,39,49,0,1,32432,23714,2,1,7,15/04/2024
2230,31/08/2024,105000,206700,0,,0,53,,1,,20000,,1,0,76,
2231,16/10/2021,120000,203500,0,1,1,50,66,0,1,6700,13300,1,2,81,21/11/2021
2232,08/06/2023,80000,167600,0,1,1,47,36,0,0,15092,6541,2,0,75,
2233,21/08/2022,273000,365500,0,1,1,37,46,0,1,18416,19378,2,,57,04/10/2022
2234,25/09/2022,208000,269000,0,0,1,38,46,1,0,15159,9690,2,0,18,
2235,07/09/2022,108000,210900,0,2,0,21,,1,,20648,,1,0,16,
2236,13/03/2023,463000,705700,1,1,0,38,,1,,60534,,3,0,178,
2237,23/03/2023,101000,207000,0,2,0,70,,0,,20000,,2,0,15,10/04/2023
2238,16/03/2024,465000,538400,0,1,0,35,,1,,71141,,2,0,56,
2239,08/05/2023,1146000,1432500,0,,1,56,67,1,0,92408,57589,,0,218,
2240,20/06/2022,279000,385900,0,1,1,43,71,1,0,15556,14404,2,2,15,14/07/2022
2241,12/07/2024,69000,156300,0,1,0,32,,0,,20000,,2,1,84,
2242,12/05/2022,169000,276400,1,0,0,59,,0,,27245,,2,0,6,
2243,24/10/2021,62000,75400,0,1,1,66,61,0,1,17486,2514,2,0,14,
2244,09/07/2024,158000,239400,0,1,0,51,,0,,20000,,3,1,33,08/08/2024
2245,20/03/2023,741000,1321400,0,0,0,54,,0,,127806,,3,0,17,27/03/2023
2246,14/06/2022,266000,336000,0,1,0,41,,1,,27369,,3,1,199,
2247,08/09/2022,74000,82600,0,1,1,54,45,1,0,9700,10300,2,0,8,16/10/2022
2248,12/07/2023,123000,198700,0,1,1,59,34,0,1,7305,12695,0,0,84,
2249,28/09/2023,113000,210400,0,2,1,61,48,0,1,9197,10803,2,0,92,
2250,13/10/2021,102000,144300,0,2,0,44,,1,,20000,,2,1,52,13/10/2021
2251,14/02/2024,88000,140600,0,1,1,35,51,0,1,6953,13047,2,0,86,
2252,03/09/2022,78000,133700,0,2,1,25,60,0,1,10244,9756,2,0,56,12/09/2022
2253,27/07/2024,97000,121500,0,1,1,61,31,1,0,9595,10405,2,0,84,25/08/2024
2254,11/06/2024,97000,150800,0,1,0,48,,0,,20000,,,0,75,19/06/2024
2255,11/08/2023,733000,1015100,0,1,0,27,,0,,75703,,3,0,80,
2256,21/09/2022,118000,204300,2,1,1,43,75,0,1,7947,12053,1,1,186,07/11/2022
2257,22/02/2024,116000,189000,0,1,0,40,,0,,20000,,,0,95,
2258,22/08/2024,92000,209100,0,1,0,20,,0,,20100,,2,0,86,
2259,01/01/2024,95000,210800,1,0,0,50,,1,,20000,,2,0,14,
2260,17/04/2023,59000,108100,0,2,1,39,52,1,0,11929,8071,2,0,61,
2261,25/08/2024,190000,260500,0,2,0,34,,0,,22391,,3,1,60,
2262,24/08/2022,291000,348600,,2,0,57,,0,,28452,,2,0,,
2263,10/01/2023,49000,82800,0,2,1,39,60,0,1,11922,8078,2,0,86,
2264,10/04/2023,171000,226800,0,1,1,65,18,0,1,16746,8421,2,0,77,
2265,27/07/2024,189000,377700,3,1,1,49,69,1,0,13921,15789,2,0,80,16/08/2024
2266,16/08/2022,121000,207200,1,1,1,64,50,1,0,11800,8200,1,,10,
2267,12/05/2023,83000,174400,0,1,0,45,,0,,20000,,3,0,201,24/05/2023
2268,14/03/2022,39000,99500,3,2,1,33,41,0,1,11768,8232,2,1,57,
2269,15/01/2022,34000,63700,,2,1,63,30,1,0,12417,7583,2,0,205,08/02/2022
2270,23/04/2023,223000,375900,0,2,0,27,,0,,27146,,2,0,4,
2271,16/03/2024,168000,205100,0,2,1,75,59,0,1,7853,12147,1,1,162,
2272,12/02/2024,126000,210300,0,1,1,43,58,0,0,9360,10640,1,0,208,17/03/2024
2273,07/03/2022,42000,69300,3,2,0,31,,0,,20000,,2,0,67,
2274,12/05/2022,121000,197700,3,2,0,46,,1,,20000,,0,2,41,
2275,22/12/2022,240000,339600,0,1,1,39,21,1,0,16156,21649,2,0,82,
2276,08/02/2022,114000,205500,0,1,1,39,34,1,0,5150,14850,1,0,18,
2277,15/02/2023,46000,180600,0,2,0,47,,1,,20000,,2,0,33,
2278,27/12/2023,354000,656500,0,1,0,64,,0,,50346,,2,0,226,12/02/2024
2279,19/04/2024,121000,203500,0,1,1,60,50,1,0,15070,7197,0,0,85,
2280,01/09/2024,91000,138000,0,2,0,19,,0,,20000,,2,1,,
2281,22/01/2023,211000,378500,1,1,0,50,,1,,32198,,3,1,180,25/02/2023
2282,11/12/2021,635000,872700,3,1,0,40,,1,,79073,,3,2,40,12/01/2022
2283,24/09/2023,18000,30700,0,1,1,45,34,1,0,15435,4565,2,1,71,
2284,23/07/2024,307000,572500,0,1,1,65,75,1,1,13502,16898,3,0,214,
2285,13/08/2022,51000,77400,0,2,1,65,44,0,1,10659,9341,2,1,78,06/09/2022
2286,06/12/2023,123000,427700,0,1,0,51,,0,,29819,,3,0,195,
2287,12/01/2024,48000,117300,0,0,0,63,,1,,20000,,2,1,,
2288,06/06/2024,141000,291800,0,,1,43,18,0,1,14486,17536,3,0,6,08/06/2024
2289,21/02/2022,264000,366500,1,1,1,35,31,0,1,21836,11960,2,0,182,
2290,08/08/2024,67000,118600,0,1,0,61,,1,,20000,,2,0,29,
2291,27/08/2022,94000,210700,0,1,1,57,43,0,1,11985,8015,1,0,84,
2292,28/08/2024,249000,395100,0,0,0,53,,1,,31205,,2,1,197,
2293,04/07/2022,337000,423400,0,1,1,35,47,1,0,15456,20561,,0,148,
2294,03/12/2023,357000,700100,0,1,0,53,,1,,68392,,2,0,,
2295,23/01/2023,159000,203900,0,1,0,46,,1,,20887,,1,1,149,
2296,11/10/2023,459000,648700,0,2,1,75,39,0,1,22100,23752,3,0,17,
2297,04/11/2023,104000,181000,0,,0,27,,0,,20000,,3,0,78,
2298,01/12/2023,33000,69900,3,2,0,66,,1,,20000,,2,0,205,
2299,22/07/2024,336000,450600,0,1,1,56,48,1,0,13844,27421,2,0,80,
2300,14/04/2024,182000,275400,0,1,0,45,,1,,29647,,3,0,91,
2301,16/08/2022,110000,243500,0,1,0,73,,0,,20000,,2,0,,
2302,09/05/2022,100000,140200,0,2,1,44,52,1,0,10155,9845,2,1,17,
2303,20/02/2022,42000,87600,0,2,0,26,,0,,20000,,2,0,91,
2304,05/09/2021,416000,630300,0,0,0,40,,0,,55232,,2,2,45,
2305,17/03/2023,91000,204000,0,1,1,21,18,0,1,14917,5083,1,0,69,
2306,04/09/2023,106000,195500,0,2,0,43,,0,,20000,,0,1,80,05/09/2023
2307,15/07/2024,256000,558100,0,1,0,74,,0,,59837,,3,1,80,
2308,29/07/2024,152000,236200,0,1,0,59,,0,,20836,,2,0,46,
2309,19/02/2023,41000,105000,0,0,0,41,,0,,20000,,2,1,79,
2310,20/11/2022,385000,798400,0,1,0,51,,1,,75657,,2,0,56,
2311,14/03/2023,210000,326100,0,2,0,56,,1,,31527,,3,0,49,05/04/2023
2312,23/04/2024,198000,329300,0,2,1,51,47,1,0,13055,8750,2,1,33,
2313,22/06/2024,72000,213400,0,,1,59,29,1,0,10517,9483,1,0,55,21/06/2024
2314,26/06/2022,405000,540500,0,1,1,28,59,1,0,22609,31028,,1,8,31/07/2022
2315,16/02/2022,82000,212100,0,2,0,52,,0,,20000,,1,0,234,
2316,13/09/2021,141000,209700,0,1,0,26,,1,,23393,,0,0,11,
2317,01/06/2022,179000,211300,0,1,0,56,,1,,20000,,2,0,54,
2318,03/08/2022,383000,407900,1,2,0,42,,1,,36626,,3,,77,
2319,16/05/2023,236000,364400,0,1,1,69,71,1,0,15099,23206,2,1,180,
2320,30/12/2022,345000,838500,0,0,0,30,,0,,74543,,2,0,37,
2321,28/02/2022,368000,546900,0,2,1,45,72,0,1,14625,17140,2,1,49,
2322,19/03/2023,100000,171000,0,1,1,60,61,1,0,17063,2937,2,0,258,15/04/2023
2323,27/08/2023,282000,455600,0,1,0,26,,0,,41338,,3,0,195,
2324,10/02/2024,47000,98600,2,1,1,63,64,0,1,10325,9675,2,1,84,
2325,01/03/2024,88000,183600,0,1,0,28,,1,,20000,,2,2,248,
2326,08/08/2024,124000,289600,0,1,0,57,,0,,26638,,3,0,14,
2327,18/04/2024,277000,325600,0,1,1,41,65,1,1,11291,19411,3,2,10,
2328,27/02/2024,62000,148700,0,1,0,50,,1,,20000,,2,1,12,
2329,06/03/2022,382000,526800,0,2,1,50,44,0,1,27407,10979,2,1,84,
2330,29/06/2022,311000,509000,0,0,1,56,45,0,1,28048,19998,3,0,79,
2331,22/06/2023,115000,198500,0,1,0,65,,0,,20000,,,0,76,
2332,16/06/2024,102000,212700,,1,0,42,,1,,20000,,2,1,75,
2333,08/05/2024,157000,210900,0,1,1,63,30,1,0,3314,16686,,,192,09/07/2024
2334,02/08/2023,177000,290400,,1,1,30,48,1,0,11033,19362,2,1,19,04/09/2023
2335,04/04/2024,127000,266400,0,2,1,60,40,1,0,12266,14433,3,,6,06/05/2024
2336,02/07/2023,86000,205900,0,1,0,38,,0,,20000,,2,,80,
2337,16/08/2022,39000,106600,0,1,0,47,,0,,20000,,2,1,78,19/08/2022
2338,20/03/2024,477000,820200,2,2,0,38,,0,,107245,,3,,185,30/04/2024
2339,11/11/2021,160000,307600,0,,0,20,,1,,25380,,3,0,6,21/11/2021
2340,21/03/2023,216000,275000,0,1,0,38,,0,,24647,,,1,224,
2341,08/08/2023,202000,339400,0,2,0,55,,1,,24237,,2,1,195,
2342,31/08/2023,164000,198200,0,2,1,57,40,1,0,12833,7167,0,0,16,
2343,12/09/2023,154000,212600,0,1,0,55,,1,,20000,,1,0,37,
2344,09/11/2022,101000,193600,0,1,0,18,,1,,20000,,0,2,155,
2345,22/11/2023,134000,235600,0,0,0,43,,0,,22496,,2,0,76,
2346,10/08/2023,374000,566000,0,1,0,47,,0,,51574,,,2,59,
2347,07/08/2022,109000,211400,0,2,0,46,,1,,21783,,2,1,60,
2348,22/05/2023,193000,457900,0,1,1,65,38,0,1,19079,22045,2,0,216,
2349,09/11/2023,233000,296000,0,1,0,58,,1,,22642,,2,0,46,18/12/2023
2350,07/08/2024,173000,370100,0,2,0,72,,1,,27048,,3,0,13,
2351,31/07/2024,49000,75400,0,,1,48,50,0,1,11739,8261,2,0,11,
2352,24/10/2021,191000,303300,0,1,1,39,32,0,1,8105,15193,2,0,51,11/12/2021
2353,02/04/2023,77000,206600,0,1,0,75,,0,,20219,,1,0,16,
2354,13/10/2021,91000,226500,0,1,1,41,75,1,1,9413,11474,2,0,58,
2355,24/09/2021,43000,63900,,1,1,38,49,0,1,7536,12464,,0,130,
2356,24/08/2024,346000,472600,0,1,0,47,,1,,49273,,2,0,33,
2357,09/08/2023,219000,456500,0,1,0,35,,1,,38743,,3,0,167,
2358,30/08/2023,79000,129400,0,0,0,58,,1,,20000,,3,2,9,
2359,18/08/2024,119000,188100,0,1,0,62,,1,,20000,,2,0,82,
2360,10/02/2024,201000,416700,0,1,1,44,52,1,0,16790,17106,3,0,183,
2361,01/05/2024,225000,317600,2,1,1,61,51,1,0,10985,17568,2,0,17,
2362,24/02/2022,34000,50300,0,1,0,33,,1,,20000,,2,0,4,
2363,27/02/2022,107000,188100,0,,1,60,34,0,1,8273,11727,0,0,184,16/04/2022
2364,23/07/2024,205000,308600,0,1,1,35,33,1,0,14962,12561,2,1,45,22/08/2024
2365,02/06/2022,130000,226600,0,1,0,35,,0,,20000,,2,2,65,
2366,28/08/2023,108000,156000,0,0,1,40,38,1,0,12388,7612,2,2,59,
2367,09/05/2023,85000,221900,0,1,0,56,,0,,20000,,2,2,10,
2368,17/03/2024,90000,153000,0,1,0,40,,0,,20000,,3,0,182,
2369,22/12/2022,21000,57400,,1,0,46,,0,,20000,,2,,57,
2370,09/06/2023,103000,174100,0,0,0,40,,0,,20000,,2,0,11,
2371,21/02/2022,120000,426400,3,1,1,59,37,0,1,25858,18524,2,0,265,
2372,18/05/2023,45000,81400,0,1,0,51,,1,,20000,,3,0,80,13/05/2023
2373,21/05/2022,141000,189000,0,2,1,68,39,1,0,3860,16140,0,2,195,
2374,09/03/2024,50000,63300,2,1,0,34,,1,,20000,,2,0,60,
2375,05/07/2023,134000,213700,0,1,0,67,,1,,23264,,1,1,15,
2376,14/09/2021,102000,180600,0,1,0,21,,1,,20000,,3,0,11,
2377,20/11/2022,269000,313100,0,1,0,38,,1,,33565,,2,1,,29/12/2022
2378,08/02/2024,91000,171700,3,2,0,40,,0,,20000,,2,0,52,
2379,28/05/2024,87000,115200,0,1,1,53,41,1,0,9061,10939,3,0,53,
2380,10/08/2023,102000,138600,0,2,1,64,46,0,1,15069,4931,2,0,194,
2381,29/05/2024,127000,208300,2,1,0,63,,0,,21765,,1,0,87,
2382,20/08/2022,64000,115400,0,0,1,67,56,0,1,9048,10952,2,0,167,
2383,19/09/2022,147000,200600,3,1,1,39,53,0,1,10940,9060,0,0,10,24/10/2022
2384,02/12/2021,423000,987300,0,1,1,75,61,1,0,21766,55242,3,0,91,
2385,18/03/2023,201000,361500,0,2,0,48,,1,,27643,,3,0,67,14/04/2023
2386,11/03/2024,213000,292700,0,1,0,42,,0,,26947,,3,0,198,
2387,16/04/2024,139000,197500,0,1,0,29,,1,,20000,,,1,,
2388,05/03/2022,248000,408300,0,2,0,75,,0,,39226,,2,0,12,
2389,10/08/2022,87000,187800,,,1,33,35,0,1,10190,9810,0,1,83,
2390,04/08/2022,94000,164700,1,2,1,32,38,1,0,10531,9469,2,1,86,07/09/2022
2391,10/08/2024,65000,106600,0,1,0,53,,1,,20000,,2,0,214,
2392,08/04/2022,302000,411900,,2,0,53,,0,,32794,,2,1,2,
2393,19/04/2022,168000,295500,0,0,0,38,,0,,29613,,2,0,251,
2394,25/08/2024,94000,183700,0,1,0,39,,1,,20000,,2,,98,
2395,15/11/2022,100000,138300,0,,0,73,,0,,20000,,3,0,250,
2396,24/02/2023,142000,245100,0,1,0,31,,0,,21863,,2,0,182,
2397,14/09/2021,17000,27900,0,1,0,56,,1,,20000,,2,0,80,
2398,15/03/2023,234000,355600,0,0,0,71,,1,,25418,,2,0,227,
2399,21/02/2024,195000,281000,0,1,0,55,,0,,20253,,2,0,174,26/03/2024
2400,23/08/2023,132000,205500,0,1,1,36,36,1,0,13719,6281,1,0,157,
2401,17/06/2022,165000,346700,0,2,0,55,,0,,37595,,,0,57,
2402,26/08/2024,219000,308100,0,1,0,45,,1,,28607,,2,0,4,
2403,22/05/2023,119000,189100,0,1,0,64,,1,,20000,,2,1,14,
2404,07/01/2022,61000,113200,0,1,0,54,,1,,20000,,,2,6,
2405,03/06/2023,145000,230800,0,2,0,49,,1,,22914,,2,0,52,
2406,26/02/2024,111000,185700,0,2,0,41,,0,,20000,,,0,8,
2407,25/02/2022,192000,288700,0,1,1,24,27,1,0,6787,20392,2,0,,
2408,19/10/2023,101000,181800,0,2,0,51,,1,,20000,,2,0,206,
2409,01/11/2021,187000,287800,,1,1,43,48,1,0,12711,9180,2,0,86,24/11/2021
2410,03/06/2024,448000,662600,0,1,1,54,38,0,1,24227,39014,3,0,8,17/07/2024
2411,29/04/2023,331000,460300,0,1,1,49,25,0,1,14386,36111,2,0,213,20/06/2023
2412,30/04/2024,116000,209500,0,2,0,18,,1,,20000,,1,0,82,14/05/2024
2413,22/06/2022,124000,278100,3,1,0,38,,0,,20000,,3,1,76,29/06/2022
2414,19/06/2024,153000,205700,0,2,0,56,,1,,20000,,2,1,206,
2415,08/05/2024,220000,330400,0,0,1,61,42,1,0,8811,25452,3,0,9,
2416,04/09/2021,138000,215800,0,1,1,37,48,0,1,11358,8642,3,1,92,
2417,16/06/2024,74000,123800,2,,1,38,22,1,0,5697,14303,2,0,8,01/07/2024
2418,19/11/2022,204000,292400,0,1,1,25,53,1,1,12463,10962,2,0,12,
2419,19/07/2022,84000,206300,0,1,1,35,71,1,0,10532,9468,3,0,193,
2420,03/09/2023,217000,608200,0,1,1,47,75,0,1,41178,16146,2,0,32,
2421,15/10/2021,281000,426500,0,0,1,70,47,0,1,23933,19886,,0,167,
2422,12/02/2022,217000,249100,0,1,1,31,59,0,1,10965,20160,,0,182,
2423,22/03/2024,123000,145900,0,,0,65,,1,,20000,,2,0,14,24/04/2024
2424,21/02/2023,132000,181200,0,1,1,55,44,1,0,12411,7589,2,0,91,
2425,18/08/2024,103000,204300,0,1,0,69,,0,,26214,,3,0,40,
2426,17/06/2023,347000,436400,0,2,0,47,,1,,32994,,,0,190,
2427,16/04/2022,136000,236600,0,2,1,68,40,0,1,11821,11316,,1,31,
2428,23/04/2024,121000,164800,0,1,1,55,58,0,1,10838,9162,2,1,62,
2429,24/03/2023,367000,438900,0,1,0,18,,1,,42267,,3,0,28,
2430,07/10/2022,211000,333000,2,2,1,52,38,1,0,15122,16005,2,1,92,
2431,06/12/2022,206000,246900,0,0,0,27,,1,,20000,,2,0,83,
2432,04/11/2022,260000,411400,0,1,0,44,,0,,45719,,2,1,17,
2433,18/10/2021,213000,420600,0,1,0,61,,1,,58649,,3,0,78,
2434,19/06/2023,118000,193100,0,1,0,45,,0,,20000,,2,0,177,
2435,16/03/2023,85000,167800,0,1,1,54,58,0,1,8701,11299,2,1,13,
2436,22/06/2024,374000,455200,,1,1,26,28,1,0,29204,12434,3,0,172,18/08/2024
2437,27/09/2023,324000,612800,2,2,1,75,43,0,1,36063,18177,3,0,54,10/10/2023
2438,13/06/2024,140000,532200,0,2,0,46,,1,,51331,,3,2,32,05/06/2024
2439,13/05/2024,480000,691000,0,1,1,51,43,1,0,60612,47084,2,0,91,
2440,14/07/2022,128000,201300,0,1,0,68,,1,,20000,,1,2,80,28/08/2022
2441,22/12/2021,214000,305600,0,0,1,37,24,0,1,21416,19491,2,1,82,
2442,30/08/2024,738000,1145100,0,1,0,53,,0,,105633,,2,,,
2443,01/01/2022,62000,115400,0,0,0,36,,0,,20000,,2,0,244,
2444,10/05/2024,238000,390600,3,0,0,42,,0,,31193,,2,0,4,26/05/2024
2445,03/03/2024,61000,101600,0,1,1,71,44,0,1,13579,6421,2,0,19,29/03/2024
2446,04/09/2021,332000,442900,0,2,0,37,,1,,31978,,2,0,221,
2447,22/04/2022,142000,194900,0,1,0,18,,1,,20000,,0,0,,26/05/2022
2448,02/09/2022,164000,237500,0,2,1,45,61,1,0,5438,14994,3,1,85,
2449,24/08/2022,164000,252100,0,0,0,45,,1,,26472,,2,1,79,
2450,28/07/2022,127000,329000,0,0,1,27,56,0,1,12347,10428,2,0,,
2451,24/08/2024,127000,634900,0,1,0,51,,1,,49302,,2,1,78,
2452,09/11/2021,43000,66100,0,1,0,58,,1,,20000,,2,1,81,
2453,17/08/2023,190000,217500,0,1,0,68,,1,,20000,,1,2,41,
2454,27/08/2022,207000,267400,,1,0,33,,1,,26340,,2,1,32,
2455,21/09/2022,163000,277700,0,1,0,36,,0,,20732,,3,0,68,22/10/2022
2456,19/08/2023,88000,202400,0,2,0,36,,0,,24584,,2,0,236,06/09/2023
2457,10/12/2021,58000,184700,0,1,0,52,,1,,20000,,2,0,85,
2458,15/08/2022,161000,257000,3,1,1,42,59,1,1,7159,13950,3,0,88,
2459,19/11/2023,147000,211200,0,1,0,54,,0,,21187,,1,0,195,
2460,05/03/2023,126000,216900,0,,0,63,,1,,20000,,1,0,79,03/04/2023
2461,16/06/2022,140000,232900,0,2,0,44,,0,,22788,,2,0,226,
2462,16/02/2024,188000,319200,,1,1,48,47,0,1,15752,13526,2,1,72,
2463,24/07/2023,145000,501600,0,2,1,44,51,1,0,16464,20293,3,0,3,
2464,21/07/2022,168000,252500,0,1,1,50,48,0,1,22889,23477,3,1,32,
2465,26/06/2022,271000,472300,,1,1,41,18,0,1,18179,18081,3,0,190,02/08/2022
2466,19/09/2023,177000,477900,2,1,0,51,,1,,50036,,2,0,36,
2467,17/11/2021,157000,296600,0,1,0,26,,1,,26716,,2,0,204,
2468,10/08/2022,91000,142100,0,1,0,56,,0,,20000,,2,1,73,10/08/2022
2469,16/08/2022,140000,207000,0,2,1,54,26,1,0,9285,15822,1,0,231,
2470,12/02/2022,114000,143100,2,2,1,61,25,0,1,6470,13530,2,0,89,
2471,20/01/2024,83000,107400,0,1,1,44,54,1,0,6932,13068,2,0,,
2472,14/06/2023,196000,322300,2,1,0,40,,0,,25772,,,1,19,
2473,08/08/2024,279000,376900,,2,1,75,45,0,1,16684,17658,2,2,62,
2474,31/05/2024,138000,207400,2,1,0,70,,1,,20000,,1,2,85,
2475,11/12/2023,126000,217200,0,1,1,40,68,0,1,8590,13224,1,0,56,14/01/2024
2476,01/11/2022,311000,518900,0,1,0,21,,1,,40853,,2,1,86,
2477,27/08/2022,23000,34700,0,2,0,46,,0,,20000,,2,2,86,
2478,13/10/2021,100000,136300,0,1,0,26,,1,,20000,,2,0,199,
2479,12/06/2024,55000,98500,0,,0,42,,0,,20000,,2,0,83,14/06/2024
2480,04/09/2022,213000,291900,0,2,1,18,43,1,1,17755,9754,3,0,75,
2481,30/11/2023,381000,569700,3,0,1,45,73,1,0,36529,14900,3,0,56,
2482,03/09/2022,303000,682400,2,2,0,20,,0,,73454,,3,0,54,12/09/2022
2483,25/08/2023,80000,229700,0,1,0,46,,1,,22305,,2,2,181,05/09/2023
2484,14/02/2023,98000,246900,2,1,0,21,,0,,27047,,3,0,145,
2485,09/09/2022,254000,535000,0,1,0,42,,0,,56061,,2,0,300,
2486,28/06/2023,224000,344900,0,1,1,53,44,0,1,12123,12063,3,0,12,06/08/2023
2487,01/09/2023,97000,209600,0,1,1,33,35,0,1,15517,4483,1,1,,
2488,09/03/2024,87000,140900,0,1,1,35,55,0,1,9027,10973,2,1,83,
2489,08/07/2022,300000,488400,0,0,0,18,,0,,38263,,2,0,,
2490,10/03/2024,22000,33900,0,0,1,35,40,0,1,12323,7677,2,0,54,
2491,27/06/2023,125000,192800,0,0,1,23,56,0,1,16792,3208,3,0,59,
2492,18/08/2023,124000,171000,0,2,0,35,,0,,20000,,2,0,55,
2493,16/03/2022,91000,136500,0,0,0,47,,1,,20000,,2,0,34,
2494,20/02/2022,418000,683200,2,1,0,65,,0,,68176,,3,1,46,05/03/2022
2495,18/02/2024,235000,338300,0,1,0,62,,1,,29216,,3,1,53,
2496,15/02/2024,46000,64700,0,1,0,45,,1,,20000,,3,1,56,
2497,03/07/2022,180000,256700,0,1,1,34,46,0,1,9625,13050,2,0,53,28/07/2022
2498,07/02/2024,131000,200900,0,0,1,52,60,1,0,8303,11697,1,1,55,
2499,09/04/2024,129000,203900,0,2,1,55,58,1,0,8404,11596,2,0,51,
2500,11/12/2022,131000,209700,0,2,0,56,,1,,20000,,1,0,30,27/12/2022
2501,11/04/2024,186000,364500,0,2,0,58,,1,,34909,,3,0,161,
2502,30/11/2023,879000,1138900,0,1,1,22,28,0,1,64363,39192,2,,176,
2503,26/04/2022,124000,192700,0,1,0,39,,0,,20000,,0,0,216,
2504,15/03/2024,130000,194900,0,1,0,53,,1,,20492,,0,0,53,19/04/2024
2505,21/06/2023,66000,93100,0,1,0,41,,1,,20000,,2,1,204,
2506,12/09/2023,338000,535900,0,2,0,28,,1,,34280,,3,0,53,
2507,11/05/2024,145000,254400,0,2,0,49,,1,,25738,,2,0,89,
2508,12/09/2023,83000,240000,2,0,1,39,55,1,0,5370,24446,2,0,169,16/09/2023
2509,14/02/2024,189000,243500,2,2,0,19,,1,,25146,,2,,74,
2510,24/04/2023,146000,200600,0,1,1,58,54,1,0,9819,10181,1,,79,
2511,10/07/2024,141000,201800,0,0,0,32,,1,,20000,,0,,13,
2512,30/12/2021,165000,206500,0,1,0,28,,0,,20000,,2,0,56,
2513,08/09/2022,79000,194100,3,2,0,18,,0,,21463,,2,0,29,22/09/2022
2514,19/10/2022,62000,106500,0,1,1,42,47,0,1,8839,11161,2,0,91,
2515,09/08/2023,99000,203600,0,2,0,18,,1,,20000,,,0,79,
2516,22/05/2024,290000,465500,0,1,0,46,,1,,44093,,2,0,38,
2517,31/08/2024,124000,203000,1,1,1,67,66,0,1,12678,7322,2,0,79,
2518,07/07/2024,101000,195200,0,2,0,43,,0,,20000,,2,0,,28/07/2024
2519,19/04/2022,137000,273600,0,1,1,49,25,1,0,25533,7051,3,0,15,
2520,13/07/2024,77000,179600,0,2,0,37,,0,,20000,,3,1,87,
2521,29/04/2022,406000,551100,0,2,0,25,,0,,43988,,2,,80,
2522,18/01/2024,115000,228000,0,1,0,54,,0,,20000,,2,2,185,
2523,02/02/2022,149000,235900,0,1,0,40,,0,,20000,,2,0,57,
2524,11/12/2023,98000,114700,0,0,0,53,,1,,20000,,2,1,56,20/01/2024
2525,06/06/2024,252000,444300,0,1,1,18,18,0,1,34985,27260,2,0,,25/06/2024
2526,01/09/2024,205000,390400,0,0,0,56,,0,,26618,,3,0,224,
2527,18/12/2021,88000,134900,0,1,0,47,,1,,20000,,2,0,50,10/01/2022
2528,29/08/2023,232000,336800,0,1,1,55,60,0,1,10994,13832,2,0,199,
2529,26/08/2024,197000,302400,0,0,1,38,43,1,0,11950,8050,2,1,12,
2530,03/09/2023,71000,144600,0,1,1,46,59,0,1,8831,11169,3,1,258,23/09/2023
2531,15/07/2022,206000,327200,0,1,1,35,24,1,0,21507,13881,2,0,133,12/08/2022
2532,04/11/2023,113000,183100,0,1,0,47,,1,,20000,,2,0,37,
2533,22/02/2024,246000,435400,0,2,1,40,44,1,0,19136,26102,3,,81,26/03/2024
2534,12/09/2022,127000,223700,0,1,0,27,,1,,20000,,2,0,,
2535,11/08/2022,271000,553300,0,1,1,56,47,0,1,19769,41289,2,1,13,
2536,21/12/2022,111000,179900,0,1,0,31,,0,,20000,,2,0,50,16/01/2023
2537,23/02/2023,169000,264100,1,1,0,61,,0,,21251,,3,1,174,09/03/2023
2538,13/06/2024,379000,633600,0,1,0,35,,0,,42278,,3,0,16,
2539,01/12/2022,74000,179100,0,1,0,36,,1,,20000,,2,2,82,
2540,28/03/2022,68000,85400,0,1,0,41,,1,,20000,,2,1,69,26/03/2022
2541,08/03/2022,98000,136600,0,1,0,37,,1,,20000,,2,0,78,20/03/2022
2542,24/04/2024,323000,696100,0,0,0,39,,1,,61113,,2,0,12,
2543,18/04/2023,49000,127100,0,1,0,45,,0,,20000,,2,1,77,
2544,03/10/2023,262000,358800,,1,1,63,61,1,0,10734,20318,2,0,186,02/11/2023
2545,19/11/2021,101000,215400,0,1,1,27,47,1,0,8933,11067,1,1,17,18/11/2021
2546,08/08/2023,108000,189300,0,2,0,46,,1,,20000,,2,0,79,
2547,20/04/2023,273000,408400,2,1,1,75,45,1,0,30862,12433,2,0,73,
2548,05/09/2021,87000,103000,,1,0,66,,0,,20000,,2,0,13,
2549,10/08/2022,233000,347500,0,0,0,35,,1,,27874,,2,0,16,
2550,05/10/2021,132000,197300,0,1,1,35,28,1,0,10055,9945,0,1,,
2551,02/04/2024,78000,120100,0,0,1,50,57,1,0,13339,6661,3,0,61,
2552,20/04/2022,114000,236300,2,2,0,56,,1,,21906,,,1,85,
2553,01/09/2024,39000,75400,0,2,0,42,,1,,20000,,2,0,16,
2554,19/02/2024,126000,172800,0,2,1,31,36,0,1,9430,11393,2,1,14,
2555,09/09/2021,297000,516300,0,1,0,49,,1,,47881,,3,1,73,
2556,12/11/2023,67000,80200,,1,1,50,18,0,1,9396,10604,2,0,95,
2557,23/07/2024,312000,529500,0,1,0,34,,0,,40993,,3,2,71,
2558,26/02/2024,186000,295000,0,1,1,71,28,0,1,20047,8594,2,0,154,
2559,29/12/2021,167000,361300,0,1,0,60,,0,,34630,,2,0,17,18/01/2022
2560,14/04/2024,79000,157100,0,1,0,61,,1,,20000,,3,0,85,
2561,30/05/2024,333000,489800,0,1,0,38,,1,,53268,,2,0,13,
2562,02/10/2022,146000,191700,0,,0,18,,0,,20103,,0,1,77,23/10/2022
2563,13/12/2023,190000,370300,0,1,0,55,,1,,37936,,2,0,86,
2564,09/11/2021,130000,199700,0,2,0,68,,0,,20000,,1,0,80,
2565,19/07/2024,78000,93400,0,1,1,35,61,0,1,4101,15899,2,0,88,
2566,26/07/2022,143000,193800,0,1,0,30,,0,,21358,,0,1,48,19/08/2022
2567,17/05/2024,147000,207700,0,1,1,36,62,1,0,16059,3941,1,0,17,24/06/2024
2568,24/09/2021,542000,710300,0,,0,35,,0,,54546,,2,0,18,
2569,17/03/2024,68000,170400,0,1,0,63,,1,,20000,,2,0,16,31/03/2024
2570,12/09/2023,67000,177600,0,2,1,25,46,1,0,11136,8864,2,0,48,
2571,07/01/2024,97000,137000,1,,0,47,,0,,20000,,2,,93,19/02/2024
2572,02/04/2024,99000,114500,0,1,0,43,,0,,20000,,,0,54,11/05/2024
2573,06/03/2023,177000,255900,0,1,1,18,72,1,0,6091,13909,2,0,94,
2574,10/07/2023,227000,430800,0,2,1,61,52,1,0,22003,9279,3,0,9,
2575,08/04/2023,145000,215000,0,,0,49,,1,,20000,,2,0,79,
2576,10/04/2024,33000,94000,0,2,0,75,,1,,20000,,2,1,13,06/04/2024
2577,30/03/2022,78000,104300,0,2,0,20,,0,,20000,,2,0,13,
2578,19/04/2023,197000,277800,1,2,1,35,38,0,1,22491,6818,2,,88,
2579,14/02/2024,353000,449600,0,1,0,50,,1,,45139,,3,1,56,
2580,09/08/2024,245000,417500,0,1,0,75,,1,,40693,,3,2,83,
2581,18/12/2021,181000,289300,0,1,0,33,,0,,32454,,2,1,186,
2582,20/08/2024,74000,211800,0,1,1,35,36,1,0,6658,13342,1,0,214,
2583,05/02/2023,169000,332100,0,1,0,63,,1,,34354,,2,0,82,11/02/2023
2584,23/03/2022,311000,363200,0,1,0,41,,1,,30697,,3,0,131,21/05/2022
2585,29/10/2021,283000,527600,0,1,0,43,,1,,46466,,2,0,17,
2586,06/09/2023,95000,183900,0,2,0,46,,0,,20000,,2,1,81,
2587,09/07/2023,190000,296000,0,2,1,32,24,0,1,11939,18174,3,0,,
2588,07/07/2022,290000,367200,0,2,0,37,,0,,36586,,3,1,91,
2589,23/07/2024,397000,644400,0,1,0,35,,0,,82975,,,1,85,
2590,15/04/2022,600000,795600,0,1,0,75,,0,,79284,,3,1,69,30/05/2022
2591,07/06/2024,126000,245300,0,1,0,24,,1,,27612,,,0,81,13/06/2024
2592,27/06/2022,34000,69600,0,1,0,75,,0,,20000,,2,0,14,
2593,05/10/2021,146000,246700,0,2,1,60,34,0,1,12252,7748,2,1,81,18/11/2021
2594,23/08/2024,221000,345900,2,2,1,44,33,1,0,19935,16719,3,0,11,
2595,19/11/2021,562000,764800,3,2,1,41,35,1,0,33062,50259,2,1,52,
2596,07/04/2022,63000,94200,0,1,0,56,,1,,20000,,2,0,18,
2597,03/02/2023,28000,41500,0,1,0,59,,1,,20000,,2,0,15,
2598,24/03/2022,33000,107800,0,0,0,48,,1,,20000,,2,1,69,
2599,31/07/2022,169000,274100,1,0,0,52,,0,,20955,,3,2,89,
2600,20/04/2024,173000,204000,0,1,0,38,,0,,23625,,0,0,37,
2601,06/12/2021,151000,200900,0,1,0,61,,1,,20000,,1,2,185,
2602,26/05/2023,195000,251600,0,1,0,49,,1,,22778,,2,0,62,
2603,25/08/2023,36000,53700,0,1,1,42,57,0,1,15759,4241,3,0,14,
2604,29/03/2024,34000,57400,0,1,1,52,60,0,1,15562,4438,2,0,76,
2605,13/03/2023,153000,230600,0,1,1,35,52,1,1,7347,12653,3,1,41,
2606,14/04/2024,108000,201200,0,1,1,37,51,1,0,6697,13303,2,0,59,
2607,08/06/2023,69000,112400,0,1,0,55,,1,,20000,,2,0,223,
2608,30/12/2021,399000,863500,0,1,0,40,,0,,78386,,3,1,211,
2609,19/03/2023,154000,271600,0,2,0,38,,1,,28030,,2,,7,
2610,10/08/2022,144000,193900,0,,1,51,41,1,0,9195,10805,,0,,
2611,17/08/2023,102000,156300,0,,0,46,,1,,20000,,,1,48,
2612,24/08/2022,62000,86400,0,1,1,75,50,0,0,7001,12999,2,0,159,
2613,19/04/2022,174000,290100,0,1,1,48,68,1,1,9759,15160,2,0,247,26/05/2022
2614,26/01/2024,104000,216000,0,1,0,45,,1,,20000,,1,,76,
2615,09/09/2021,41000,114500,1,2,1,18,31,0,1,6922,13078,2,0,35,
2616,11/02/2023,82000,174200,0,2,0,48,,1,,20000,,2,0,62,15/02/2023
2617,01/08/2023,155000,244400,0,1,0,18,,1,,20000,,2,0,61,21/08/2023
2618,07/08/2024,68000,118100,0,2,1,56,56,1,0,9812,10188,2,0,80,
2619,23/03/2023,494000,850200,0,1,0,29,,1,,69308,,2,0,138,
2620,26/10/2022,333000,478300,0,2,0,62,,1,,56251,,2,0,73,
2621,09/12/2023,148000,258300,0,1,0,18,,0,,20780,,2,2,67,
2622,28/08/2022,236000,310600,1,2,1,37,35,0,1,4243,24867,2,0,75,
2623,07/05/2024,322000,429700,0,1,0,64,,1,,41719,,2,,183,
2624,19/06/2022,217000,321500,0,0,1,55,25,0,1,14059,13510,3,1,88,
2625,12/01/2023,170000,275700,0,1,1,45,75,1,0,15062,14788,2,0,75,08/02/2023
2626,10/05/2023,179000,286200,0,1,0,71,,0,,23788,,2,1,61,
2627,16/11/2021,148000,251500,0,1,1,72,67,0,1,12535,11235,3,0,30,
2628,25/08/2023,28000,44400,0,2,0,60,,1,,20000,,2,0,147,
2629,28/03/2022,262000,452200,0,1,0,75,,1,,31463,,2,0,3,
2630,01/07/2024,120000,169800,0,1,1,65,37,0,1,7795,12205,2,1,41,
2631,15/10/2022,141000,206200,3,1,0,26,,0,,23155,,1,0,59,
2632,03/10/2022,424000,589800,0,2,0,20,,0,,46731,,2,0,212,07/11/2022
2633,17/06/2024,154000,201600,0,1,0,34,,0,,20000,,1,0,76,
2634,08/08/2024,222000,347500,0,1,0,27,,0,,24929,,2,0,206,
2635,20/08/2024,80000,129500,0,1,0,27,,0,,20000,,2,1,73,
2636,19/01/2022,123000,166100,0,2,0,23,,1,,20000,,2,1,216,
2637,02/08/2022,194000,315200,0,1,0,53,,0,,23564,,3,2,35,31/08/2022
2638,14/06/2023,114000,238400,0,2,0,55,,0,,28932,,3,0,194,18/07/2023
2639,03/06/2023,85000,228700,0,1,1,62,51,1,0,17929,4596,2,1,79,
2640,11/05/2022,348000,545000,0,0,0,75,,0,,53827,,2,0,40,14/06/2022
2641,28/09/2023,542000,674500,3,1,0,63,,1,,75562,,2,0,169,
2642,19/12/2021,544000,726800,0,1,0,45,,1,,76236,,3,0,12,07/01/2022
2643,03/11/2023,139000,208000,0,1,0,55,,1,,20000,,1,0,182,
2644,15/08/2023,132000,210000,0,1,0,61,,0,,20000,,1,1,194,
2645,01/01/2022,176000,373300,1,1,1,56,36,0,1,5279,19783,3,2,76,
2646,10/09/2021,160000,336400,0,2,1,27,36,1,0,12107,18554,2,0,82,
2647,10/03/2023,19000,96300,0,0,0,36,,1,,20000,,2,0,59,05/03/2023
2648,15/06/2023,217000,321400,0,,0,64,,0,,24109,,2,0,77,30/06/2023
2649,17/07/2022,264000,503800,0,1,0,73,,1,,49732,,3,2,70,17/08/2022
2650,06/04/2023,160000,209200,1,2,0,48,,1,,21123,,1,0,6,
2651,27/08/2024,104000,137600,0,1,1,64,44,0,1,8670,11330,2,0,73,
2652,04/11/2022,130000,205100,,1,1,40,54,0,1,16263,6809,1,0,51,
2653,22/07/2024,134000,198800,0,1,1,74,35,0,1,9392,10608,2,0,204,
2654,23/03/2023,132000,285400,0,1,1,35,25,1,0,13369,14495,2,1,9,
2655,16/07/2023,83000,163400,0,1,1,40,50,1,0,3271,16729,2,0,37,05/08/2023
2656,26/04/2022,96000,145300,0,2,0,36,,0,,20000,,2,1,75,18/05/2022
2657,19/08/2022,130000,256200,0,2,1,48,71,0,1,16509,4740,,,,
2658,30/08/2023,237000,311100,0,1,0,47,,1,,24122,,2,0,15,
2659,28/11/2023,274000,389000,1,1,0,44,,0,,27497,,2,,,
2660,04/02/2022,75000,119000,0,2,0,35,,0,,20000,,3,0,77,
2661,21/02/2022,80000,199900,0,2,0,66,,1,,20000,,0,0,195,
2662,01/08/2022,355000,464100,0,1,0,39,,0,,52421,,3,0,7,
2663,04/11/2023,112000,145100,0,1,1,32,26,1,0,7723,12277,3,0,89,16/12/2023
2664,09/05/2023,169000,283400,0,2,0,42,,1,,28819,,2,1,15,
2665,22/08/2022,110000,133300,3,2,0,35,,0,,20000,,2,0,14,
2666,15/05/2023,194000,269600,0,1,0,28,,0,,20000,,2,0,193,
2667,29/03/2024,263000,503400,2,2,1,49,35,0,1,50523,21184,3,0,12,
2668,16/02/2024,117000,197200,0,,1,55,51,1,0,11354,8646,0,2,220,
2669,25/07/2022,87000,122300,0,1,0,18,,0,,20000,,3,1,92,
2670,20/05/2022,83000,199200,0,0,0,30,,1,,20000,,2,0,223,07/06/2022
2671,28/07/2022,95000,196100,3,1,0,18,,1,,20000,,2,0,230,
2672,15/06/2022,72000,162400,0,0,1,48,18,1,0,11677,8323,2,0,83,02/07/2022
2673,19/04/2024,75000,132700,0,,0,47,,1,,20000,,2,0,75,13/04/2024
2674,24/11/2021,333000,441800,0,2,1,29,59,1,0,35996,13264,,1,55,27/12/2021
2675,10/07/2023,122000,213000,0,2,0,69,,1,,20000,,1,0,29,30/07/2023
2676,06/04/2024,207000,380300,0,1,1,26,58,1,0,17484,14471,2,1,12,
2677,16/10/2021,111000,211000,0,1,1,37,74,0,1,8649,11351,1,0,64,
2678,31/08/2023,236000,372100,0,2,1,40,37,0,1,22031,9939,,0,5,
2679,27/09/2022,33000,78600,0,2,0,30,,1,,20000,,2,0,,24/09/2022
2680,15/02/2022,124000,198800,0,0,0,43,,0,,20000,,0,0,226,
2681,02/06/2022,117000,168900,0,2,0,45,,1,,20000,,,0,12,13/07/2022
2682,12/09/2021,152000,212100,0,1,0,18,,0,,20000,,2,0,166,
2683,17/08/2022,453000,606500,1,1,0,33,,0,,65513,,3,0,30,
2684,01/01/2022,200000,842900,0,0,1,65,46,0,1,40872,20703,3,2,58,
2685,23/11/2022,27000,59700,0,1,1,52,18,1,0,10366,9634,2,0,87,
2686,20/02/2022,94000,304200,,1,1,53,32,1,0,5918,22746,,1,34,
2687,16/08/2022,79000,151900,0,2,1,48,31,0,1,13650,6350,2,1,17,05/09/2022
2688,12/03/2022,37000,51900,0,1,0,63,,1,,20000,,2,2,10,
2689,24/04/2024,114000,278400,0,1,0,66,,1,,26136,,2,0,8,
2690,22/08/2023,122000,201300,0,1,0,41,,1,,20000,,0,0,238,
2691,04/07/2022,121000,202500,1,1,0,42,,1,,20000,,1,0,16,
2692,09/07/2023,102000,321400,0,1,0,66,,1,,38528,,3,0,234,24/07/2023
2693,16/04/2022,117000,207600,0,1,1,33,27,1,0,12407,7593,2,0,81,07/05/2022
2694,19/11/2023,355000,588200,0,1,0,34,,0,,46714,,2,1,,
2695,24/12/2023,131000,188700,0,1,1,61,54,1,0,9561,10439,2,0,48,
2696,19/03/2023,168000,254400,,0,0,59,,0,,23909,,2,1,179,22/04/2023
2697,01/09/2022,93000,123900,0,,1,48,24,0,1,9497,10503,3,,83,
2698,04/09/2023,107000,143000,0,2,0,26,,1,,20000,,3,0,57,27/09/2023
2699,10/01/2024,510000,657400,0,1,0,39,,1,,86998,,3,0,43,11/02/2024
2700,06/01/2024,99000,138100,1,1,0,52,,1,,20000,,2,1,83,
2701,11/02/2022,273000,366400,0,2,1,24,51,1,0,18963,10232,3,2,84,
2702,07/09/2023,164000,260800,0,0,1,19,65,0,1,12346,7654,2,0,76,
2703,26/07/2022,209000,282900,0,2,0,75,,1,,25431,,2,0,82,
2704,03/09/2022,86000,157800,0,2,0,42,,0,,20000,,2,1,60,
2705,20/08/2023,97000,138900,0,1,0,28,,1,,20000,,2,0,73,
2706,16/08/2022,189000,238500,0,1,0,33,,1,,21695,,2,0,,
2707,15/02/2023,275000,556800,0,0,0,31,,1,,35989,,3,0,214,
2708,02/08/2022,56000,113700,0,1,0,38,,1,,20000,,2,0,41,
2709,28/08/2022,126000,203200,0,2,0,67,,0,,20000,,,0,65,23/09/2022
2710,02/04/2024,169000,236400,0,1,1,31,33,0,1,17508,10458,3,1,87,
2711,02/08/2023,140000,201600,0,2,0,32,,0,,20977,,,0,206,
2712,21/05/2023,137000,215600,0,2,1,39,49,1,0,15700,10559,1,0,183,
2713,08/05/2023,130000,195000,0,1,0,64,,1,,20000,,2,1,76,
2714,23/04/2023,154000,203600,2,1,0,70,,0,,24379,,3,0,34,
2715,25/06/2022,125000,204500,0,0,0,29,,1,,20000,,1,0,200,
2716,09/05/2023,129000,199400,0,1,0,35,,0,,24029,,1,1,52,
2717,19/06/2022,62000,116000,0,2,0,64,,1,,20000,,2,1,55,
2718,21/03/2024,123000,206800,2,1,0,24,,1,,20000,,1,0,49,
2719,13/12/2021,83000,117700,0,1,0,75,,0,,20000,,2,0,13,
2720,22/08/2023,230000,470800,0,1,0,48,,0,,32355,,,0,225,24/09/2023
2721,01/06/2023,111000,179200,0,2,1,39,39,1,0,9251,10749,2,0,81,
2722,23/08/2023,41000,93900,0,2,1,52,54,1,0,2278,17722,2,1,74,
2723,26/08/2024,114000,196500,0,1,0,27,,0,,21865,,0,0,194,
2724,17/02/2024,210000,509100,0,2,0,52,,0,,81551,,2,,0,28/02/2024
2725,23/08/2022,50000,130500,0,1,1,32,56,1,0,7629,12371,2,0,16,
2726,03/04/2023,236000,282400,0,2,1,46,28,1,0,16780,18027,2,0,31,
2727,12/09/2021,185000,240500,0,0,1,73,37,1,0,10449,9636,2,2,86,
2728,06/09/2021,251000,357600,0,1,1,33,48,1,1,8640,22593,2,0,41,12/11/2021
2729,03/07/2024,152000,206700,1,1,0,57,,0,,20000,,1,0,73,
2730,17/02/2023,145000,206900,0,2,0,28,,0,,20000,,1,,172,27/03/2023
2731,31/07/2024,129000,198300,0,2,0,42,,1,,20000,,0,0,74,
2732,24/10/2022,135000,184500,0,0,0,51,,0,,24341,,2,1,92,
2733,31/08/2024,229000,299000,0,1,0,52,,0,,27997,,3,1,167,
2734,13/10/2023,348000,623700,0,1,0,42,,1,,43208,,2,0,49,
2735,07/04/2022,99000,198600,0,1,0,53,,0,,22464,,2,1,89,
2736,02/02/2022,387000,489900,0,2,1,58,47,0,1,33399,12377,2,0,84,
2737,02/04/2022,126000,208000,0,2,0,32,,0,,20000,,3,2,171,15/05/2022
2738,05/05/2022,142000,285900,0,1,0,30,,0,,20000,,2,0,31,
2739,29/03/2023,149000,206800,0,1,0,48,,0,,20000,,1,1,,
2740,15/08/2023,42000,94100,0,2,1,43,49,1,0,12413,7587,2,0,53,
2741,02/09/2022,113000,152500,,1,0,18,,1,,20000,,2,0,12,
2742,23/03/2024,29000,84700,0,1,0,46,,0,,20000,,2,1,216,
2743,22/08/2023,68000,115100,0,2,0,53,,0,,20000,,2,0,233,
2744,20/05/2023,361000,592700,0,2,0,66,,1,,53182,,3,2,8,
2745,16/04/2022,75000,177300,0,2,1,18,57,0,1,10516,9484,2,1,53,
2746,11/12/2023,193000,249300,0,1,0,31,,1,,21260,,2,0,58,
2747,26/10/2022,74000,114600,0,1,0,59,,0,,20000,,2,0,71,
2748,08/07/2023,89000,124900,0,1,0,30,,1,,20000,,2,0,34,23/07/2023
2749,31/05/2024,203000,342400,0,0,0,48,,1,,24888,,3,0,206,29/06/2024
2750,17/01/2022,190000,346500,0,1,1,38,44,1,0,11276,19077,2,0,60,
2751,12/04/2023,64000,106300,0,1,1,36,57,1,0,7938,12062,2,1,0,
2752,25/08/2022,100000,134500,0,0,1,44,37,0,1,8635,11365,2,0,56,
2753,17/05/2023,264000,367500,0,1,0,64,,1,,31119,,3,0,52,
2754,08/09/2021,125000,191900,0,2,1,54,48,0,1,4718,15282,2,0,74,10/10/2021
2755,30/03/2023,85000,104000,0,2,1,45,54,0,1,8974,11026,2,0,54,
2756,13/06/2023,238000,421700,,1,1,38,55,0,1,8937,22469,3,2,42,19/07/2023
2757,09/01/2023,48000,141300,0,1,0,48,,1,,20000,,2,0,15,29/12/2022
2758,07/02/2023,69000,118100,0,1,0,45,,1,,20000,,2,0,78,29/01/2023
2759,29/08/2022,70000,214000,,0,0,47,,0,,20000,,2,2,13,
2760,18/08/2022,84000,148800,0,2,0,51,,0,,20000,,2,1,6,
2761,30/08/2023,365000,659000,0,1,1,54,24,1,1,19256,28037,3,1,71,
2762,10/03/2022,105000,249800,0,1,1,50,22,1,1,12579,7421,2,0,54,
2763,16/08/2022,143000,207900,0,,0,41,,1,,20000,,1,0,34,
2764,16/12/2023,267000,450400,0,2,1,43,55,0,1,20871,24201,3,0,16,09/01/2024
2765,23/02/2022,109000,212400,0,1,0,60,,1,,20000,,1,0,214,
2766,20/04/2024,97000,197800,0,1,0,59,,0,,20724,,2,0,6,
2767,21/04/2023,102000,155500,0,1,0,61,,1,,20000,,2,0,137,
2768,25/03/2023,101000,139900,0,2,0,36,,1,,20000,,2,0,82,25/04/2023
2769,17/02/2024,133000,344600,0,2,1,42,32,0,1,18434,16577,2,2,209,01/03/2024
2770,15/08/2022,121000,201200,0,0,1,64,46,0,1,13766,6562,2,,57,
2771,25/01/2023,152000,198700,0,1,0,37,,0,,20000,,0,1,61,
2772,16/05/2022,119000,202400,0,1,1,72,31,1,0,13971,6029,0,0,75,14/06/2022
2773,07/09/2021,112000,175100,3,1,0,71,,1,,20000,,2,0,190,
2774,30/04/2024,166000,323800,0,1,0,35,,0,,25214,,2,0,201,
2775,16/02/2022,167000,257900,0,1,1,30,54,0,1,5025,19237,,0,51,
2776,29/07/2022,70000,124300,0,1,0,43,,0,,20000,,,1,61,
2777,04/07/2022,41000,138000,0,1,0,44,,1,,20000,,2,2,169,
2778,10/08/2023,203000,252400,0,1,1,43,22,1,0,14612,5388,,1,142,
2779,24/08/2023,27000,57200,0,1,0,47,,0,,20000,,2,2,83,30/08/2023
2780,10/07/2022,111000,213100,0,1,0,43,,1,,22003,,1,1,81,18/08/2022
2781,16/12/2023,177000,274000,0,1,0,39,,0,,24416,,2,0,6,
2782,19/06/2023,176000,265700,0,1,0,25,,1,,26196,,2,0,87,
2783,16/05/2024,310000,470100,0,1,0,51,,0,,52665,,2,0,12,
2784,25/08/2022,105000,188500,0,1,0,52,,0,,24333,,0,,88,
2785,22/08/2022,73000,147600,0,2,0,36,,1,,20000,,3,0,90,03/09/2022
2786,16/04/2022,135000,202500,0,1,1,20,19,1,0,13761,6239,0,0,127,22/05/2022
2787,24/12/2022,97000,209200,0,2,1,18,61,1,0,8929,11071,1,0,51,
2788,09/07/2024,156000,215900,0,2,0,53,,0,,21832,,3,0,78,14/07/2024
2789,23/02/2022,227000,429100,0,2,1,57,56,1,0,16822,23342,2,,15,
2790,07/02/2022,114000,201900,0,0,0,18,,0,,21851,,0,0,207,
2791,21/08/2022,123000,141600,0,0,1,26,18,0,1,11546,8454,2,0,199,
2792,04/03/2023,125000,185400,0,1,0,43,,1,,20000,,2,0,56,
2793,25/11/2021,57000,124400,0,1,1,33,38,0,1,9917,10083,2,1,60,
2794,15/02/2023,29000,51000,0,2,0,34,,1,,20000,,2,0,79,
2795,12/05/2024,163000,297900,0,1,1,45,34,0,1,23424,15475,2,0,85,16/05/2024
2796,26/08/2024,347000,529700,0,1,1,54,41,1,0,24711,19703,2,1,78,
2797,15/02/2023,170000,350500,0,2,1,66,37,0,1,13715,13789,2,0,54,
2798,24/08/2023,211000,384400,0,1,1,37,61,1,0,13243,38510,3,0,73,15/09/2023
2799,26/03/2022,115000,200600,0,1,0,56,,0,,23497,,1,0,,
2800,03/06/2022,147000,196400,,2,0,41,,0,,20000,,0,0,56,
2801,28/02/2023,134000,195400,0,1,0,33,,1,,20000,,2,,8,
2802,27/12/2022,277000,479400,0,1,0,68,,0,,50719,,2,0,8,16/01/2023
2803,23/10/2022,85000,140400,0,1,0,63,,1,,20000,,2,2,18,
2804,26/03/2024,187000,383500,0,2,0,42,,0,,33082,,2,0,31,
2805,06/10/2023,43000,92700,1,1,0,63,,0,,20000,,2,1,88,
2806,26/04/2023,51000,80300,0,,1,59,55,0,1,11286,8714,2,1,7,30/05/2023
2807,23/05/2023,100000,202500,0,1,0,54,,0,,20000,,2,1,82,
2808,27/06/2023,240000,303300,0,1,1,31,30,1,0,19924,11338,2,1,63,
2809,09/09/2022,48000,72400,0,1,0,35,,1,,20000,,3,1,88,27/09/2022
2810,04/04/2022,122000,206500,0,1,1,55,50,0,0,7210,20386,1,0,7,
2811,01/09/2022,174000,242100,0,1,0,66,,1,,20112,,2,0,196,
2812,30/12/2022,175000,380900,0,0,1,50,34,0,0,10651,19925,3,0,88,
2813,07/08/2023,45000,64000,0,2,0,38,,0,,20000,,2,1,211,17/09/2023
2814,23/04/2022,36000,51200,0,0,1,46,62,0,1,10022,9978,2,,94,
2815,12/08/2023,270000,462000,0,2,0,49,,1,,32484,,2,1,90,
2816,12/03/2024,118000,213700,0,2,0,54,,1,,26214,,2,0,55,
2817,16/08/2024,125000,209600,0,1,1,42,50,0,1,18293,1707,3,0,183,
2818,02/04/2023,221000,354200,2,2,0,41,,1,,37310,,3,2,233,
2819,25/03/2024,62000,100500,0,1,0,50,,1,,20000,,2,1,224,
2820,23/08/2023,99000,163600,0,1,0,44,,1,,20000,,2,2,74,22/09/2023
2821,07/09/2021,304000,486700,0,1,0,37,,1,,45956,,3,1,10,
2822,16/04/2023,83000,391400,0,1,0,48,,0,,29633,,2,0,35,
2823,03/02/2024,73000,129400,2,1,1,44,18,0,1,13962,6038,2,0,52,
2824,25/04/2024,122000,207200,2,1,0,51,,1,,20000,,1,2,158,27/05/2024
2825,03/12/2023,290000,337500,1,1,0,54,,0,,24838,,2,,,
2826,08/05/2024,167000,287700,0,1,1,37,47,0,0,5006,25742,2,0,11,
2827,05/10/2021,157000,196700,0,2,1,54,64,0,1,4554,15446,0,2,66,
2828,28/06/2022,108000,184800,0,1,0,66,,0,,20000,,2,,71,14/07/2022
2829,21/02/2023,32000,46000,0,2,1,75,36,0,1,11020,8980,2,1,83,27/02/2023
2830,13/04/2022,141000,204800,0,1,0,70,,0,,20870,,2,1,51,26/05/2022
2831,27/04/2022,57000,73600,0,1,0,60,,1,,20000,,2,0,56,
2832,09/09/2021,109000,210500,,2,0,42,,0,,20920,,1,2,183,
2833,30/05/2022,378000,733100,0,1,0,45,,1,,66178,,2,0,197,
2834,28/08/2022,211000,284500,0,1,0,41,,1,,24552,,2,1,83,
2835,13/02/2023,340000,473500,,1,0,41,,1,,42299,,2,0,2,06/03/2023
2836,10/04/2024,81000,184800,0,1,1,46,60,0,1,11192,8808,2,0,96,
2837,02/02/2023,278000,439200,0,1,1,47,48,0,1,11835,18329,2,0,46,16/03/2023
2838,02/10/2022,119000,213600,0,1,1,43,62,1,0,11356,12624,1,0,88,
2839,08/05/2024,164000,402600,0,1,1,33,33,0,1,27869,26563,2,0,81,
2840,12/03/2022,131000,210800,0,,0,42,,0,,20148,,3,1,58,27/03/2022
2841,12/09/2021,745000,1156700,,1,0,46,,0,,84712,,2,0,59,
2842,24/12/2022,322000,457100,0,1,1,71,31,0,1,12975,18756,3,2,5,29/01/2023
2843,28/01/2023,47000,74800,0,1,0,50,,0,,20000,,2,0,71,
2844,30/11/2023,194000,423300,0,1,1,37,37,1,0,13504,16951,3,0,33,
2845,07/09/2022,248000,356200,0,2,0,48,,1,,29985,,2,0,2,
2846,04/07/2023,64000,113000,0,2,0,18,,0,,20000,,2,0,10,
2847,30/08/2024,230000,358700,0,1,1,48,18,1,0,15551,20479,2,2,82,
2848,12/09/2022,155000,389200,0,1,0,38,,0,,34154,,2,2,79,
2849,24/11/2021,669000,1053500,0,2,1,40,44,1,0,29990,40250,2,0,85,23/12/2021
2850,23/05/2022,99000,212200,2,1,1,33,44,0,1,9138,13006,1,2,74,
2851,08/09/2022,101000,209000,0,2,0,43,,0,,20000,,2,1,48,19/09/2022
2852,28/06/2023,157000,209200,0,2,0,18,,1,,24273,,1,0,57,
2853,05/09/2021,181000,514300,1,1,0,52,,1,,54906,,3,0,88,22/09/2021
2854,18/02/2023,548000,1223000,0,2,0,50,,1,,222645,,3,0,61,11/02/2023
2855,02/04/2023,115000,274000,0,2,1,18,24,1,0,10588,11652,3,0,163,
2856,06/09/2022,193000,268400,0,1,1,40,55,1,0,12137,24466,3,0,172,
2857,29/07/2024,106000,200800,3,1,0,45,,1,,20000,,2,0,80,
2858,28/08/2023,230000,320100,0,2,0,35,,0,,27334,,2,0,205,
2859,26/04/2023,282000,477800,1,1,1,38,48,1,0,12547,30073,3,0,179,
2860,17/09/2023,126000,193800,0,1,1,23,39,1,0,7874,12629,0,,134,
2861,01/09/2022,594000,792500,0,1,1,42,45,1,0,39254,30981,3,0,75,
2862,09/01/2024,44000,94500,0,1,1,59,57,1,0,7250,12750,2,,18,15/01/2024
2863,02/07/2023,30000,96400,0,2,0,45,,0,,20000,,3,0,85,04/07/2023
2864,22/08/2022,124000,201700,0,1,1,42,47,0,1,16253,3822,1,1,219,
2865,02/07/2023,141000,191500,0,1,1,43,29,0,1,9763,10237,,0,235,07/08/2023
2866,07/10/2021,169000,335800,0,2,0,62,,0,,29735,,3,0,51,
2867,23/04/2022,266000,377600,0,,1,29,63,0,1,17884,12328,2,0,5,
2868,23/06/2024,99000,124000,0,1,1,49,65,0,1,12459,7541,2,0,1,11/07/2024
2869,05/10/2022,125000,246900,0,1,0,57,,0,,24708,,2,0,12,
2870,25/09/2022,113000,202800,0,0,0,58,,1,,20000,,1,0,271,
2871,20/03/2022,73000,78300,0,1,0,59,,1,,20000,,2,0,69,
2872,13/08/2023,112000,207600,,2,0,58,,0,,20000,,1,2,202,11/09/2023
2873,12/02/2022,160000,206600,0,0,0,28,,1,,20000,,1,0,,23/03/2022
2874,15/07/2024,206000,352200,0,2,0,35,,1,,55734,,2,0,86,29/07/2024
2875,05/05/2023,95000,147900,1,,1,44,53,1,0,11880,8120,2,0,234,
2876,24/04/2023,472000,662700,0,1,0,45,,1,,79013,,2,0,161,09/06/2023
2877,19/04/2024,178000,222500,0,1,1,63,61,0,1,7079,12921,3,0,0,
2878,12/05/2022,83000,163700,0,2,1,75,56,0,1,6044,13956,2,2,,
2879,05/03/2022,96000,196100,0,2,0,58,,1,,25632,,0,0,13,
2880,03/09/2021,24000,65100,0,1,1,58,47,1,0,13495,6505,2,2,38,
2881,16/10/2022,63000,143300,1,2,0,46,,0,,20000,,2,,12,04/11/2022
2882,15/02/2023,369000,556500,0,2,1,23,63,1,0,24720,18449,3,0,157,16/03/2023
2883,13/03/2023,784000,992400,2,1,1,52,54,0,1,40803,37391,2,0,34,
2884,08/10/2023,104000,147900,0,1,0,27,,1,,20000,,2,0,81,
2885,31/08/2024,178000,316500,,1,0,29,,1,,30369,,3,0,49,
2886,03/02/2023,175000,336500,0,1,1,60,73,1,0,11831,22017,3,0,4,
2887,10/08/2024,206000,245300,0,1,0,18,,1,,23037,,3,0,143,
2888,07/02/2022,134000,246600,0,1,1,51,42,0,1,14170,8800,3,0,177,
2889,08/11/2021,51000,90800,0,1,1,66,18,0,1,14409,5591,2,0,0,
2890,05/12/2023,196000,281200,0,1,0,32,,0,,26677,,2,0,84,
2891,10/04/2022,64000,82000,0,1,0,27,,1,,20000,,2,0,74,04/05/2022
2892,22/06/2023,282000,493900,0,1,1,31,50,1,0,18598,16236,2,0,80,
2893,26/08/2024,56000,77500,0,1,1,36,29,1,0,8871,11129,2,2,74,
2894,16/03/2023,144000,211700,3,2,0,58,,0,,22398,,1,0,28,
2895,23/02/2023,130000,204700,0,1,0,44,,1,,20000,,0,2,85,
2896,31/05/2024,118000,157400,0,1,0,39,,1,,20000,,2,0,14,29/06/2024
2897,28/01/2023,121000,151500,0,0,1,53,57,0,0,10183,9817,2,0,38,
2898,03/08/2024,146000,256600,0,2,1,36,34,1,0,15724,5403,2,1,8,27/07/2024
2899,28/04/2023,71000,176400,0,0,1,38,64,0,1,11024,8976,3,0,4,11/05/2023
2900,12/08/2022,160000,474900,2,,1,32,31,0,1,28049,11333,2,1,13,
2901,17/03/2024,138000,175400,0,0,1,18,55,1,0,10257,10487,2,0,56,30/03/2024
2902,29/01/2024,132000,206700,0,1,1,33,23,1,0,8139,11861,2,1,6,09/02/2024
2903,27/12/2021,153000,209600,0,1,0,60,,0,,21544,,3,0,57,
2904,14/06/2022,85000,114800,0,2,0,23,,0,,20000,,2,0,81,28/06/2022
2905,02/03/2023,155000,288700,0,1,0,55,,0,,27649,,2,0,14,
2906,14/07/2022,172000,197700,0,,0,52,,1,,20000,,0,1,6,29/08/2022
2907,17/08/2023,173000,302500,0,1,0,54,,0,,25450,,2,0,16,
2908,11/09/2022,159000,230100,0,2,0,50,,1,,28499,,2,0,54,
2909,04/11/2023,97000,303000,0,1,0,20,,0,,26249,,2,1,12,
2910,20/11/2022,137000,293000,0,1,0,62,,0,,24793,,3,0,53,
2911,20/07/2022,262000,337200,0,1,1,41,32,1,0,21454,11576,3,0,,07/09/2022
2912,16/08/2024,81000,254900,2,2,0,41,,0,,20129,,2,1,59,25/08/2024
2913,04/09/2022,666000,945400,0,1,0,29,,1,,72236,,3,0,229,
2914,15/04/2023,93000,159100,0,,1,46,44,1,0,13271,6729,3,0,69,
2915,27/08/2023,164000,185100,0,,0,75,,0,,20000,,2,0,87,
2916,09/09/2022,107000,203000,2,0,0,42,,0,,22229,,0,0,46,
2917,19/06/2022,115000,189400,0,1,1,34,41,1,0,8916,11084,2,0,85,16/07/2022
2918,03/02/2024,207000,314000,0,1,1,52,44,1,0,16845,6583,2,0,216,
2919,24/10/2023,74000,88200,0,0,1,25,47,0,0,11578,8422,2,0,75,
2920,12/04/2023,144000,201400,,2,0,67,,0,,20032,,1,0,160,12/05/2023
2921,17/12/2022,153000,203500,0,1,0,49,,1,,24995,,,0,278,09/01/2023
2922,23/07/2022,131000,206900,3,1,0,46,,0,,21092,,1,0,16,
2923,12/02/2022,52000,169200,0,1,1,45,59,1,0,12587,7413,3,0,90,18/02/2022
2924,11/08/2023,395000,525300,0,1,0,61,,0,,44626,,3,0,190,
2925,14/01/2024,163000,512900,0,1,1,22,30,0,1,23536,21737,2,0,14,
2926,08/06/2023,102000,135600,0,1,0,36,,1,,20000,,2,0,,
2927,22/08/2023,173000,234400,0,2,0,44,,1,,20070,,2,0,53,07/09/2023
2928,15/02/2022,223000,367700,0,1,0,48,,1,,34611,,2,2,88,
2929,05/10/2021,160000,201300,0,0,0,54,,1,,20771,,1,1,177,
2930,06/01/2024,45000,157900,0,1,0,59,,0,,20000,,3,0,50,
2931,21/06/2024,160000,196500,0,1,1,37,43,1,0,13137,14350,0,0,90,
2932,02/09/2023,112000,200300,0,1,0,47,,1,,20000,,,0,12,
2933,10/04/2024,62000,83500,2,1,1,51,54,1,0,11393,8607,2,1,85,
2934,28/11/2022,138000,204700,0,1,1,59,59,1,0,7459,12541,1,0,234,
2935,28/08/2022,126000,204200,0,,0,37,,0,,20000,,2,0,59,
2936,01/09/2024,341000,568400,0,1,0,61,,0,,43023,,3,0,30,
2937,23/07/2023,117000,223100,0,0,1,36,39,0,1,17001,2999,2,1,86,
2938,15/01/2022,140000,217800,0,2,0,29,,1,,20000,,1,0,78,17/01/2022
2939,06/04/2024,127000,318900,0,2,1,54,22,1,0,14570,14348,2,0,0,09/05/2024
2940,21/02/2023,73000,128800,0,1,1,27,47,0,1,11119,8881,2,2,73,
2941,31/07/2024,126000,292800,0,1,1,55,50,0,1,14891,8948,2,0,58,
2942,27/05/2022,91000,276900,0,2,1,75,42,0,0,6133,25526,3,0,12,
2943,25/01/2022,295000,312800,0,0,0,48,,1,,28613,,2,0,192,
2944,07/02/2024,62000,80400,3,2,0,48,,0,,20000,,3,1,138,
2945,19/06/2023,123000,166700,0,1,0,45,,0,,20000,,2,0,87,
2946,28/08/2023,149000,347600,0,0,0,31,,0,,31700,,2,0,224,
2947,28/01/2023,84000,240500,0,1,1,55,45,1,0,14823,10248,3,0,73,
2948,22/08/2024,301000,596100,0,1,0,41,,0,,48154,,2,0,184,
2949,11/08/2023,213000,247900,2,1,0,19,,0,,29012,,3,0,58,
2950,25/02/2022,218000,359500,0,2,1,18,66,1,1,24080,15090,2,0,139,12/04/2022
2951,18/02/2023,407000,515700,0,1,0,42,,1,,49691,,3,0,179,
2952,06/12/2022,264000,529800,0,1,0,18,,0,,48498,,2,1,85,21/12/2022
2953,30/12/2021,139000,247800,0,,1,46,48,0,1,9742,13326,3,1,204,12/02/2022
2954,21/08/2024,111000,213200,,0,0,72,,1,,20991,,1,1,72,
2955,11/12/2021,86000,122300,0,1,0,59,,0,,20000,,2,1,191,26/01/2022
2956,03/01/2022,90000,209900,0,2,1,18,66,0,1,10756,9244,1,0,72,10/01/2022
2957,27/10/2021,54000,110600,0,1,0,41,,1,,20000,,2,0,77,
2958,01/09/2024,100000,169900,0,2,0,39,,0,,20000,,3,0,145,
2959,23/03/2023,269000,428700,1,0,0,63,,0,,52032,,2,0,217,
2960,24/02/2024,46000,97800,0,1,1,55,32,1,0,13453,6547,2,0,82,
2961,08/09/2021,135000,174500,2,2,1,62,75,0,1,15245,4755,2,1,164,13/10/2021
2962,12/08/2023,101000,152600,2,1,0,35,,0,,20000,,2,0,85,
2963,09/07/2023,75000,176700,0,1,0,23,,1,,20000,,2,0,216,
2964,28/01/2023,87000,164000,1,1,0,35,,0,,20000,,2,1,12,
2965,18/08/2024,157000,212200,0,1,1,18,53,0,1,14275,7260,1,0,,
2966,18/02/2022,184000,287100,0,2,1,33,61,0,0,6191,16056,2,0,192,
2967,27/09/2022,210000,331600,0,1,1,38,74,1,0,13954,19890,2,1,186,
2968,28/06/2022,209000,425700,0,1,0,26,,1,,42470,,3,0,,
2969,18/08/2023,123000,196200,0,2,0,51,,0,,24882,,1,0,235,16/09/2023
2970,19/02/2023,183000,346000,0,1,0,37,,1,,36990,,2,0,83,01/03/2023
2971,08/09/2022,461000,861900,2,1,1,62,61,0,1,43670,24796,2,2,37,
2972,27/03/2023,148000,202200,0,2,1,52,55,1,0,9723,10277,1,1,58,
2973,21/08/2023,199000,272300,2,1,0,18,,1,,22641,,,0,55,
2974,08/10/2023,382000,559800,,1,0,20,,0,,51863,,3,1,14,29/10/2023
2975,24/02/2022,460000,557600,0,2,0,56,,0,,60971,,2,1,229,
2976,26/07/2023,313000,413200,0,1,0,35,,0,,43070,,3,0,89,08/08/2023
2977,07/08/2024,124000,207500,0,1,0,38,,1,,21244,,1,0,11,
2978,09/09/2023,27000,65900,0,1,0,40,,1,,20000,,2,0,91,03/10/2023
2979,28/09/2023,54000,97000,0,1,0,64,,0,,20000,,2,0,72,04/10/2023
2980,24/02/2022,71000,102500,1,2,0,49,,1,,20000,,3,0,74,25/03/2022
2981,24/10/2023,65000,148100,0,2,1,35,47,1,0,14316,5684,2,0,14,
2982,30/06/2023,63000,94400,0,,1,61,52,1,1,8173,11827,2,2,50,30/06/2023
2983,08/09/2021,261000,448200,3,1,1,56,27,1,0,27420,42031,2,0,62,
2984,19/08/2023,101000,204500,0,1,0,38,,1,,24750,,0,0,73,
2985,14/09/2022,380000,449300,0,2,1,42,57,0,1,27495,8848,,0,50,
2986,03/06/2024,145000,235100,0,1,0,48,,0,,29745,,2,0,169,13/06/2024
2987,14/08/2023,90000,148200,0,2,1,53,26,1,0,12549,7451,2,0,60,
2988,05/08/2024,77000,205300,2,1,0,37,,0,,20000,,1,0,33,
2989,10/04/2024,108000,198800,0,1,1,48,53,0,1,13252,9003,0,1,63,
2990,08/04/2024,241000,385800,0,,0,59,,1,,30162,,,0,57,15/05/2024
2991,06/09/2023,580000,703700,0,1,0,36,,1,,98554,,3,0,,03/11/2023
2992,15/10/2022,70000,148900,0,1,0,44,,0,,20000,,2,0,173,
2993,09/09/2021,201000,412100,0,1,1,18,63,0,1,17754,23583,3,0,208,
2994,15/10/2021,269000,393700,0,1,0,18,,0,,33006,,,0,55,
2995,16/09/2022,98000,124900,0,2,0,37,,1,,20000,,2,2,96,22/10/2022
2996,01/09/2024,114000,169200,,0,1,72,56,1,0,6749,13251,2,0,58,
2997,27/06/2022,68000,150300,0,1,1,53,47,0,1,6469,13531,2,0,242,
2998,03/05/2023,71000,206700,0,1,1,75,44,0,1,3736,16264,1,1,10,
2999,06/12/2023,110000,210600,0,2,0,28,,0,,20000,,1,0,37,25/12/2023
3000,15/05/2023,73000,134900,0,0,0,18,,0,,20000,,2,0,57,
3001,25/01/2024,175000,216000,0,1,0,22,,1,,20000,,1,1,95,
3002,09/12/2023,77000,227000,0,2,1,28,30,1,0,13549,9740,2,0,91,
3003,28/01/2024,124000,176100,0,1,0,59,,1,,20000,,2,0,96,
3004,03/09/2023,130000,214600,0,1,1,40,73,0,1,11641,8359,2,0,209,
3005,16/06/2022,62000,116400,2,1,1,37,55,1,0,9224,10776,2,0,1,09/06/2022
3006,09/08/2024,81000,101900,0,2,0,30,,1,,20000,,2,0,17,
3007,19/11/2022,100000,199200,0,0,1,48,37,0,1,11263,8737,0,1,62,
3008,18/10/2023,210000,275300,0,1,0,36,,1,,20000,,2,0,12,
3009,14/08/2022,244000,410200,0,1,0,46,,0,,46269,,,0,53,
3010,23/10/2022,104000,189900,0,2,0,49,,0,,20000,,0,0,48,
3011,08/05/2023,226000,392300,0,2,0,55,,0,,31257,,2,0,52,27/05/2023
3012,02/07/2022,154000,214200,0,2,0,51,,1,,21698,,1,1,9,
3013,06/10/2023,151000,212000,0,2,0,60,,1,,20000,,1,0,86,
3014,18/02/2024,159000,288500,0,1,0,37,,1,,21111,,2,1,52,
3015,06/11/2022,237000,255300,0,1,1,52,59,0,1,14260,6963,2,0,57,
3016,13/08/2024,108000,176100,0,1,1,61,25,1,0,14007,5993,2,0,27,
3017,17/06/2023,25000,51700,0,2,0,28,,1,,20000,,2,1,87,
3018,02/10/2023,98000,203000,0,1,0,33,,0,,20000,,1,0,80,20/10/2023
3019,30/08/2022,153000,208300,3,2,0,40,,0,,20000,,3,0,149,
3020,13/10/2022,139000,244400,0,2,0,44,,0,,28366,,2,,194,
3021,24/09/2022,113000,145300,1,0,1,75,28,1,0,5992,14008,2,0,45,
3022,06/09/2022,63000,92400,2,1,0,45,,0,,20000,,,0,,
3023,24/05/2023,124000,171300,1,1,1,18,37,0,1,10947,9053,2,0,5,14/06/2023
3024,12/09/2022,152000,209900,0,1,0,33,,1,,20000,,1,0,14,
3025,26/06/2022,138000,204900,0,1,0,43,,0,,20000,,2,2,11,
3026,16/06/2024,186000,279800,1,2,1,38,44,1,0,10983,11117,2,1,80,
3027,15/11/2023,150000,252200,0,1,1,34,34,0,1,21918,6006,2,,247,22/12/2023
3028,26/07/2023,92000,197500,,0,0,75,,0,,20000,,0,0,54,01/08/2023
3029,23/04/2023,295000,453200,0,1,1,75,39,1,1,17564,24437,3,0,76,18/05/2023
3030,28/05/2022,210000,331900,1,1,0,60,,0,,24065,,3,0,42,
3031,27/05/2022,51000,98800,0,1,0,62,,1,,20000,,2,0,80,
3032,11/08/2022,111000,153200,0,1,0,47,,1,,20000,,2,0,35,10/09/2022
3033,19/08/2023,79000,209200,0,1,1,32,58,0,1,9413,10587,1,0,81,
3034,19/08/2024,88000,146200,0,2,0,35,,1,,20000,,2,2,39,
3035,17/03/2024,61000,86800,0,1,0,19,,0,,20000,,2,2,14,
3036,15/03/2023,76000,131700,0,1,1,46,26,0,1,14415,5585,2,,170,
3037,09/09/2023,176000,297300,0,0,1,46,31,0,1,17628,5976,3,0,,05/10/2023
3038,30/08/2024,302000,406900,0,1,0,42,,1,,38547,,2,0,93,
3039,08/09/2023,366000,499400,0,2,0,52,,1,,43942,,3,0,85,
3040,26/03/2024,70000,84400,0,1,1,41,40,0,1,7005,12995,2,0,55,22/04/2024
3041,17/04/2023,106000,206500,0,1,0,69,,1,,20000,,1,0,58,
3042,27/08/2023,47000,112600,3,0,1,35,52,0,1,8427,11573,3,0,74,
3043,20/11/2023,21000,38400,0,1,1,57,29,0,1,8703,11297,2,0,182,
3044,23/05/2024,133000,165900,0,1,0,66,,1,,20000,,2,0,32,
3045,03/05/2023,119000,196600,0,0,1,72,49,1,0,12705,7295,0,0,81,22/05/2023
3046,23/01/2023,36000,58500,0,2,1,35,75,0,1,10620,9380,2,0,39,
3047,03/09/2022,29000,57600,,2,0,41,,0,,20000,,2,0,82,
3048,15/06/2022,154000,259600,0,2,1,47,34,0,1,8293,18266,2,0,9,
3049,23/05/2023,136000,190800,2,2,1,42,49,0,1,10765,9235,0,0,31,
3050,05/05/2022,59000,121100,0,1,0,61,,1,,20000,,3,0,70,06/05/2022
3051,30/04/2023,122000,267100,,1,0,38,,1,,21543,,,0,16,
3052,05/12/2021,97000,226900,0,2,0,58,,1,,20125,,3,0,17,
3053,23/05/2022,113000,232800,0,0,1,58,64,0,1,8943,16795,2,0,52,
3054,15/10/2021,181000,263600,,1,0,69,,1,,23854,,2,0,87,
3055,29/10/2022,299000,497400,,1,0,49,,1,,44089,,2,0,20,
3056,16/12/2021,40000,78000,0,1,1,43,42,0,1,11743,8257,2,1,28,
3057,25/07/2022,351000,534400,0,1,1,46,50,1,0,23911,12318,3,0,181,02/09/2022
3058,03/08/2024,182000,444000,0,,0,37,,0,,37090,,2,2,76,
3059,19/08/2022,122000,196900,0,1,1,46,64,0,1,4437,15563,,2,78,
3060,06/11/2022,118000,210200,0,2,0,75,,0,,20000,,1,0,9,
3061,10/05/2023,68000,100500,0,1,0,48,,1,,20000,,3,0,47,
3062,03/09/2022,24000,40400,2,1,0,40,,1,,20000,,2,0,76,
3063,15/08/2024,151000,207900,0,1,1,60,53,0,1,13252,11523,1,0,80,
3064,28/06/2023,123000,214000,0,2,1,69,71,0,1,11678,9335,1,0,70,
3065,11/08/2023,147000,278600,0,1,0,54,,0,,24109,,2,1,10,
3066,30/07/2023,123000,180300,0,1,0,69,,0,,20000,,2,0,172,18/09/2023
3067,30/05/2022,63000,170100,0,2,0,45,,0,,20000,,2,1,74,
3068,15/03/2022,428000,465800,0,1,1,51,31,0,1,15750,19381,3,1,176,
3069,11/03/2023,45000,158100,0,1,1,75,40,1,0,9231,10769,2,0,44,
3070,13/09/2021,118000,198900,0,2,0,45,,0,,20000,,2,1,18,
3071,16/08/2023,108000,201800,0,0,0,46,,1,,20000,,1,0,230,20/09/2023
3072,10/07/2024,38000,59700,0,1,1,42,31,1,0,9172,10828,3,0,77,30/07/2024
3073,13/05/2024,84000,198400,0,1,1,28,45,1,0,12573,10934,2,0,40,12/05/2024
3074,15/01/2023,158000,224300,0,1,0,62,,1,,20262,,3,2,55,10/02/2023
3075,17/08/2022,772000,1036800,0,2,1,27,25,1,0,28408,62388,3,2,2,
3076,26/02/2022,112000,157900,0,2,0,51,,0,,20000,,2,0,10,
3077,08/04/2023,33000,49100,0,1,1,46,27,0,1,8719,11281,2,0,49,05/04/2023
3078,17/04/2022,158000,239800,0,1,1,27,34,1,1,7656,12344,2,0,199,
3079,26/06/2023,84000,234100,0,1,0,51,,0,,20569,,2,2,7,
3080,25/06/2024,70000,124700,3,1,0,34,,1,,20000,,2,,,
3081,14/04/2024,155000,282900,0,0,0,65,,0,,35354,,3,0,15,19/05/2024
3082,28/05/2022,222000,345800,0,2,0,42,,0,,31096,,2,0,155,
3083,13/06/2023,123000,206900,0,1,1,46,61,0,1,13217,6783,1,0,59,
3084,06/10/2023,326000,421700,0,1,1,38,40,0,1,19138,17012,2,1,77,
3085,23/10/2021,139000,252400,0,1,0,39,,1,,31139,,2,1,202,
3086,11/02/2023,379000,629000,1,1,1,21,58,1,1,37591,40974,3,0,173,13/03/2023
3087,30/09/2021,63000,146700,0,1,0,24,,1,,20000,,3,1,27,
3088,27/05/2022,296000,422800,0,1,1,48,34,1,0,14000,19701,2,0,82,16/06/2022
3089,10/09/2022,376000,458400,0,0,1,57,40,0,1,7442,21921,3,0,93,
3090,01/09/2023,123000,209600,0,1,1,18,34,0,1,12901,8169,1,1,82,14/10/2023
3091,10/02/2024,142000,407700,0,2,0,49,,1,,29663,,3,0,58,
3092,04/04/2024,109000,168900,2,1,1,32,48,0,1,10476,9524,2,0,175,09/05/2024
3093,09/09/2021,117000,236500,0,1,1,72,30,1,0,14002,5998,2,0,43,
3094,08/10/2021,171000,313000,0,1,1,52,72,0,1,8813,16198,3,0,211,
3095,28/06/2023,267000,329700,0,2,0,28,,0,,31407,,2,0,51,
3096,02/09/2022,54000,67200,0,,0,32,,1,,20000,,2,0,80,15/10/2022
3097,11/03/2023,68000,84100,1,1,1,29,53,1,0,11947,8053,2,1,89,
3098,28/07/2023,338000,458400,0,2,0,62,,0,,41186,,3,0,198,
3099,12/02/2022,77000,130600,0,2,0,38,,1,,20000,,2,1,63,
3100,30/11/2022,282000,633000,2,1,0,64,,1,,56532,,3,0,88,
3101,07/10/2021,113000,228100,0,1,0,45,,0,,20000,,2,0,,23/10/2021
3102,22/07/2022,97000,178800,0,0,0,38,,0,,20000,,2,0,85,
3103,05/12/2023,247000,437700,0,0,1,26,31,0,0,15997,18972,2,,86,29/12/2023
3104,08/09/2023,207000,286800,0,2,0,61,,0,,22848,,2,0,80,
3105,23/03/2022,119000,196000,0,1,0,43,,0,,20000,,0,0,3,
3106,18/10/2022,339000,554400,0,2,0,39,,0,,60715,,2,1,18,09/11/2022
3107,30/08/2024,113000,195700,0,1,1,51,56,0,0,4845,19910,0,0,89,
3108,28/06/2022,98000,175100,0,1,0,70,,1,,20000,,2,0,161,
3109,04/07/2024,316000,565700,0,1,0,47,,1,,59545,,3,0,7,
3110,02/06/2023,87000,117300,0,1,0,31,,0,,20000,,2,0,4,
3111,28/08/2024,229000,343200,0,1,0,30,,1,,31186,,2,0,80,
3112,03/09/2021,72000,168400,0,2,0,55,,0,,20000,,3,0,78,
3113,26/05/2022,75000,158300,0,1,0,36,,1,,20000,,2,0,89,
3114,16/03/2024,193000,283000,3,1,1,18,48,0,0,9838,15888,2,0,13,
3115,28/03/2024,189000,376100,0,2,0,75,,0,,38248,,2,0,13,
3116,28/03/2022,797000,1012900,0,1,1,40,47,1,0,28203,76835,3,,73,
3117,27/10/2023,160000,202500,0,2,0,49,,0,,20000,,2,,72,21/11/2023
3118,27/05/2023,223000,327300,0,1,1,43,54,0,1,16237,10297,3,,16,
3119,15/06/2023,118000,198600,0,1,1,50,32,0,1,5057,14943,0,0,204,16/07/2023
3120,26/02/2024,57000,194700,0,1,0,41,,0,,20000,,3,1,78,
3121,10/09/2023,160000,208900,0,1,1,39,30,0,1,12266,7734,1,0,80,
3122,30/09/2023,41000,83300,0,1,0,61,,0,,20000,,2,0,1,01/10/2023
3123,10/04/2024,28000,57900,0,0,1,22,29,0,1,9083,10917,2,1,216,03/05/2024
3124,19/04/2024,158000,218600,2,1,1,57,72,1,0,6423,13577,2,0,89,17/06/2024
3125,31/10/2021,43000,93500,0,2,1,33,40,1,0,11591,8409,2,0,82,
3126,30/05/2022,155000,273300,0,0,0,74,,1,,22873,,3,0,63,24/06/2022
3127,02/01/2023,70000,111600,2,0,0,44,,0,,20000,,2,1,201,
3128,16/10/2023,103000,255100,0,2,1,42,27,1,0,5009,14991,2,0,88,02/11/2023
3129,19/04/2023,107000,162200,0,2,0,56,,0,,20000,,2,0,70,
3130,08/03/2022,376000,752200,0,1,1,29,71,1,0,33249,9493,2,1,77,
3131,26/08/2024,96000,240800,0,0,1,45,57,1,0,7208,12792,2,2,57,
3132,02/05/2024,98000,174100,0,1,1,29,36,1,0,14697,5303,2,1,235,
3133,17/06/2023,262000,353200,,0,0,39,,0,,31468,,3,2,204,27/07/2023
3134,27/08/2023,188000,318100,0,2,1,39,40,0,1,10234,31655,2,0,57,12/10/2023
3135,06/03/2022,501000,899400,0,1,1,41,60,1,1,52380,19760,3,1,14,
3136,20/11/2022,187000,245400,0,1,0,70,,0,,22611,,2,1,87,
3137,31/01/2022,134000,232100,,1,1,20,47,1,0,2080,18849,2,0,63,
3138,17/09/2023,186000,320400,0,2,0,54,,1,,31247,,2,0,232,
3139,14/04/2023,162000,292000,0,1,0,36,,1,,25846,,2,0,53,
3140,10/02/2022,165000,193000,2,2,1,42,57,1,0,7722,12278,0,0,51,
3141,14/08/2024,131000,202000,0,2,0,40,,1,,22107,,2,0,17,03/08/2024
3142,21/08/2023,70000,149000,0,1,1,65,24,1,0,10457,9543,2,0,173,
3143,04/04/2022,120000,205900,0,0,0,66,,0,,24351,,1,1,190,
3144,24/11/2021,195000,319700,0,0,1,46,31,0,1,16380,5633,3,0,198,
3145,03/09/2021,113000,242100,0,1,1,22,26,1,0,5521,20255,2,,195,
3146,11/10/2023,77000,113800,0,2,0,59,,1,,20000,,2,0,17,
3147,30/06/2023,672000,908800,2,0,0,50,,1,,69286,,2,0,58,
3148,17/08/2023,164000,223400,2,2,0,18,,1,,20830,,2,0,0,
3149,10/08/2022,173000,239400,0,1,0,57,,0,,24817,,2,1,86,
3150,18/10/2021,290000,430100,0,1,1,54,62,1,0,4110,26354,3,2,159,04/01/2022
3151,21/04/2023,100000,208500,0,1,1,75,36,1,0,10754,9246,1,0,,
3152,04/05/2023,120000,150000,0,1,1,49,28,0,0,11074,8926,2,0,185,
3153,11/07/2024,121000,194700,0,1,1,58,48,0,1,11782,8218,0,0,216,
3154,22/05/2023,145000,285000,,1,0,33,,0,,30951,,3,0,18,28/05/2023
3155,12/08/2024,89000,278000,0,1,0,18,,1,,28044,,2,0,192,
3156,13/10/2021,140000,212000,0,1,0,56,,1,,20000,,1,0,80,
3157,25/08/2022,208000,291600,0,1,0,36,,0,,31347,,2,0,86,24/09/2022
3158,20/01/2022,105000,174400,0,1,1,37,75,1,0,2226,17774,,0,64,
3159,03/08/2022,108000,153600,0,2,1,39,43,0,1,10096,9904,2,0,8,
3160,17/05/2024,83000,132000,,1,1,63,33,0,1,8236,11764,3,0,15,
3161,14/08/2024,95000,199700,0,1,0,43,,0,,20000,,0,0,0,
3162,27/07/2022,67000,159400,2,1,0,52,,0,,20000,,2,0,225,12/08/2022
3163,10/03/2023,472000,640400,,1,1,70,30,1,0,31620,46227,2,2,133,15/05/2023
3164,13/02/2024,119000,331100,0,1,1,46,46,0,0,21887,11399,3,0,,
3165,19/04/2022,80000,110700,0,1,0,45,,0,,20000,,2,,32,
3166,25/11/2023,211000,392400,0,1,1,33,47,1,0,15532,11432,3,0,160,
3167,12/03/2022,82000,211200,0,1,0,38,,1,,21479,,1,0,170,02/04/2022
3168,05/12/2023,86000,136200,0,1,1,41,39,1,0,8756,11244,2,0,44,
3169,05/07/2024,121000,221000,3,0,1,38,42,0,1,10280,9720,3,0,77,13/07/2024
3170,23/07/2024,342000,516500,0,1,1,55,18,1,0,18448,23193,,0,76,
3171,24/03/2024,89000,211700,0,1,1,63,38,1,0,7932,14874,1,0,73,05/04/2024
3172,15/07/2024,404000,762200,0,2,1,25,57,0,1,55379,18255,2,1,53,
3173,06/08/2022,309000,473900,0,1,1,54,60,1,0,18830,22146,3,1,55,
3174,28/04/2022,92000,114300,0,1,0,71,,0,,20000,,2,,60,
3175,01/09/2022,353000,491400,0,2,0,52,,1,,48639,,2,0,53,15/09/2022
3176,14/09/2021,103000,197100,0,1,1,75,37,0,1,10255,9745,3,0,193,12/09/2021
3177,08/11/2021,383000,581500,0,1,0,59,,0,,43992,,2,1,220,
3178,09/11/2022,396000,553300,0,1,0,41,,1,,79244,,3,0,32,
3179,28/08/2024,82000,155300,0,2,0,64,,1,,20000,,2,0,211,
3180,24/08/2023,185000,238500,0,1,0,44,,1,,22489,,2,0,57,01/10/2023
3181,20/08/2022,192000,322700,0,1,0,35,,0,,23957,,2,0,14,
3182,16/08/2022,60000,148700,2,1,0,75,,1,,20000,,2,0,78,21/08/2022
3183,14/05/2023,157000,306900,0,1,0,66,,0,,33752,,2,1,92,11/05/2023
3184,23/02/2023,471000,656100,0,1,0,75,,1,,59626,,2,0,77,24/03/2023
3185,22/03/2023,200000,352100,0,1,1,47,51,1,0,16300,17105,2,2,86,
3186,22/08/2023,118000,172500,2,2,1,75,47,0,1,5490,14510,,0,216,
3187,20/03/2024,537000,668900,2,0,0,37,,0,,66995,,3,1,193,
3188,29/05/2023,231000,295400,0,2,0,60,,1,,26155,,2,0,13,
3189,29/12/2021,261000,887600,0,1,0,22,,1,,94116,,3,0,85,
3190,20/06/2022,54000,130700,0,1,0,51,,0,,20000,,2,0,45,23/06/2022
3191,13/06/2023,85000,152900,0,1,1,45,37,1,0,2044,17956,2,2,78,
3192,03/02/2023,126000,329400,0,2,0,23,,1,,33549,,2,1,95,
3193,26/04/2024,271000,395000,0,1,0,44,,1,,32728,,3,0,74,
3194,30/09/2021,113000,142300,0,2,0,39,,1,,20000,,2,0,81,
3195,02/04/2024,69000,206500,2,1,0,47,,0,,26614,,1,0,188,
3196,16/10/2023,152000,249000,0,1,0,57,,1,,20000,,2,1,,
3197,25/11/2021,62000,82200,0,2,0,47,,0,,20000,,2,0,80,20/12/2021
3198,27/07/2022,146000,218800,0,1,1,45,58,1,0,13836,6164,1,2,67,
3199,05/07/2022,124000,206400,0,1,0,46,,0,,20000,,0,2,51,
3200,19/05/2024,102000,159400,0,0,1,52,43,1,0,12627,7373,2,0,6,
3201,28/06/2024,217000,323200,0,1,0,36,,0,,33833,,2,0,71,
3202,09/08/2024,621000,1075500,3,2,0,51,,0,,93391,,,0,,
3203,11/11/2022,82000,183700,0,0,0,61,,0,,20000,,2,1,76,
3204,28/08/2024,367000,551700,0,2,0,37,,1,,68381,,2,0,2,
3205,15/04/2024,100000,143900,0,1,1,47,41,1,0,9224,10776,2,0,14,24/05/2024
3206,04/03/2022,157000,199100,0,,0,44,,1,,20000,,0,0,15,15/04/2022
3207,26/06/2023,148000,214200,0,1,1,45,43,1,0,10732,17616,2,0,83,08/08/2023
3208,29/07/2022,143000,233800,0,2,0,28,,0,,20633,,,0,73,22/08/2022
3209,22/09/2023,75000,300000,0,2,1,61,35,0,1,7906,17336,2,1,,
3210,28/08/2024,123000,246500,0,1,0,43,,0,,25334,,2,0,55,
3211,05/09/2023,47000,111700,0,1,1,40,42,1,0,6850,13150,2,0,202,
3212,01/03/2023,36000,59000,0,1,0,26,,1,,20000,,2,,177,07/03/2023
3213,10/09/2022,147000,263500,0,1,0,57,,1,,31334,,3,0,37,
3214,22/11/2021,158000,203600,0,1,0,38,,1,,22085,,,0,53,
3215,09/03/2024,142000,275700,3,1,0,48,,0,,23096,,2,1,194,
3216,21/06/2023,331000,475800,2,2,0,42,,0,,52813,,,0,88,24/07/2023
3217,02/08/2023,79000,154000,0,2,1,40,47,0,0,10883,9117,2,0,17,
3218,19/02/2022,136000,216700,0,1,0,42,,1,,20000,,2,0,84,
3219,25/09/2021,264000,404600,0,1,1,48,27,1,0,13471,25799,,0,18,
3220,24/10/2023,83000,138900,0,1,0,60,,1,,20000,,2,0,43,
3221,21/02/2023,136000,167200,0,1,0,25,,1,,21752,,2,0,171,
3222,24/08/2022,62000,100400,0,0,1,51,44,1,0,11754,8246,2,0,88,
3223,19/02/2022,100000,197900,0,1,1,63,31,1,0,12242,7758,,1,29,
3224,19/02/2023,139000,209200,0,2,0,56,,1,,24689,,2,0,12,
3225,13/07/2024,115000,206700,0,2,0,35,,0,,20000,,1,0,18,
3226,10/06/2024,292000,577900,0,1,0,28,,0,,44679,,2,0,56,
3227,13/03/2023,101000,165000,0,2,0,32,,1,,20000,,2,1,211,
3228,07/07/2024,122000,205600,0,2,0,75,,1,,20000,,2,0,28,30/07/2024
3229,24/08/2024,137000,202900,0,1,1,27,40,0,1,6512,13835,2,0,12,
3230,28/02/2022,231000,318300,0,1,1,29,55,0,1,18602,11483,2,0,174,09/04/2022
3231,03/06/2023,109000,208800,2,1,1,25,50,0,1,9759,10241,2,0,164,03/07/2023
3232,11/02/2023,111000,201300,0,2,0,49,,1,,20000,,3,2,55,13/03/2023
3233,22/06/2022,62000,81200,0,1,0,50,,1,,20000,,2,1,14,
3234,20/06/2022,97000,170400,0,1,0,39,,1,,20000,,2,0,13,
3235,07/03/2023,185000,414000,0,0,0,39,,1,,30333,,,,193,
3236,01/11/2023,138000,202200,0,,0,66,,0,,20000,,0,0,52,
3237,11/06/2023,196000,334700,0,0,1,67,47,1,0,16734,14288,,0,6,
3238,06/11/2022,249000,383300,0,2,1,39,18,0,1,9836,22364,2,0,55,16/12/2022
3239,19/03/2023,72000,108500,0,1,1,57,61,1,0,11606,8394,2,0,,09/04/2023
3240,26/08/2023,306000,411500,0,1,1,36,30,0,1,16122,14536,2,0,84,15/10/2023
3241,31/05/2024,121000,161100,0,2,1,52,50,0,1,13069,6931,,0,189,
3242,08/03/2023,31000,51000,1,1,0,61,,0,,20000,,2,1,231,31/03/2023
3243,08/10/2023,545000,1008700,0,1,0,56,,1,,90392,,3,2,52,
3244,25/06/2022,60000,92100,0,1,0,62,,1,,20000,,2,2,223,23/07/2022
3245,02/09/2022,334000,676000,0,1,1,53,61,0,1,38377,14845,3,0,82,
3246,03/12/2021,739000,1018000,2,1,1,75,19,1,0,50277,43869,,1,81,
3247,02/09/2022,148000,194400,0,1,0,27,,1,,26943,,2,0,31,
3248,20/04/2022,230000,414100,0,0,1,61,73,1,0,28066,17108,2,0,79,
3249,07/02/2023,108000,202100,0,2,0,38,,0,,20000,,3,0,8,
3250,08/10/2022,110000,164700,0,1,0,45,,0,,20000,,3,0,87,
3251,16/06/2024,140000,195200,2,2,1,48,18,0,1,9548,10452,2,0,66,04/08/2024
3252,12/03/2023,109000,207300,,1,0,40,,0,,20000,,3,0,171,
3253,25/08/2023,93000,322900,0,1,1,53,48,1,0,5582,17786,3,0,84,
3254,06/12/2022,121000,194700,0,1,1,34,62,1,1,9950,10050,0,0,74,
3255,14/08/2023,114000,207000,0,1,1,70,43,1,0,12406,7594,2,2,188,
3256,29/08/2022,86000,210200,1,1,1,39,44,1,0,12460,7540,1,0,2,
3257,26/08/2024,458000,610200,3,0,0,21,,1,,38726,,2,0,65,
3258,30/03/2022,184000,303700,0,2,0,36,,1,,30170,,2,0,91,
3259,05/12/2022,57000,156800,0,1,0,35,,1,,20000,,2,2,16,
3260,24/08/2023,139000,285000,,2,0,30,,0,,29218,,2,0,89,
3261,19/08/2022,384000,711900,0,0,1,36,40,0,1,42556,42844,2,0,35,
3262,19/03/2024,60000,116900,0,1,1,38,33,1,0,9979,10021,,2,14,
3263,04/08/2024,119000,149000,0,2,0,21,,1,,20000,,2,1,227,
3264,04/03/2023,121000,218100,1,2,0,55,,0,,34441,,2,0,164,15/04/2023
3265,07/06/2024,98000,196800,0,2,0,31,,1,,20000,,0,,17,
3266,28/06/2022,119000,177100,0,1,1,71,49,0,0,19478,10424,2,0,80,22/07/2022
3267,07/06/2022,155000,255500,1,1,1,46,75,0,1,13137,12990,2,2,83,06/07/2022
3268,05/06/2023,207000,293200,0,1,0,30,,1,,20000,,2,0,170,22/06/2023
3269,17/07/2023,763000,939400,1,1,0,49,,1,,100977,,3,0,109,17/09/2023
3270,23/01/2024,155000,320300,0,0,1,28,44,0,1,12377,14485,,2,86,
3271,22/01/2022,223000,417100,0,0,0,75,,0,,40349,,3,0,55,
3272,25/05/2024,130000,261600,0,1,1,35,49,1,0,11447,16779,2,0,178,
3273,02/04/2024,120000,172900,0,1,1,53,28,0,1,8265,11735,2,0,253,
3274,06/09/2021,145000,198100,0,1,1,35,32,0,1,12143,8398,0,,79,
3275,19/09/2023,152000,201000,0,2,0,18,,0,,20000,,1,0,,
3276,21/12/2021,146000,317100,0,1,0,41,,1,,22950,,2,0,54,11/01/2022
3277,11/03/2023,220000,264500,0,2,1,52,31,1,0,12101,9112,3,0,13,
3278,24/10/2021,66000,90700,0,0,0,28,,0,,20000,,2,0,76,14/11/2021
3279,16/07/2024,71000,196400,0,2,1,29,32,0,1,12479,7521,0,0,,
3280,22/07/2022,238000,322200,0,2,1,33,18,1,0,12392,11920,2,0,201,27/08/2022
3281,31/08/2024,116000,169900,3,2,0,37,,1,,20000,,2,2,84,
3282,02/12/2021,39000,64100,0,1,1,44,28,1,0,12760,7240,2,0,92,12/12/2021
3283,09/05/2022,81000,129300,0,1,1,55,30,0,0,10768,9232,2,0,15,
3284,25/11/2021,439000,538100,0,2,1,57,36,1,0,17836,28038,3,0,,01/01/2022
3285,06/11/2021,60000,80800,2,2,0,35,,0,,20000,,2,2,82,03/12/2021
3286,20/05/2022,55000,84400,0,1,1,37,46,0,1,10916,9084,2,0,77,
3287,14/12/2022,141000,214500,0,1,1,72,57,1,0,11204,10035,2,0,85,
3288,22/05/2023,110000,166100,0,1,0,42,,0,,20000,,2,0,6,17/06/2023
3289,19/04/2024,312000,402700,0,2,0,56,,0,,40566,,3,0,81,
3290,02/05/2023,61000,75700,0,1,1,36,35,1,0,12257,7743,2,0,72,11/06/2023
3291,06/09/2022,134000,162800,0,0,0,32,,1,,20000,,3,0,14,
3292,08/02/2022,90000,198800,0,1,1,43,55,1,0,8336,11664,2,0,8,
3293,21/08/2024,202000,302900,1,1,0,53,,1,,25166,,2,1,241,
3294,18/12/2021,316000,500600,2,1,1,55,39,0,1,26974,15969,2,0,31,20/01/2022
3295,03/09/2021,162000,190500,0,2,0,53,,0,,20000,,0,0,251,
3296,18/05/2022,114000,200600,0,2,0,32,,0,,20000,,1,1,11,
3297,03/09/2022,310000,427400,0,1,0,44,,1,,42062,,2,0,96,
3298,09/11/2021,63000,118800,2,1,0,51,,0,,20000,,2,0,12,
3299,15/05/2023,83000,118600,2,1,0,60,,0,,20000,,2,0,209,
3300,11/07/2024,108000,175600,0,1,0,38,,1,,20000,,2,2,62,
3301,31/01/2023,98000,145800,0,1,0,42,,0,,20000,,3,0,77,20/02/2023
3302,22/09/2021,101000,265400,0,2,1,53,51,0,1,4634,15366,2,2,163,
3303,17/09/2023,141000,315800,2,2,0,50,,1,,32110,,3,0,48,10/10/2023
3304,03/12/2022,582000,912100,0,1,0,53,,0,,74173,,3,2,146,
3305,04/06/2022,94000,205600,0,2,0,44,,0,,22603,,1,0,82,18/06/2022
3306,05/09/2023,157000,229800,0,1,1,71,24,1,0,13025,9656,3,1,88,
3307,06/01/2023,101000,128800,0,2,0,43,,0,,20000,,3,0,59,02/02/2023
3308,29/06/2024,111000,196400,,1,1,49,30,0,1,7322,12678,0,2,56,
3309,11/11/2022,155000,244700,0,1,0,60,,1,,20180,,3,0,28,
3310,12/08/2024,107000,151200,0,1,0,18,,1,,20000,,2,0,85,
3311,17/05/2022,56000,197900,1,1,1,50,51,0,1,5438,16999,0,1,259,17/05/2022
3312,10/02/2023,268000,368100,,1,0,43,,0,,48065,,3,0,270,02/03/2023
3313,19/08/2023,164000,308600,0,,0,58,,0,,34398,,2,0,196,
3314,19/08/2023,172000,346200,0,1,1,45,35,1,0,16013,12433,3,1,93,17/09/2023
3315,06/12/2021,90000,197600,2,1,0,41,,1,,20000,,0,0,86,23/11/2021
3316,17/04/2023,43000,61800,0,1,0,29,,1,,20000,,2,2,,
3317,17/03/2022,46000,70400,0,1,0,50,,0,,20000,,,0,90,
3318,08/12/2023,153000,292200,0,1,1,26,47,0,1,14388,9523,,2,,
3319,07/03/2023,42000,115600,,2,1,44,64,0,1,8290,11710,2,0,31,15/03/2023
3320,02/07/2023,149000,267300,0,1,0,43,,0,,21390,,2,0,79,
3321,11/09/2022,642000,1049700,0,0,1,45,40,1,0,33537,58317,3,0,0,
3322,17/11/2022,295000,409300,0,2,0,33,,1,,43933,,2,0,91,
3323,07/02/2023,59000,125500,0,1,0,40,,0,,20000,,3,0,186,05/03/2023
3324,20/06/2022,101000,189400,2,1,0,41,,0,,20000,,2,0,203,
3325,14/06/2022,269000,455700,0,1,1,37,40,0,0,18803,31287,3,0,52,01/07/2022
3326,11/09/2021,197000,268200,0,2,1,35,57,1,0,15020,9229,,,59,
3327,05/07/2022,203000,381100,0,1,0,54,,1,,32860,,3,1,61,
3328,01/09/2022,116000,160800,0,2,0,46,,0,,20000,,2,,16,09/10/2022
3329,14/11/2022,371000,572200,0,1,0,39,,0,,56731,,3,,84,
3330,28/07/2022,284000,481700,0,1,1,55,66,0,1,30466,14944,2,2,71,
3331,01/04/2022,141000,206300,0,1,1,42,50,1,0,5173,16107,1,0,17,07/05/2022
3332,06/09/2022,131000,268900,1,1,0,65,,1,,20000,,,0,14,
3333,17/09/2023,191000,241600,0,1,1,38,68,0,1,15393,11006,2,1,91,
3334,24/07/2023,174000,204200,0,1,1,51,32,1,0,12348,14091,2,1,5,
3335,15/08/2024,109000,181900,0,1,1,29,47,1,0,14547,7422,2,2,196,
3336,29/10/2023,42000,102100,0,2,1,18,55,0,1,13536,6464,2,2,76,
3337,28/07/2023,188000,311300,0,2,0,39,,1,,26066,,2,0,222,
3338,25/07/2024,199000,246600,0,1,0,46,,0,,27195,,2,0,16,25/08/2024
3339,29/05/2023,354000,733900,0,2,0,42,,0,,74181,,3,0,14,
3340,22/10/2023,160000,211200,1,2,0,41,,0,,21535,,1,0,12,
3341,04/07/2023,127000,161100,3,1,0,26,,0,,20000,,2,0,47,05/08/2023
3342,05/09/2021,225000,383800,1,1,0,45,,0,,55772,,2,,,13/09/2021
3343,09/08/2024,100000,123400,0,1,0,75,,0,,20000,,2,1,88,
3344,18/01/2024,101000,153300,0,1,0,27,,1,,20000,,3,0,88,
3345,09/09/2023,206000,286100,0,1,0,51,,1,,29655,,3,0,,
3346,09/11/2022,154000,186100,0,1,1,46,50,1,0,12165,10734,0,1,57,
3347,30/03/2024,124000,199200,,1,0,26,,0,,20000,,0,0,15,
3348,12/06/2024,319000,625300,2,1,0,40,,0,,37419,,3,0,85,10/07/2024
3349,07/09/2021,170000,251500,0,1,1,37,39,1,0,12630,7370,3,0,10,
3350,16/09/2022,237000,400900,,2,0,54,,1,,35718,,3,1,33,
3351,06/09/2023,58000,134000,0,1,0,33,,1,,20000,,2,0,181,23/09/2023
3352,09/01/2024,126000,324200,0,0,0,43,,0,,32377,,3,0,8,
3353,03/04/2024,96000,192100,0,1,0,41,,0,,23295,,3,0,86,21/04/2024
3354,10/10/2021,114000,209400,0,2,1,35,18,1,0,6514,13486,2,0,213,
3355,24/10/2021,42000,74200,0,1,0,53,,1,,20000,,2,2,47,
3356,10/04/2022,42000,77500,0,2,0,34,,1,,20000,,2,0,5,
3357,13/08/2023,192000,352500,2,2,0,50,,1,,36792,,2,0,205,
3358,22/02/2024,212000,301100,0,1,1,36,61,0,1,23175,8245,2,1,82,
3359,12/07/2024,136000,196000,0,2,0,50,,1,,20000,,0,2,,
3360,06/04/2022,226000,463600,0,1,0,52,,1,,37011,,2,0,71,29/04/2022
3361,13/08/2024,70000,103800,0,2,1,28,58,1,0,7721,12279,2,0,91,
3362,19/03/2023,115000,198600,0,1,1,63,38,1,0,14313,5687,0,0,199,
3363,18/02/2022,298000,510000,0,1,0,18,,1,,42527,,3,0,178,
3364,08/06/2023,121000,231900,3,1,0,28,,0,,21596,,3,0,123,
3365,05/09/2023,139000,258100,2,1,0,41,,0,,20036,,2,1,191,
3366,08/09/2022,131000,262200,,2,1,31,59,0,1,6082,16482,2,0,56,
3367,13/06/2023,63000,139600,2,1,0,44,,1,,20000,,2,0,11,
3368,20/08/2022,68000,163500,0,1,0,68,,0,,20000,,2,0,9,
3369,11/04/2024,185000,241200,0,1,0,63,,0,,20000,,2,0,72,
3370,04/05/2022,91000,148500,0,2,0,47,,1,,20000,,2,1,4,
3371,24/08/2022,104000,175000,0,1,0,35,,0,,20000,,2,0,7,
3372,27/12/2023,166000,272800,,,0,45,,1,,20000,,2,0,0,
3373,11/05/2023,203000,330300,0,1,1,30,32,1,0,11660,14592,3,0,202,
3374,08/10/2021,76000,142100,0,1,0,52,,1,,20000,,3,0,180,
3375,24/12/2023,173000,293700,1,0,1,69,44,0,1,14850,22805,3,0,68,
3376,21/12/2021,118000,206800,0,1,1,59,50,1,0,7765,12235,3,1,169,
3377,01/12/2022,179000,253600,0,1,1,37,43,0,1,14202,5798,2,0,190,
3378,09/08/2022,143000,216300,0,1,0,37,,0,,20778,,1,2,209,
3379,02/08/2023,232000,314400,1,1,1,18,33,1,0,15496,12265,2,,12,
3380,16/12/2022,63000,117900,0,2,1,31,30,0,1,8206,11794,2,2,195,
3381,18/04/2022,113000,196400,0,1,0,37,,0,,20000,,2,1,79,
3382,11/04/2023,155000,278400,0,2,1,52,64,1,1,20513,5342,2,0,80,17/04/2023
3383,24/12/2022,190000,245900,3,0,1,50,30,0,1,18728,6979,2,2,43,
3384,24/05/2022,140000,238500,0,1,0,63,,1,,27884,,3,0,84,
3385,08/07/2022,236000,413600,,1,1,36,39,1,0,20062,13985,2,0,53,11/07/2022
3386,05/09/2022,165000,299100,0,2,1,37,38,0,1,17582,8384,3,0,97,04/10/2022
3387,14/08/2022,69000,126600,0,1,0,56,,0,,20000,,2,0,68,06/09/2022
3388,27/07/2022,188000,395400,0,2,0,75,,0,,31348,,2,0,45,
3389,01/09/2024,581000,899700,0,1,0,67,,1,,89829,,3,0,69,
3390,22/08/2022,160000,275100,0,1,0,29,,0,,24469,,2,0,213,21/09/2022
3391,26/10/2021,31000,64600,0,1,0,50,,1,,20000,,2,0,194,
3392,06/06/2024,57000,83600,1,0,1,43,43,0,1,8109,11891,2,1,37,19/07/2024
3393,09/08/2024,65000,81500,0,0,1,18,39,0,1,6173,13827,2,0,51,
3394,09/03/2022,143000,194200,0,1,1,41,18,0,1,7444,13503,,0,0,20/04/2022
3395,18/02/2023,141000,195900,0,1,0,43,,1,,20000,,2,1,49,
3396,21/08/2023,262000,347500,0,1,0,49,,1,,28792,,3,,60,
3397,19/08/2023,172000,217600,0,1,0,43,,0,,20000,,1,1,89,
3398,30/05/2024,117000,147100,0,1,0,59,,0,,20000,,2,0,10,30/06/2024
3399,21/06/2024,93000,194900,2,,1,46,30,0,1,8695,11818,2,0,197,05/07/2024
3400,09/09/2023,198000,332600,0,2,0,36,,0,,30852,,3,0,5,01/10/2023
3401,11/08/2023,224000,296600,0,,1,37,45,1,0,12409,10578,3,0,14,
3402,03/06/2022,204000,460600,0,1,0,60,,0,,46917,,2,0,227,
3403,19/03/2023,91000,194300,0,2,0,39,,0,,20000,,0,1,9,
3404,07/08/2022,170000,190600,0,2,0,50,,1,,20000,,0,0,225,
3405,20/08/2024,102000,207400,0,1,1,21,53,0,1,15476,4524,1,0,44,
3406,30/12/2023,317000,428300,0,1,0,47,,0,,28939,,2,0,16,
3407,23/08/2024,139000,210900,0,2,0,45,,0,,28375,,1,1,10,
3408,30/01/2023,112000,117900,0,1,0,40,,1,,20000,,2,0,86,
3409,13/02/2023,227000,333900,0,1,1,34,53,0,1,12803,8178,3,0,77,03/03/2023
3410,27/08/2023,338000,531100,,1,1,61,57,0,1,17409,28172,3,0,232,
3411,05/03/2022,143000,195100,0,1,1,47,71,0,1,14439,5561,0,0,66,27/04/2022
3412,10/07/2023,91000,157800,0,1,0,68,,1,,20000,,3,0,82,
3413,17/04/2023,164000,199400,3,2,1,59,39,0,1,12629,11704,0,2,62,
3414,03/05/2022,79000,138900,0,1,0,50,,0,,20000,,2,0,72,07/06/2022
3415,22/08/2024,431000,692400,0,1,1,43,55,0,1,25987,27389,3,0,54,
3416,22/02/2024,201000,312000,0,1,1,62,67,0,1,12081,15728,2,0,62,
3417,26/05/2022,73000,110700,0,1,0,36,,1,,20000,,2,0,215,
3418,11/09/2023,253000,589400,0,1,1,54,45,1,0,29462,20847,3,0,4,18/09/2023
3419,01/11/2021,377000,566900,0,2,0,51,,0,,51282,,2,0,161,22/11/2021
3420,02/01/2024,114000,197000,0,1,1,60,40,1,0,10857,9143,2,1,15,15/01/2024
3421,07/01/2022,114000,148700,0,2,0,63,,0,,20000,,3,0,36,23/01/2022
3422,23/01/2024,342000,542900,0,2,0,18,,0,,39913,,3,0,2,
3423,03/07/2022,140000,276500,0,1,0,53,,1,,20000,,,0,84,
3424,13/06/2022,99000,140100,0,0,0,57,,1,,20000,,2,0,,18/07/2022
3425,20/01/2024,130000,189700,0,1,0,34,,0,,20000,,2,0,13,
3426,14/12/2022,51000,201000,0,2,0,29,,0,,20000,,2,0,80,
3427,30/06/2023,273000,488100,0,1,0,59,,1,,59029,,2,1,51,
3428,12/01/2023,219000,545800,0,1,0,30,,0,,58969,,3,1,80,
3429,12/01/2024,89000,116000,0,1,1,65,46,0,0,12633,7367,2,0,15,
3430,28/06/2024,64000,189900,0,1,1,42,50,0,1,9325,10675,2,0,15,
3431,17/08/2023,24000,46600,0,2,0,41,,1,,20000,,2,0,7,
3432,15/03/2022,186000,204400,0,0,0,55,,1,,20888,,,0,68,
3433,18/08/2024,51000,76200,0,2,0,19,,1,,20000,,2,1,2,
3434,14/08/2024,143000,170300,0,1,0,37,,0,,20000,,2,1,79,
3435,01/03/2024,132000,168000,0,,0,20,,1,,20000,,2,0,58,
3436,22/02/2024,116000,184800,0,2,0,41,,1,,20000,,0,0,7,
3437,16/04/2023,134000,197100,0,1,0,25,,0,,20000,,0,0,27,
3438,24/08/2024,201000,278600,0,1,0,67,,1,,24369,,2,2,74,
3439,14/03/2022,100000,215100,0,2,1,56,67,0,1,12181,11059,2,0,51,07/04/2022
3440,18/02/2022,162000,204900,0,1,0,53,,1,,20000,,1,0,240,
3441,28/11/2022,80000,116400,2,1,0,69,,1,,20000,,,1,17,
3442,08/09/2022,118000,198100,,2,0,48,,1,,20000,,0,1,99,
3443,12/09/2021,313000,762700,0,1,1,51,62,0,1,31239,28056,2,,88,
3444,27/08/2024,145000,221800,0,2,1,36,23,1,0,25071,5548,2,0,,
3445,04/08/2023,115000,213800,0,1,0,54,,1,,20000,,2,0,74,21/08/2023
3446,08/06/2023,120000,157100,0,1,0,69,,0,,20000,,2,0,9,
3447,03/09/2023,365000,616900,2,0,1,64,32,1,0,29523,21688,2,0,91,
3448,14/08/2023,26000,64100,0,1,1,65,26,0,1,12986,7014,2,2,83,
3449,06/02/2024,310000,464100,0,0,0,23,,1,,36667,,3,0,7,
3450,11/03/2023,64000,112300,,1,0,75,,0,,20000,,3,0,193,
3451,16/07/2024,242000,370300,0,2,0,29,,1,,30540,,2,0,73,
3452,20/11/2022,82000,136100,0,1,0,64,,1,,20000,,2,0,60,17/12/2022
3453,15/04/2024,36000,53800,0,1,1,36,26,1,0,13980,6020,2,1,72,13/05/2024
3454,13/02/2022,148000,205800,0,1,0,18,,0,,20343,,1,0,182,
3455,12/11/2021,469000,898300,0,1,1,56,50,1,0,49198,35849,2,0,235,
3456,31/01/2024,112000,212100,0,1,1,38,39,1,0,9442,12230,1,0,12,24/02/2024
3457,17/01/2023,83000,121300,0,1,0,45,,0,,20000,,2,2,52,
3458,04/09/2022,131000,202100,0,2,0,55,,0,,20133,,1,,88,
3459,22/10/2023,753000,1405700,0,1,1,42,33,0,0,44657,54873,3,0,5,
3460,29/04/2022,66000,163000,0,1,0,19,,0,,20000,,,0,78,
3461,21/08/2024,137000,236500,0,1,1,26,48,0,1,11462,9144,3,1,14,
3462,24/02/2024,313000,403900,0,1,0,38,,0,,30933,,2,0,74,
3463,11/06/2024,136000,213600,2,1,0,34,,1,,20000,,1,0,48,
3464,12/09/2023,278000,422800,0,2,1,30,53,1,0,21894,19872,2,1,6,30/09/2023
3465,26/06/2022,305000,584700,0,1,1,44,37,0,1,22034,48563,3,0,9,14/07/2022
3466,02/05/2023,330000,560400,0,1,1,53,53,1,0,24591,28490,2,1,82,
3467,30/12/2023,114000,185400,0,,0,61,,1,,20000,,2,0,64,
3468,28/11/2021,218000,297100,0,,0,64,,1,,23393,,2,0,55,
3469,26/08/2023,181000,304900,0,1,1,63,65,1,0,14983,16773,2,2,91,
3470,29/09/2022,49000,59800,0,2,1,47,75,1,0,14049,5951,2,0,59,
3471,11/02/2023,126000,212600,0,1,0,54,,1,,20000,,1,,47,
3472,13/06/2022,139000,233700,0,1,1,21,32,1,0,8823,14492,2,0,82,
3473,25/08/2022,308000,454900,0,0,0,38,,1,,41285,,3,2,18,25/09/2022
3474,06/01/2024,244000,595900,0,1,1,41,39,1,0,24670,20654,2,0,78,
3475,18/07/2023,226000,524000,0,2,1,30,75,0,1,12931,27874,3,2,13,
3476,06/09/2021,173000,212400,0,1,1,18,58,0,1,9647,12268,1,0,81,
3477,10/03/2023,173000,226100,1,1,1,69,46,0,1,8584,16400,2,0,237,10/05/2023
3478,04/03/2022,45000,111900,0,1,0,39,,1,,20000,,2,0,10,
3479,31/03/2023,330000,428700,,1,0,32,,1,,29923,,2,1,57,
3480,02/08/2023,141000,257000,0,1,0,67,,0,,20000,,3,0,6,
3481,24/07/2023,17000,23700,0,,0,58,,0,,20000,,2,1,50,21/08/2023
3482,27/09/2022,155000,191100,1,1,0,33,,1,,27270,,2,1,60,19/10/2022
3483,09/08/2023,38000,75200,0,1,0,42,,1,,20000,,2,0,180,27/08/2023
3484,12/07/2024,107000,146100,0,2,0,22,,1,,20000,,2,0,15,
3485,25/03/2024,225000,372700,0,2,1,75,47,0,1,22313,14289,,2,1,11/04/2024
3486,29/08/2024,144000,216000,0,1,0,60,,1,,20000,,2,0,83,
3487,29/08/2022,169000,599300,0,2,0,75,,0,,74078,,3,0,74,
3488,13/10/2022,194000,307400,0,1,0,34,,1,,24582,,2,2,71,
3489,17/01/2023,60000,100500,0,1,1,44,32,1,0,7607,12393,2,0,79,
3490,21/05/2022,132000,209500,0,2,1,72,40,1,0,8649,11351,1,0,93,18/06/2022
3491,22/07/2023,88000,259000,0,1,0,26,,0,,24447,,3,1,14,
3492,28/11/2023,161000,392600,0,,1,50,38,1,0,26450,18386,3,,16,
3493,30/04/2023,76000,125500,0,1,1,27,49,0,1,7317,12683,2,0,37,
3494,04/07/2022,85000,126500,0,,0,34,,0,,20000,,2,1,61,
3495,27/12/2021,260000,308200,0,1,1,75,68,1,0,28222,13226,3,0,0,
3496,11/11/2021,221000,405100,0,2,1,36,27,0,1,13823,27121,2,0,212,
3497,15/04/2024,62000,172800,0,1,0,47,,1,,20000,,2,0,53,19/04/2024
3498,03/12/2023,692000,1034100,0,0,0,48,,1,,91932,,2,1,76,05/01/2024
3499,04/04/2022,77000,207200,0,0,1,57,52,0,1,9700,10300,2,0,204,
3500,01/11/2023,66000,113200,0,1,1,39,46,1,0,13541,6459,2,2,56,25/11/2023
3501,19/03/2024,137000,197500,0,,1,52,49,1,0,10467,12507,0,0,15,14/04/2024
3502,27/08/2023,122000,211500,0,1,0,49,,1,,21862,,1,0,237,
3503,11/03/2022,113000,249800,3,1,0,61,,1,,20000,,2,0,86,10/03/2022
3504,07/09/2023,272000,529200,0,1,0,18,,0,,44379,,3,1,76,
3505,28/02/2022,142000,190000,0,,0,29,,0,,21690,,2,0,91,02/04/2022
3506,09/11/2021,140000,213000,0,2,0,28,,0,,20000,,1,0,70,08/12/2021
3507,18/08/2022,293000,559000,0,1,0,22,,0,,45388,,2,0,8,10/09/2022
3508,23/10/2022,119000,215100,0,2,1,41,75,1,0,23389,4965,1,1,75,
3509,01/08/2022,167000,203500,0,0,1,35,63,0,1,8146,19378,2,0,69,
3510,16/07/2024,402000,627600,,1,1,49,75,1,1,30232,34010,2,2,88,
3511,03/05/2022,219000,328000,0,2,0,18,,1,,25519,,,0,28,
3512,06/08/2024,80000,163400,0,2,0,34,,1,,20000,,2,0,70,
3513,27/10/2022,72000,153400,,2,1,73,54,0,0,11820,8180,2,1,7,09/11/2022
3514,31/03/2024,155000,201000,0,1,1,44,65,0,1,9908,10092,0,0,213,
3515,24/04/2024,107000,171700,,1,0,65,,0,,20000,,2,0,7,
3516,10/04/2024,58000,92700,0,2,1,59,44,0,0,10690,9310,2,2,59,
3517,23/03/2022,198000,283500,0,1,0,29,,1,,20890,,2,0,196,02/05/2022
3518,04/03/2023,44000,48500,0,1,0,47,,1,,20000,,2,0,4,
3519,29/03/2024,139000,270000,2,1,1,45,70,0,1,11361,8639,2,0,82,
3520,27/03/2024,100000,139300,0,1,1,43,35,0,1,9966,10034,2,1,59,
3521,24/03/2024,133000,200600,0,1,0,44,,1,,20000,,2,0,90,
3522,10/10/2021,135000,190200,0,0,0,44,,1,,20055,,0,1,54,
3523,30/04/2022,154000,206900,0,2,0,49,,1,,20000,,1,,56,
3524,18/04/2024,115000,221100,0,2,0,41,,0,,20000,,2,,86,09/05/2024
3525,27/08/2024,58000,215900,2,1,0,42,,0,,22057,,1,0,167,
3526,24/06/2023,510000,710300,0,2,0,44,,0,,68180,,3,0,57,
3527,10/09/2023,478000,755800,3,1,0,48,,1,,62992,,2,0,194,29/10/2023
3528,16/10/2021,55000,81200,0,1,0,34,,0,,20000,,2,0,51,
3529,18/02/2024,361000,696800,1,1,0,75,,0,,63216,,2,0,89,
3530,20/03/2022,271000,418700,0,1,0,60,,1,,40090,,3,0,216,16/04/2022
3531,16/10/2023,297000,466300,0,1,0,75,,0,,37599,,3,1,92,
3532,08/02/2022,181000,330200,1,1,1,35,51,1,0,19970,6487,2,0,80,04/03/2022
3533,11/11/2021,140000,210800,2,,0,38,,1,,20315,,1,1,14,
3534,05/09/2021,341000,654100,0,1,1,50,31,1,0,23222,19651,2,1,14,
3535,26/05/2024,161000,215000,0,1,0,51,,1,,20578,,1,0,56,
3536,19/08/2022,217000,288400,0,0,1,24,47,0,1,14401,10349,3,0,,
3537,04/06/2022,132000,182000,,0,0,58,,1,,20000,,3,1,81,
3538,10/09/2023,161000,210000,0,1,0,38,,0,,24162,,1,1,36,
3539,21/05/2023,110000,197600,0,1,1,44,48,1,1,13727,6273,2,1,17,
3540,12/01/2023,110000,199700,0,2,0,58,,1,,20000,,1,0,12,
3541,06/09/2023,83000,213200,0,1,0,37,,1,,31753,,3,0,74,
3542,02/05/2023,563000,1089200,0,2,0,32,,1,,85664,,2,0,53,
3543,16/03/2022,80000,236400,0,1,0,50,,0,,27369,,2,0,86,13/03/2022
3544,23/08/2022,191000,291800,2,1,0,42,,1,,22138,,2,0,34,17/09/2022
3545,10/08/2023,110000,204300,0,1,0,48,,1,,20000,,1,0,74,
3546,26/04/2024,52000,110000,0,1,1,67,66,1,0,10444,9556,2,0,11,
3547,16/09/2022,145000,241400,0,1,1,28,20,1,0,8820,12584,3,0,60,
3548,06/11/2023,241000,384300,0,1,0,44,,1,,40252,,2,2,64,
3549,26/01/2024,320000,450400,0,1,0,49,,1,,39871,,2,0,,
3550,07/04/2024,68000,108800,0,1,1,60,25,1,0,5099,14901,2,0,6,
3551,15/02/2022,217000,400100,0,1,0,60,,1,,26413,,2,1,89,01/03/2022
3552,02/04/2024,102000,143900,3,0,1,48,43,1,0,8931,11069,2,0,72,
3553,08/11/2021,110000,207500,0,0,0,58,,0,,21456,,1,,199,
3554,27/02/2023,382000,467100,0,,0,18,,0,,30134,,2,1,71,
3555,15/02/2023,120000,260500,0,1,1,20,40,0,1,10497,19326,2,0,89,
3556,08/04/2022,134000,205600,0,1,0,32,,0,,20000,,1,0,223,08/05/2022
3557,24/03/2024,212000,344900,0,0,1,60,34,1,1,14959,15092,3,1,197,
3558,18/08/2024,179000,198500,0,2,0,43,,1,,20177,,0,2,72,
3559,22/04/2022,115000,311900,0,2,0,56,,1,,26837,,3,0,18,
3560,12/08/2024,287000,645000,0,1,1,41,30,0,1,15912,34049,2,0,7,29/08/2024
3561,18/08/2024,45000,166400,0,1,1,48,30,1,0,9806,10194,2,0,14,
3562,22/08/2023,341000,430700,0,1,0,35,,0,,36087,,2,0,,13/10/2023
3563,12/01/2022,159000,383500,0,1,0,27,,1,,40810,,2,,30,
3564,23/05/2024,153000,309600,0,1,1,32,55,1,0,16243,5747,2,0,50,22/06/2024
3565,20/05/2024,327000,387500,3,1,0,47,,1,,43056,,2,1,22,
3566,08/08/2022,116000,203000,0,1,0,54,,1,,20000,,0,0,,
3567,10/02/2022,33000,55000,0,2,0,52,,0,,20000,,2,0,76,19/02/2022
3568,11/02/2022,164000,206600,0,1,1,28,24,0,1,10421,9579,1,0,70,
3569,16/04/2023,54000,97100,0,1,1,36,50,1,0,11546,8454,2,2,,
3570,04/09/2021,52000,148600,0,1,1,18,31,0,1,7767,12233,2,0,83,11/09/2021
3571,21/08/2024,104000,192800,0,2,0,38,,0,,20000,,0,0,181,
3572,25/08/2022,44000,149600,0,2,0,43,,1,,20000,,2,0,80,
3573,20/06/2022,117000,280000,,2,1,59,39,1,0,13475,17211,2,0,57,
3574,11/08/2024,105000,198200,0,2,1,31,52,1,0,13182,6818,0,0,83,30/08/2024
3575,30/03/2024,144000,194900,0,1,1,42,28,1,0,13546,6454,0,1,12,
3576,17/01/2022,115000,208000,0,1,0,18,,0,,23728,,1,0,60,
3577,10/08/2024,752000,1175000,0,1,1,41,50,0,1,31110,81964,3,0,21,
3578,30/10/2023,145000,202600,3,2,0,32,,0,,20000,,,1,80,29/11/2023
3579,18/08/2024,154000,230900,0,2,1,31,54,0,0,14613,8221,2,0,54,
3580,23/08/2023,367000,890900,1,1,0,54,,0,,82682,,2,0,5,
3581,22/04/2024,37000,56000,0,,0,22,,0,,20000,,2,1,77,
3582,05/05/2022,94000,196500,0,2,0,42,,1,,21269,,0,0,85,
3583,29/08/2024,397000,500800,2,1,0,36,,0,,45834,,2,0,213,
3584,11/08/2024,141000,183300,0,2,0,55,,1,,20799,,2,0,,
3585,20/11/2022,178000,260500,0,0,0,63,,1,,20753,,,0,53,07/12/2022
3586,14/03/2024,116000,149600,3,2,1,39,72,1,0,11875,8125,2,,69,11/04/2024
3587,06/04/2022,148000,214700,0,1,0,29,,0,,22248,,2,1,236,11/05/2022
3588,26/08/2024,276000,418800,0,1,0,35,,1,,40765,,3,0,83,
3589,22/08/2022,125000,238100,0,2,0,49,,1,,22477,,2,0,,
3590,02/09/2022,133000,200900,0,1,1,36,26,1,0,9862,10138,0,1,49,26/09/2022
3591,17/12/2022,163000,266700,3,0,1,75,68,1,0,11146,15579,2,1,85,
3592,09/08/2024,70000,206700,3,2,1,38,54,1,0,10350,12157,1,0,209,
3593,25/08/2022,165000,331000,0,1,0,55,,1,,23169,,2,1,15,08/09/2022
3594,19/06/2022,94000,200500,0,1,0,18,,0,,20000,,0,1,87,04/07/2022
3595,24/11/2021,168000,265800,0,0,1,41,75,1,0,5787,14297,3,,22,
3596,15/08/2023,106000,212200,0,0,0,18,,1,,21768,,1,0,50,
3597,30/01/2022,428000,636700,0,1,1,39,65,0,1,40885,29011,3,0,14,20/02/2022
3598,04/05/2024,120000,153400,0,2,0,53,,1,,20000,,3,0,48,
3599,20/02/2022,120000,223200,2,1,0,18,,1,,20000,,2,0,157,
3600,22/04/2024,120000,323200,0,2,1,46,57,1,0,6992,24780,2,2,78,19/05/2024
3601,26/08/2022,374000,631200,0,1,0,62,,1,,42169,,2,0,69,
3602,12/09/2022,360000,562000,3,1,0,44,,0,,53939,,2,0,54,
3603,21/06/2024,71000,111900,0,2,0,37,,1,,20000,,3,1,87,
3604,06/11/2023,222000,358400,0,1,1,71,26,1,0,9484,18149,3,0,84,13/12/2023
3605,21/12/2022,44000,92600,0,1,0,47,,0,,20000,,,,221,
3606,11/06/2024,29000,51200,2,0,1,58,23,1,0,6486,13514,2,0,184,
3607,15/04/2024,95000,159300,0,1,1,47,64,0,1,6201,13799,2,0,,
3608,10/09/2022,140000,208600,1,1,1,27,72,0,1,7773,12227,1,0,82,
3609,01/09/2024,69000,103300,0,1,1,59,56,0,1,3394,16606,2,0,15,
3610,04/08/2024,93000,153100,0,2,0,57,,1,,20000,,2,0,188,
3611,03/07/2024,149000,225300,0,0,0,36,,1,,25997,,2,,75,27/07/2024
3612,24/08/2024,70000,89300,,1,0,44,,0,,20000,,2,1,9,
3613,26/02/2023,113000,195400,0,2,1,65,40,0,1,7301,12699,2,0,219,
3614,13/08/2022,69000,86800,0,1,0,40,,0,,20000,,2,0,0,
3615,28/04/2022,112000,208100,0,1,0,58,,1,,20000,,1,0,12,
3616,04/08/2022,49000,101500,0,1,1,43,34,1,0,6101,13899,2,0,46,24/08/2022
3617,17/07/2024,229000,294100,0,1,1,40,30,0,1,13401,16227,2,0,,12/08/2024
3618,03/03/2024,172000,437500,0,2,0,18,,1,,38404,,2,0,62,
3619,01/06/2022,102000,177900,0,1,0,33,,0,,20000,,3,0,171,
3620,11/02/2023,210000,333900,0,2,0,46,,1,,35397,,2,2,62,
3621,04/04/2023,126000,259700,3,2,0,55,,0,,25084,,2,2,71,10/05/2023
3622,08/05/2024,123000,230100,0,2,0,58,,1,,20000,,3,1,38,
3623,26/08/2022,818000,1255100,0,2,0,30,,1,,101595,,2,0,101,10/09/2022
3624,06/11/2023,160000,451100,0,1,0,55,,1,,46229,,3,0,16,27/10/2023
3625,27/08/2022,155000,344300,0,1,0,44,,0,,32536,,2,0,72,28/09/2022
3626,25/04/2024,101000,158500,1,0,0,43,,1,,20000,,2,,0,12/05/2024
3627,07/02/2022,91000,209400,,1,0,72,,1,,20000,,1,0,87,
3628,15/07/2024,168000,315300,0,1,1,55,67,0,1,22188,13227,2,0,64,24/08/2024
3629,30/06/2023,190000,235100,0,,0,41,,0,,20000,,2,,11,
3630,30/07/2024,271000,577300,0,1,0,36,,0,,56352,,3,0,12,
3631,14/05/2022,191000,315300,0,1,0,65,,1,,25478,,3,0,69,
3632,25/04/2024,127000,296100,2,1,0,72,,1,,26212,,3,0,4,
3633,23/03/2024,395000,649700,0,1,0,50,,1,,48253,,2,0,86,07/05/2024
3634,13/08/2023,281000,665900,0,2,0,61,,1,,54711,,2,0,51,
3635,15/10/2021,318000,416500,0,2,1,35,42,1,0,33581,12935,3,0,55,
3636,12/02/2022,110000,211800,0,2,1,58,43,1,0,5944,14056,1,1,59,
3637,08/02/2022,254000,547800,0,2,0,40,,0,,60702,,3,1,59,13/02/2022
3638,24/04/2022,140000,363900,0,1,0,36,,1,,35661,,2,1,76,07/05/2022
3639,27/07/2022,229000,283600,0,1,1,74,70,1,0,10677,16811,3,0,145,11/09/2022
3640,25/08/2024,134000,211600,0,0,1,46,21,1,0,6711,13289,1,0,255,
3641,26/06/2023,191000,332400,0,2,0,43,,0,,31468,,,0,,
3642,04/08/2022,272000,399400,0,1,0,55,,0,,27398,,2,0,11,
3643,14/05/2023,137000,185900,0,1,1,49,39,1,0,8424,17317,2,0,224,
3644,24/09/2023,174000,334800,0,1,0,50,,1,,31381,,2,0,68,
3645,29/05/2024,160000,193500,2,2,0,39,,1,,20000,,0,1,8,26/06/2024
3646,07/01/2023,136000,167400,0,0,1,39,37,1,0,12745,7255,2,0,60,25/02/2023
3647,11/02/2023,41000,62100,0,1,0,59,,1,,20000,,3,0,86,27/02/2023
3648,26/06/2023,184000,392000,0,2,0,26,,0,,31658,,3,0,199,
3649,25/06/2024,410000,807000,0,1,0,37,,1,,78417,,2,0,70,
3650,01/08/2023,125000,149100,,1,1,32,69,1,0,12626,7374,2,,258,
3651,16/08/2023,63000,159600,0,1,1,48,58,1,1,13406,6594,3,0,65,02/09/2023
3652,16/02/2022,153000,200100,2,1,0,52,,0,,20000,,0,0,253,
3653,30/04/2024,98000,137500,0,1,0,49,,0,,20000,,,1,51,
3654,12/03/2023,163000,223500,0,1,0,59,,0,,20000,,3,0,68,
3655,15/11/2022,76000,87400,0,1,1,31,39,0,1,8153,11847,2,0,15,22/11/2022
3656,22/05/2024,104000,191800,0,2,1,65,18,0,1,11810,10370,3,0,57,17/06/2024
3657,31/08/2023,418000,573400,0,1,0,48,,1,,52519,,3,0,31,06/10/2023
3658,03/02/2024,84000,251200,0,1,0,56,,1,,21563,,2,0,63,
3659,29/05/2022,188000,296300,0,2,1,61,72,1,1,18346,14822,3,0,173,
3660,04/03/2022,83000,109800,0,1,1,30,48,0,0,8055,11945,2,2,216,
3661,27/03/2023,125000,183900,0,0,0,48,,1,,20000,,2,0,85,28/04/2023
3662,21/04/2022,82000,114900,1,2,1,47,75,1,0,5597,14403,3,0,199,12/06/2022
3663,27/12/2022,147000,224200,0,1,1,18,35,1,0,12202,7798,2,2,64,19/02/2023
3664,04/05/2022,76000,228900,0,,0,42,,0,,20000,,2,1,8,
3665,24/05/2023,409000,690300,2,0,0,66,,0,,55884,,3,0,85,
3666,30/12/2023,42000,64800,0,1,1,41,49,0,1,12681,7319,2,0,46,
3667,29/08/2024,218000,288200,0,1,0,18,,0,,27468,,3,2,71,
3668,12/04/2022,118000,230900,0,1,1,47,23,0,0,6205,13795,2,0,83,
3669,11/12/2021,193000,252700,0,1,1,45,39,0,1,6100,13900,3,0,6,
3670,31/03/2023,382000,656000,0,1,1,60,61,1,0,29113,24897,3,0,70,
3671,30/03/2022,313000,420500,0,1,1,65,69,0,1,29635,31482,2,0,86,20/05/2022
3672,09/09/2022,157000,216300,0,1,0,47,,1,,20595,,1,0,31,14/10/2022
3673,22/03/2022,465000,501500,0,,0,30,,1,,46450,,3,2,211,
3674,04/05/2022,64000,91800,0,0,0,41,,0,,20000,,2,1,171,
3675,02/05/2024,287000,529300,0,1,1,42,35,1,0,19648,12747,2,0,193,
3676,02/04/2024,135000,262700,0,1,0,38,,0,,21905,,2,0,7,
3677,24/12/2022,125000,195500,0,1,0,36,,1,,22483,,0,0,82,
3678,25/02/2024,103000,258200,0,0,1,18,61,0,0,14738,5949,3,0,37,23/02/2024
3679,10/08/2022,64000,100300,0,1,1,18,20,1,1,11472,8528,2,0,54,
3680,07/09/2022,58000,87500,0,2,1,18,44,0,1,11898,8102,2,0,155,
3681,27/03/2023,34000,92300,,2,1,44,48,0,1,8927,11073,2,0,61,02/04/2023
3682,01/03/2024,54000,116300,1,2,1,46,25,1,1,7944,12056,2,0,55,
3683,11/09/2023,288000,380600,2,0,0,37,,1,,22677,,3,,2,
3684,13/12/2023,212000,322500,3,1,0,23,,0,,25646,,3,2,150,
3685,21/10/2023,723000,1233400,0,1,1,57,72,1,0,74022,53776,2,0,5,18/11/2023
3686,19/03/2023,46000,140100,0,1,1,23,24,0,1,10634,9366,2,0,13,
3687,09/09/2022,496000,565000,,1,0,58,,0,,51238,,3,0,14,11/10/2022
3688,13/08/2022,241000,435100,0,2,0,52,,1,,43179,,3,0,77,
3689,12/04/2022,558000,807700,0,0,1,32,53,0,1,44716,21161,,0,,
3690,22/03/2023,95000,180600,0,1,1,54,45,0,0,14463,5537,2,,185,
3691,22/05/2023,113000,144000,0,0,0,45,,1,,20000,,2,0,,
3692,31/03/2023,77000,251800,2,2,0,58,,1,,34264,,2,0,239,
3693,29/07/2024,144000,319200,1,2,0,46,,1,,25584,,3,0,18,
3694,14/01/2022,156000,214200,0,2,0,18,,0,,20000,,,2,20,
3695,07/09/2021,172000,252100,0,2,1,29,35,1,0,5708,16102,3,2,12,
3696,27/05/2023,143000,234000,0,1,0,55,,1,,20405,,3,0,4,
3697,18/08/2024,137000,183600,0,1,1,19,30,0,1,7275,12725,2,0,88,
3698,15/08/2022,651000,1042700,0,,1,30,51,1,0,41686,48241,3,0,58,
3699,19/08/2024,98000,270500,0,1,0,31,,0,,32073,,3,0,213,
3700,18/02/2024,309000,431600,0,1,0,71,,0,,41275,,2,0,58,23/03/2024
3701,19/05/2024,284000,672000,0,2,0,64,,0,,54284,,2,0,49,
3702,29/06/2023,98000,154900,0,,0,46,,1,,20000,,2,1,87,
3703,12/03/2024,84000,153100,,2,1,44,62,1,0,7569,12431,2,0,53,
3704,29/04/2022,69000,199900,0,0,0,39,,1,,20000,,2,1,78,
3705,31/03/2023,303000,439900,0,2,1,31,36,1,0,20166,26638,2,0,57,
3706,09/08/2023,202000,251200,0,1,0,55,,0,,23937,,2,0,79,06/09/2023
3707,11/09/2023,140000,198300,0,0,0,43,,1,,20000,,0,0,82,
3708,21/08/2022,31000,63800,0,1,0,31,,0,,20000,,2,1,208,
3709,01/03/2024,96000,277500,0,2,0,52,,0,,23089,,2,2,,09/03/2024
3710,03/10/2022,98000,156900,0,2,1,53,67,1,0,12634,7366,2,0,38,
3711,11/11/2021,61000,91700,2,1,0,18,,0,,20000,,2,0,43,
3712,05/09/2023,161000,200800,0,2,0,21,,0,,26209,,1,0,4,
3713,11/11/2023,230000,310900,0,2,0,40,,0,,28918,,2,0,,
3714,27/12/2022,206000,278500,0,2,0,75,,0,,25754,,3,2,14,
3715,10/05/2023,163000,235800,0,1,0,57,,1,,20000,,2,0,72,
3716,29/12/2023,238000,525600,0,2,0,51,,1,,45350,,3,0,13,08/01/2024
3717,05/09/2021,47000,66200,2,0,0,58,,0,,20000,,2,1,,02/10/2021
3718,03/08/2024,99000,211100,0,2,0,18,,1,,20000,,1,1,83,
3719,18/03/2023,150000,281000,,1,0,70,,1,,20000,,3,2,69,
3720,01/09/2024,78000,94000,1,2,1,39,61,1,0,10320,9680,2,0,,
3721,24/12/2021,244000,339000,0,2,1,64,46,1,0,23860,13576,2,0,87,
3722,17/01/2023,374000,527500,0,2,0,45,,1,,43841,,2,0,14,
3723,09/03/2022,183000,289400,0,1,0,67,,0,,30680,,2,0,80,10/04/2022
3724,11/05/2023,186000,304300,0,1,1,47,42,0,1,4761,18958,3,0,56,
3725,04/06/2023,165000,242600,,1,0,60,,1,,30062,,,0,233,
3726,23/01/2024,319000,455700,0,1,1,42,36,1,0,6576,32418,3,0,70,
3727,08/03/2023,275000,337200,1,1,0,63,,1,,34677,,3,2,57,
3728,16/12/2022,414000,557500,0,1,0,56,,1,,49898,,3,1,46,
3729,28/04/2023,265000,344100,0,1,0,33,,0,,44092,,3,,58,
3730,01/01/2024,70000,79000,0,2,0,41,,0,,20000,,2,0,,
3731,19/11/2022,111000,192000,0,1,0,37,,1,,20000,,2,0,93,
3732,02/03/2023,44000,67200,0,1,0,51,,0,,20000,,2,0,108,18/04/2023
3733,12/04/2024,380000,633800,0,0,1,30,31,1,0,40793,21013,2,0,54,
3734,22/08/2023,148000,210300,0,1,0,48,,0,,20000,,1,0,79,
3735,13/10/2023,122000,205400,0,1,1,52,38,1,0,9432,10875,1,2,14,
3736,12/02/2024,179000,219400,0,2,0,60,,1,,20000,,3,0,6,
3737,26/12/2021,39000,47100,0,1,0,53,,0,,20000,,2,0,9,
3738,09/09/2022,187000,286200,2,1,0,22,,1,,31307,,2,0,,18/10/2022
3739,01/06/2023,140000,202300,0,1,0,39,,1,,21675,,1,0,61,27/06/2023
3740,25/01/2022,92000,165400,0,0,1,52,46,0,1,9350,10650,2,0,46,23/02/2022
3741,05/09/2022,283000,400900,0,,1,18,44,1,0,15400,28638,2,0,72,
3742,08/05/2022,65000,130400,0,0,0,50,,0,,20000,,2,0,0,
3743,06/11/2023,201000,279900,0,,0,72,,1,,30444,,2,0,205,21/12/2023
3744,26/04/2024,64000,205200,0,2,0,46,,1,,22242,,1,1,15,
3745,15/06/2023,167000,248600,0,2,0,48,,1,,20238,,,0,199,
3746,24/08/2024,125000,355500,0,1,1,18,43,1,0,17571,19028,3,0,56,
3747,12/08/2024,117000,306400,2,1,1,56,60,1,0,15172,16392,2,0,27,
3748,08/06/2023,226000,409000,0,2,0,34,,0,,35450,,3,0,6,
3749,27/10/2021,111000,206900,0,1,0,67,,1,,20000,,2,0,17,
3750,19/08/2024,82000,140000,0,1,0,74,,0,,20000,,2,0,84,28/08/2024
3751,02/09/2023,169000,333000,0,1,0,49,,0,,26335,,2,0,56,
3752,10/10/2023,141000,207900,0,2,1,53,43,1,0,10663,9337,1,1,4,
3753,09/08/2023,196000,346400,0,0,0,18,,0,,29995,,2,0,9,
3754,08/03/2022,225000,399700,2,1,0,60,,1,,35554,,3,0,79,06/04/2022
3755,15/11/2022,93000,202800,0,1,0,21,,0,,20000,,1,0,0,
3756,22/05/2024,186000,296700,0,2,0,42,,1,,26946,,3,0,34,
3757,25/07/2024,83000,112400,,1,1,46,42,0,1,11241,8759,2,1,,08/08/2024
3758,12/04/2022,115000,315800,0,1,0,55,,0,,33009,,2,0,19,16/04/2022
3759,02/04/2022,108000,207500,0,0,1,44,56,0,1,8533,11467,0,0,17,
3760,30/07/2023,679000,859400,0,1,0,52,,0,,95873,,2,1,82,
3761,08/09/2022,124000,186500,0,0,1,47,31,1,0,8719,11281,3,0,79,
3762,14/03/2024,217000,340200,0,2,1,58,40,1,0,12226,16791,3,2,76,
3763,14/01/2022,125000,193800,0,1,0,68,,1,,20000,,3,1,172,14/02/2022
3764,02/09/2023,65000,201600,0,2,0,53,,0,,21373,,0,1,80,
3765,20/08/2024,77000,113900,,0,1,18,61,0,1,5317,14683,2,0,74,
3766,21/02/2023,227000,298900,0,1,1,54,52,0,1,18155,12417,2,2,,05/04/2023
3767,30/12/2023,104000,208200,0,0,0,52,,1,,20007,,1,1,14,
3768,15/11/2023,149000,200800,0,2,0,53,,1,,20000,,0,1,142,
3769,16/12/2023,94000,163500,1,2,0,47,,1,,20000,,2,1,77,
3770,04/07/2024,160000,223900,0,1,0,18,,1,,20000,,3,0,82,
3771,04/03/2022,213000,320800,0,2,1,54,73,1,0,11304,19246,2,0,60,
3772,14/05/2024,405000,614000,3,1,0,43,,1,,59928,,3,0,4,13/06/2024
3773,21/07/2022,225000,444100,0,2,0,52,,0,,45234,,2,1,65,
3774,07/08/2023,80000,203600,0,1,0,49,,0,,21024,,0,0,48,
3775,11/04/2023,296000,456700,0,,0,35,,0,,44944,,3,0,231,
3776,18/08/2024,105000,147000,1,2,0,18,,1,,20000,,3,2,221,
3777,17/01/2022,126000,247900,0,0,1,75,72,0,1,5979,14021,2,0,37,
3778,17/07/2023,178000,382000,0,1,0,23,,1,,30784,,3,1,91,
3779,09/04/2024,97000,123100,0,2,0,64,,1,,20000,,2,0,51,
3780,08/08/2024,170000,434300,0,1,0,37,,1,,33453,,2,0,50,
3781,20/02/2022,32000,39800,0,1,0,48,,1,,20000,,2,1,26,
3782,19/04/2023,112000,142600,0,1,0,37,,1,,20000,,,0,87,
3783,08/08/2022,154000,215600,0,2,0,42,,0,,20000,,2,0,68,
3784,17/11/2023,118000,197800,0,1,1,40,56,0,1,10656,9344,1,0,13,07/12/2023
3785,26/08/2022,287000,443300,0,1,1,48,34,0,1,8877,27245,2,0,72,30/09/2022
3786,18/05/2023,103000,165900,0,1,0,49,,0,,20000,,2,1,,19/06/2023
3787,15/05/2022,417000,627100,0,2,0,48,,1,,45912,,2,1,54,08/06/2022
3788,27/08/2023,416000,468900,0,0,0,49,,1,,34196,,2,2,157,
3789,27/08/2022,705000,1053900,0,1,0,53,,0,,86581,,,0,80,
3790,18/03/2024,163000,339400,0,1,0,36,,0,,28246,,3,0,15,
3791,03/07/2022,45000,66800,1,2,0,48,,1,,20000,,,0,13,
3792,01/06/2022,783000,1133100,0,1,1,50,50,1,0,73642,69106,2,0,210,
3793,10/09/2021,94000,205000,,2,0,28,,1,,22095,,2,1,78,26/09/2021
3794,07/08/2023,111000,204900,,1,1,39,53,1,0,12316,10543,3,0,49,
3795,18/02/2022,163000,267500,0,1,0,48,,0,,24055,,3,0,59,
3796,08/02/2022,130000,193600,0,1,0,48,,1,,20000,,2,0,213,
3797,09/02/2022,114000,190800,0,0,0,32,,1,,20000,,0,2,67,
3798,09/12/2023,211000,294400,0,2,0,56,,0,,22962,,3,0,50,07/01/2024
3799,12/09/2021,387000,710600,0,,0,48,,1,,51185,,3,0,9,
3800,09/02/2022,85000,249900,0,1,0,44,,0,,20000,,3,2,2,
3801,19/04/2022,178000,315600,0,1,1,75,50,0,1,19145,6576,2,0,153,
3802,17/01/2024,433000,647200,0,1,1,73,38,0,0,18320,29291,,1,74,
3803,20/08/2022,277000,378200,0,1,1,37,75,0,1,8866,22181,2,0,82,
3804,05/04/2022,186000,303400,0,2,1,53,49,1,0,9289,13901,2,0,63,13/05/2022
3805,22/03/2024,106000,260200,0,0,0,61,,1,,21447,,2,0,55,02/04/2024
3806,17/06/2024,101000,141400,2,1,1,37,45,1,0,14468,5532,2,1,75,01/07/2024
3807,03/08/2024,169000,345100,0,1,1,28,75,0,1,19764,15031,2,0,87,
3808,29/04/2023,315000,465300,0,,0,74,,0,,35456,,2,0,68,
3809,13/03/2022,128000,256800,0,1,0,43,,0,,24137,,2,1,16,
3810,10/04/2024,169000,215600,0,1,0,49,,0,,23820,,2,0,84,
3811,10/09/2023,202000,306300,1,1,1,28,25,1,0,29334,5981,,1,166,
3812,05/03/2022,150000,234200,0,1,0,61,,1,,20000,,3,2,92,
3813,29/08/2023,128000,197500,0,1,1,28,20,0,1,8440,13978,1,1,,10/10/2023
3814,21/10/2023,149000,201100,0,2,0,49,,0,,22785,,1,0,40,
3815,22/09/2022,178000,316000,0,1,0,46,,1,,29004,,2,,84,
3816,12/08/2023,76000,91100,0,,0,49,,1,,20000,,2,,74,
3817,27/08/2024,563000,849500,0,2,0,34,,1,,77493,,2,0,216,
3818,19/09/2021,118000,209600,0,1,0,34,,0,,25408,,1,0,24,12/09/2021
3819,08/08/2024,160000,212600,0,1,0,44,,1,,20000,,2,0,10,
3820,16/11/2021,166000,239000,0,1,0,70,,1,,20000,,2,1,51,09/12/2021
3821,12/08/2022,89000,210300,0,1,1,50,46,0,1,15134,12228,3,0,53,
3822,03/04/2023,43000,121500,0,1,0,62,,1,,20000,,3,2,60,
3823,17/11/2022,159000,304300,,1,0,64,,1,,20000,,2,1,60,07/12/2022
3824,06/10/2023,91000,194900,0,1,0,39,,1,,20000,,0,1,1,
3825,27/09/2022,200000,288700,0,0,1,53,32,0,1,16437,10759,2,0,61,22/10/2022
3826,12/02/2023,78000,141900,0,2,0,59,,1,,20000,,2,1,44,22/03/2023
3827,05/06/2022,53000,89400,0,1,0,35,,1,,20000,,2,0,205,21/06/2022
3828,26/06/2023,357000,459400,0,,0,29,,0,,56798,,2,0,6,
3829,09/12/2022,303000,537700,0,2,1,30,32,0,1,13025,35651,3,1,49,
3830,16/04/2022,105000,188200,0,1,1,43,61,1,0,6885,13115,2,0,228,
3831,02/06/2022,235000,414800,,1,0,75,,0,,34649,,2,1,241,16/07/2022
3832,02/10/2023,610000,789000,,2,0,40,,1,,68827,,2,,165,
3833,31/03/2023,79000,118400,,1,0,39,,0,,20000,,2,0,59,
3834,30/01/2023,312000,404700,0,1,1,22,63,1,0,7767,24452,2,0,205,
3835,27/10/2022,240000,286500,0,,0,51,,0,,21683,,3,0,155,30/11/2022
3836,12/08/2024,160000,269400,0,0,0,64,,0,,24447,,2,1,92,
3837,05/10/2023,272000,367600,2,2,1,52,45,0,1,17934,16211,2,0,206,08/11/2023
3838,01/07/2022,340000,457300,2,,0,75,,0,,53067,,2,0,52,
3839,01/06/2024,305000,698900,0,1,0,34,,0,,65881,,3,1,13,
3840,02/10/2022,288000,795400,0,1,0,66,,1,,78746,,2,2,170,23/10/2022
3841,14/06/2022,130000,185400,0,1,0,70,,1,,20000,,3,0,92,27/06/2022
3842,30/08/2023,436000,823600,0,0,0,28,,0,,73780,,2,2,206,
3843,08/05/2023,446000,729600,0,1,0,57,,0,,68391,,3,0,82,28/05/2023
3844,25/09/2023,93000,209700,0,2,0,53,,0,,21781,,1,0,58,18/10/2023
3845,19/10/2022,105000,229900,0,1,0,67,,1,,21155,,2,0,0,
3846,29/01/2024,183000,272000,3,1,0,18,,1,,33867,,2,2,90,26/02/2024
3847,13/10/2023,55000,95300,0,1,1,51,51,1,1,12078,7922,2,1,74,
3848,12/09/2023,181000,341200,0,1,1,57,47,1,0,8117,31209,2,0,4,
3849,31/08/2023,169000,314900,0,2,1,48,37,0,1,18084,10952,3,0,229,
3850,14/01/2024,250000,330500,0,1,1,27,27,0,1,17863,12527,2,0,11,30/01/2024
3851,10/08/2022,296000,356400,0,0,1,24,72,0,1,16396,16382,2,,,
3852,13/08/2022,116000,158700,0,1,1,54,48,1,0,5634,14366,2,0,81,
3853,09/11/2023,187000,282800,3,1,0,42,,1,,23699,,,0,176,27/12/2023
3854,10/02/2023,89000,157300,0,1,0,50,,1,,20000,,2,0,57,22/02/2023
3855,01/08/2023,143000,319500,0,1,0,53,,0,,25841,,2,1,74,
3856,09/02/2022,101000,212600,0,0,0,20,,0,,20000,,2,0,,
3857,20/05/2024,172000,294200,0,1,0,39,,0,,33800,,3,1,198,
3858,09/07/2022,110000,238100,0,1,0,44,,1,,20175,,2,2,79,
3859,06/07/2023,49000,73900,0,1,1,61,25,1,0,15823,4177,2,0,11,
3860,21/03/2024,199000,332100,2,2,0,29,,1,,28790,,3,0,47,
3861,22/07/2022,125000,156600,0,1,0,44,,0,,20000,,2,,205,09/09/2022
3862,11/08/2024,152000,245200,2,1,1,30,23,0,1,5702,18739,2,0,86,
3863,20/08/2022,207000,342200,0,2,0,49,,1,,36452,,3,0,154,16/09/2022
3864,24/12/2022,103000,229600,3,1,0,68,,0,,21083,,2,0,86,
3865,15/08/2023,120000,203900,0,1,0,45,,0,,20000,,1,1,,
3866,01/04/2022,107000,158900,2,2,1,19,41,0,1,5173,14827,3,0,85,
3867,02/08/2023,34000,85200,0,2,0,31,,0,,20000,,2,0,14,
3868,19/10/2023,112000,245000,0,0,0,75,,0,,21843,,2,0,187,
3869,26/04/2023,191000,237300,0,1,1,25,53,0,1,6211,14193,2,0,86,
3870,23/03/2023,116000,161300,0,1,1,54,18,0,1,7155,12845,2,0,9,
3871,07/01/2022,156000,237200,0,0,0,50,,1,,23298,,3,1,83,
3872,30/08/2022,84000,110600,0,1,1,65,42,1,0,10856,9144,2,0,9,24/09/2022
3873,29/08/2023,175000,289900,0,1,1,31,56,0,1,12610,10897,2,1,157,11/11/2023
3874,25/01/2022,199000,309900,1,1,0,49,,0,,31752,,2,2,25,
3875,12/08/2022,567000,766400,0,2,1,37,61,0,1,12497,43721,3,0,199,
3876,29/09/2022,139000,205600,0,1,0,42,,0,,20000,,1,1,18,
3877,12/09/2022,119000,274400,0,1,0,25,,0,,24007,,2,0,50,17/09/2022
3878,28/05/2022,94000,123200,0,2,1,37,64,0,1,8488,11512,2,0,51,01/07/2022
3879,12/02/2024,1709000,2783200,0,1,1,40,64,1,0,116709,125079,2,1,7,
3880,15/05/2023,184000,244900,2,1,1,28,18,0,1,4301,18071,2,0,33,11/07/2023
3881,29/08/2022,124000,248400,0,2,0,53,,1,,26799,,2,0,13,
3882,08/08/2024,140000,342600,0,1,0,25,,0,,29481,,3,0,88,
3883,23/06/2022,78000,165200,0,1,0,49,,0,,20000,,2,0,190,
3884,19/09/2021,132000,213000,0,1,1,44,49,0,1,12793,7207,1,2,,
3885,29/03/2023,541000,929000,0,1,0,47,,1,,95097,,3,0,38,
3886,30/09/2021,249000,425100,0,2,0,57,,1,,33396,,3,1,7,
3887,15/11/2023,46000,83300,3,1,0,33,,0,,20000,,2,0,28,
3888,18/02/2022,364000,678100,1,2,1,24,53,1,0,28013,36231,2,0,69,
3889,27/05/2022,210000,300000,0,1,1,52,56,0,1,18268,13479,3,0,202,
3890,06/01/2022,123000,192400,0,1,0,51,,0,,20000,,2,0,76,
3891,30/12/2022,144000,199300,0,2,0,75,,1,,21394,,0,0,55,13/02/2023
3892,24/02/2022,102000,156200,3,1,1,32,25,0,1,3869,16131,2,0,37,
3893,14/08/2023,218000,314000,0,2,1,38,75,0,1,16067,13262,2,0,54,08/09/2023
3894,09/11/2021,117000,177700,0,1,1,52,37,0,1,11335,12840,2,0,5,
3895,01/12/2022,46000,112300,0,1,0,18,,1,,20000,,2,0,52,
3896,26/06/2022,63000,99800,0,2,1,42,22,1,0,10806,9194,2,1,157,
3897,07/08/2024,140000,265000,0,1,0,72,,0,,20000,,2,0,78,
3898,06/01/2023,155000,317100,,2,1,46,49,0,1,11287,19750,2,0,64,
3899,10/10/2023,153000,247700,0,1,0,29,,1,,21853,,3,0,52,22/10/2023
3900,01/12/2022,379000,556100,0,0,0,18,,1,,91512,,2,0,86,
3901,16/07/2024,103000,198700,0,1,0,31,,1,,20000,,0,0,194,
3902,30/03/2022,195000,316500,0,1,0,42,,0,,25042,,3,1,52,08/05/2022
3903,23/01/2024,478000,624900,0,2,1,44,52,0,1,48102,24144,3,0,79,
3904,27/12/2023,80000,101000,0,1,0,63,,0,,20000,,3,1,221,29/01/2024
3905,13/04/2022,246000,495200,0,1,1,45,18,0,0,22962,25335,3,0,18,
3906,09/12/2022,63000,109800,0,2,0,57,,1,,20000,,2,2,35,29/12/2022
3907,17/09/2023,274000,404300,3,,1,46,35,0,1,11239,17835,2,2,42,04/11/2023
3908,13/06/2022,152000,204700,0,1,1,48,38,0,1,9856,12771,1,0,,19/07/2022
3909,09/07/2024,73000,136300,0,1,0,66,,0,,20000,,2,0,72,
3910,11/08/2024,228000,315700,2,1,1,29,18,1,0,8323,15654,2,0,41,
3911,08/02/2022,136000,331700,0,2,0,65,,1,,29257,,,0,9,
3912,11/12/2022,47000,73300,,1,1,47,25,1,0,8938,11062,2,2,192,
3913,07/07/2022,94000,165500,0,1,0,42,,0,,20000,,2,0,9,
3914,23/08/2023,268000,395900,2,1,0,48,,1,,32460,,3,0,77,
3915,06/09/2023,410000,701100,0,,0,49,,0,,55583,,2,0,5,
3916,10/09/2023,129000,179000,0,1,1,39,69,1,0,8453,11547,2,2,88,
3917,16/10/2023,264000,349000,0,2,0,28,,1,,30437,,2,1,3,
3918,03/10/2023,353000,627000,,1,0,38,,0,,62421,,3,1,74,
3919,16/04/2024,90000,150500,0,1,1,52,75,0,1,7253,12747,2,0,54,05/05/2024
3920,10/03/2023,168000,224500,0,1,1,40,31,1,0,21320,17094,3,0,80,
3921,14/02/2023,922000,1387600,0,2,0,67,,1,,144146,,3,0,83,
3922,14/07/2023,304000,659200,0,1,0,57,,0,,76958,,3,1,75,
3923,26/03/2022,119000,200600,0,1,1,42,18,0,1,7356,18552,1,0,0,
3924,20/04/2022,103000,121900,0,2,1,43,31,0,1,11723,8277,2,0,93,
3925,09/08/2023,136000,230500,0,1,0,72,,0,,20000,,2,1,74,
3926,29/06/2024,227000,404700,,2,1,40,18,0,0,20367,19167,3,0,,
3927,04/04/2023,117000,210900,0,2,0,54,,0,,20000,,1,2,74,14/04/2023
3928,01/09/2023,242000,328500,2,2,1,33,42,0,1,17128,9499,3,0,87,01/10/2023
3929,09/03/2024,291000,451200,0,1,0,44,,1,,37786,,2,0,37,05/04/2024
3930,01/09/2022,54000,98700,0,1,0,47,,1,,20000,,2,0,51,04/09/2022
3931,28/08/2022,101000,209500,0,1,1,51,54,0,1,12570,11175,1,0,6,
3932,03/11/2023,84000,131400,3,,0,54,,1,,20000,,2,1,73,
3933,30/08/2022,132000,239000,0,1,1,54,41,0,1,6547,13453,2,0,71,
3934,11/06/2024,669000,1116500,3,1,0,45,,1,,110983,,3,1,84,10/07/2024
3935,25/11/2021,203000,365600,0,1,0,39,,0,,37189,,2,0,51,
3936,09/04/2023,110000,247700,0,1,0,51,,0,,29476,,2,0,90,
3937,11/02/2023,692000,764700,0,2,1,36,52,1,0,28620,34855,3,0,54,12/04/2023
3938,04/04/2024,138000,212200,0,2,0,37,,1,,20000,,1,0,82,04/05/2024
3939,20/08/2023,220000,339800,0,2,1,57,51,0,1,16142,16883,3,1,88,
3940,12/07/2023,128000,206700,0,,1,36,35,1,0,7899,12101,1,0,11,02/08/2023
3941,30/03/2022,173000,346100,3,1,0,58,,0,,27180,,3,0,16,31/03/2022
3942,24/09/2021,291000,489500,0,2,1,54,51,0,0,26289,23015,3,0,71,
3943,03/06/2022,168000,299200,0,1,1,51,45,0,1,9596,22661,3,0,161,
3944,06/07/2024,93000,144100,2,1,0,60,,1,,20000,,2,0,124,
3945,01/03/2022,133000,206700,0,2,0,57,,1,,20000,,2,0,57,21/03/2022
3946,23/01/2023,151000,244200,0,1,1,61,43,0,1,7616,12384,3,1,12,
3947,22/02/2023,162000,204300,0,1,1,18,57,1,0,12138,7862,1,2,85,
3948,01/11/2023,264000,321800,2,1,0,39,,0,,31229,,2,1,15,25/11/2023
3949,20/03/2023,156000,201900,0,1,0,18,,1,,20953,,2,0,243,
3950,28/04/2022,193000,263700,,1,1,50,61,1,0,6414,13586,2,1,0,
3951,29/12/2021,92000,152700,0,,0,44,,1,,20000,,3,2,161,
3952,28/08/2022,160000,195600,0,1,1,38,45,1,0,17607,8037,0,,56,
3953,03/02/2023,159000,209000,0,1,0,45,,0,,28300,,2,0,58,
3954,04/04/2024,281000,354700,0,2,1,51,41,1,0,27241,16824,3,2,84,
3955,12/09/2023,78000,236600,3,2,1,47,41,1,1,12102,9919,3,0,79,
3956,17/06/2022,112000,159800,0,0,1,49,52,1,0,8719,13007,2,2,77,
3957,27/04/2022,307000,498400,,0,0,36,,0,,59226,,2,0,234,
3958,25/06/2024,106000,177500,0,1,1,27,56,1,0,10239,9761,2,0,,
3959,22/02/2024,181000,207000,0,0,0,29,,0,,20353,,1,0,5,
3960,20/05/2024,41000,65000,0,2,0,73,,1,,20000,,2,1,6,
3961,16/06/2023,285000,321300,0,1,0,52,,1,,27595,,3,0,38,01/08/2023
3962,14/08/2024,160000,287500,0,2,1,54,73,1,0,13672,9924,2,0,16,
3963,09/02/2024,121000,196200,0,0,0,61,,1,,20000,,3,0,70,12/03/2024
3964,13/08/2023,155000,308300,0,1,1,75,56,0,1,11227,12725,3,0,17,
3965,14/01/2024,187000,454900,0,1,0,43,,0,,41811,,,0,67,03/02/2024
3966,04/11/2021,88000,200300,0,0,0,39,,0,,20865,,0,0,13,17/11/2021
3967,01/06/2022,639000,736200,0,2,1,32,36,0,1,18232,53799,2,1,78,
3968,02/03/2024,427000,577200,0,2,1,35,27,0,0,24611,32161,3,0,70,
3969,07/08/2024,131000,231000,0,2,0,38,,0,,20000,,2,0,52,08/08/2024
3970,04/07/2023,66000,101400,3,1,0,75,,1,,20000,,2,2,79,
3971,11/12/2022,748000,1134600,0,1,0,47,,0,,102886,,2,2,62,
3972,14/12/2022,170000,327100,1,1,0,41,,0,,22775,,3,0,17,
3973,26/05/2022,104000,206900,0,1,0,61,,1,,20000,,1,0,29,
3974,23/02/2023,109000,212700,0,1,1,40,61,0,1,14443,9868,1,1,244,31/03/2023
3975,18/08/2024,83000,142100,0,1,0,40,,0,,20000,,2,0,53,
3976,04/03/2024,212000,452800,0,1,1,30,59,1,0,21327,20655,2,1,90,
3977,21/03/2023,213000,276200,0,1,0,26,,0,,21673,,3,0,191,
3978,25/08/2023,252000,307400,0,2,0,43,,1,,25607,,,0,76,
3979,08/08/2022,139000,203500,0,2,1,47,38,0,1,12283,7717,0,,16,
3980,18/10/2023,117000,250500,0,0,0,41,,1,,22968,,3,1,10,
3981,02/10/2022,219000,295900,0,2,0,42,,1,,25520,,2,0,58,01/11/2022
3982,15/01/2023,305000,361600,0,1,0,29,,1,,29824,,2,0,50,21/02/2023
3983,30/03/2023,193000,319900,,1,0,20,,1,,27384,,3,0,62,10/05/2023
3984,04/09/2022,110000,184800,0,1,1,58,45,0,1,13262,13573,3,2,84,03/10/2022
3985,16/08/2022,228000,446100,0,2,0,25,,0,,44038,,2,,61,
3986,09/08/2024,329000,360400,0,1,1,56,68,1,0,24872,21753,2,1,70,
3987,26/02/2022,100000,195700,0,2,1,42,39,1,1,12035,7965,2,0,242,01/04/2022
3988,16/08/2022,158000,358100,0,1,0,26,,0,,27726,,3,0,9,23/08/2022
3989,31/01/2022,90000,112900,0,1,0,54,,0,,20000,,2,1,50,
3990,14/03/2022,168000,229500,0,2,0,19,,1,,21948,,3,0,14,13/04/2022
3991,13/09/2022,179000,211400,0,1,1,41,22,0,1,10309,12724,2,0,10,
3992,12/09/2021,297000,505900,0,,0,41,,1,,48258,,2,0,94,
3993,25/08/2023,167000,330100,0,1,0,29,,0,,27306,,2,1,68,
3994,15/08/2024,136000,186200,0,0,1,28,52,0,1,9976,10024,2,1,11,
3995,02/03/2024,82000,143500,0,0,1,39,63,0,1,15975,4025,2,0,59,
3996,11/08/2024,157000,212900,0,0,0,68,,0,,20000,,2,0,13,
3997,10/07/2024,189000,215600,0,1,1,38,72,0,1,13600,6400,2,1,12,20/08/2024
3998,04/01/2024,129000,205600,0,1,0,45,,1,,22070,,1,0,84,14/02/2024
3999,27/07/2023,55000,93800,0,1,1,31,20,1,0,8574,11426,2,0,75,26/08/2023
4000,15/10/2021,33000,54700,0,1,1,37,49,0,1,11526,8474,2,0,56,03/11/2021
4001,06/11/2022,226000,328200,0,1,1,54,41,1,0,11668,16495,3,0,164,16/12/2022
4002,18/08/2022,213000,351600,0,1,1,61,50,0,1,31508,5605,2,0,55,
4003,10/08/2024,70000,128300,0,1,1,32,52,0,1,9554,10446,2,0,84,
4004,27/12/2021,443000,818700,0,,1,37,25,1,0,34605,40471,3,2,0,
4005,13/08/2022,48000,99500,0,2,0,48,,1,,20000,,2,,180,
4006,30/11/2022,172000,213400,0,1,1,56,18,1,0,9899,10194,1,0,78,
4007,01/06/2023,192000,447900,0,1,1,34,67,1,0,16984,26213,3,1,84,26/06/2023
4008,19/09/2021,32000,56300,0,1,0,28,,1,,20000,,2,0,159,
4009,01/08/2022,220000,288300,0,1,0,56,,0,,29140,,2,0,87,03/09/2022
4010,24/05/2023,69000,148700,0,1,0,28,,1,,20000,,2,0,76,
4011,24/02/2024,122000,177000,0,1,0,53,,0,,20000,,2,0,81,
4012,21/12/2022,380000,641200,0,1,0,64,,1,,39484,,2,2,7,
4013,20/09/2023,34000,81200,1,1,0,58,,1,,20000,,2,0,18,
4014,04/09/2022,203000,289600,0,1,0,43,,0,,26059,,2,0,72,
4015,06/04/2024,186000,268800,0,2,0,50,,0,,20846,,2,0,19,03/05/2024
4016,11/08/2022,92000,122500,0,1,1,53,18,0,1,4537,15463,2,2,72,
4017,21/12/2021,171000,210900,0,1,1,44,52,1,0,8011,21106,1,0,49,
4018,03/07/2023,102000,187600,0,2,0,24,,0,,20000,,2,2,17,
4019,26/01/2024,345000,516400,2,2,0,67,,1,,51128,,,0,10,19/02/2024
4020,10/09/2023,124000,225100,0,1,0,46,,0,,20000,,2,0,90,
4021,02/01/2023,139000,195000,0,0,1,56,24,0,1,12399,7601,2,2,47,
4022,11/02/2023,77000,206500,0,1,0,51,,1,,20000,,1,0,50,05/02/2023
4023,09/09/2021,147000,215700,0,1,1,26,33,0,1,13809,6191,2,0,53,
4024,19/11/2023,60000,108100,0,2,0,25,,1,,20000,,2,0,51,
4025,30/08/2024,147000,205900,0,2,0,64,,0,,51570,,1,0,180,
4026,01/06/2023,168000,298000,,1,0,43,,1,,22565,,2,0,5,
4027,07/07/2024,306000,573200,0,0,0,47,,0,,52352,,2,1,60,
4028,03/03/2022,125000,206500,3,1,0,39,,0,,20000,,3,0,10,
4029,18/07/2023,43000,55400,0,1,0,42,,0,,20000,,2,,90,
4030,14/03/2022,42000,63000,0,1,0,56,,1,,20000,,2,0,201,
4031,29/02/2024,99000,200200,0,0,0,19,,1,,20000,,2,,2,
4032,26/03/2022,92000,156900,,0,1,51,28,0,0,6129,13871,2,0,74,
4033,10/02/2023,118000,234700,0,1,0,57,,1,,23654,,3,,66,10/02/2023
4034,03/06/2024,108000,201500,,1,0,38,,1,,20000,,0,1,86,
4035,24/02/2022,184000,399300,0,1,0,43,,1,,37898,,3,0,43,10/03/2022
4036,29/01/2024,430000,617600,0,2,0,44,,1,,62746,,3,0,4,
4037,29/01/2024,41000,54700,0,2,1,42,53,0,1,5129,14871,2,0,60,18/02/2024
4038,17/08/2024,227000,300900,0,1,0,75,,1,,28435,,3,0,2,
4039,18/08/2024,144000,204600,0,2,0,28,,0,,20000,,1,0,189,
4040,06/04/2022,52000,106600,0,1,0,40,,0,,20000,,2,0,13,
4041,19/03/2023,137000,208900,0,1,0,65,,1,,20000,,1,1,54,
4042,24/04/2024,133000,210000,0,1,0,24,,1,,41359,,1,1,95,20/05/2024
4043,23/08/2023,131000,149200,0,2,1,31,39,1,0,10468,9532,2,1,83,
4044,12/09/2022,127000,201900,0,1,1,52,55,0,1,8515,13621,,0,78,
4045,22/08/2022,149000,231500,2,1,0,55,,1,,22726,,2,0,59,
4046,01/09/2022,39000,55600,0,1,0,39,,0,,20000,,2,0,69,11/09/2022
4047,02/05/2022,579000,1103700,1,1,0,48,,0,,122189,,2,1,76,
4048,11/08/2023,150000,264100,2,0,0,67,,0,,20104,,3,0,186,
4049,21/08/2024,203000,377400,0,1,0,48,,0,,27836,,2,0,199,
4050,17/08/2024,81000,137900,0,1,1,34,75,0,1,6988,13012,2,2,7,
4051,18/07/2023,212000,289400,0,1,0,55,,0,,29341,,3,0,151,
4052,28/08/2024,145000,202200,3,1,0,67,,0,,20000,,1,0,79,
4053,02/04/2022,72000,211400,3,1,1,56,73,0,1,5640,14360,2,0,251,
4054,20/09/2023,240000,435200,2,1,1,30,40,1,0,23993,19821,2,0,51,
4055,27/11/2021,84000,146400,0,1,0,38,,1,,20000,,2,1,75,
4056,02/12/2021,285000,457400,0,1,0,27,,0,,39005,,3,0,14,05/01/2022
4057,22/05/2023,142000,237600,0,1,0,40,,1,,21435,,2,2,70,21/05/2023
4058,18/06/2024,283000,448400,0,2,1,37,44,0,0,17861,18298,3,0,185,21/07/2024
4059,11/09/2023,207000,290900,3,1,1,57,31,0,1,10165,9863,,0,79,
4060,28/08/2024,205000,257000,0,2,0,33,,1,,22993,,2,,10,
4061,04/05/2024,67000,120900,0,1,0,42,,1,,20000,,3,1,2,19/05/2024
4062,06/07/2024,124000,156300,0,1,0,35,,0,,20000,,2,1,77,
4063,23/10/2021,405000,581800,0,1,0,48,,1,,46160,,3,0,55,
4064,31/08/2024,127000,207000,0,1,1,47,49,1,0,11091,8909,2,2,54,
4065,17/08/2022,166000,203700,,1,1,36,36,0,1,6602,13398,2,0,47,
4066,06/09/2022,97000,165000,0,1,0,59,,0,,20000,,3,0,39,
4067,15/06/2023,267000,387900,0,2,1,44,57,1,0,8048,24999,2,0,170,
4068,30/08/2023,222000,308200,,1,0,42,,0,,20612,,3,1,171,
4069,01/03/2024,97000,163400,0,1,1,38,62,1,0,12239,7761,2,0,30,26/03/2024
4070,21/03/2023,146000,216300,0,2,0,47,,0,,20000,,2,2,193,
4071,26/10/2021,270000,358300,0,1,1,30,18,1,0,20845,38402,3,0,89,
4072,02/07/2023,93000,176000,0,1,0,63,,0,,20387,,2,0,76,
4073,23/03/2024,172000,323800,0,2,1,61,34,1,0,17799,19230,2,0,14,
4074,17/03/2022,73000,135300,3,2,0,61,,1,,20000,,2,0,167,
4075,05/12/2021,91000,233600,0,1,0,32,,1,,25442,,3,0,77,09/12/2021
4076,10/09/2023,87000,191700,0,0,1,48,51,0,0,8658,11342,2,0,168,
4077,22/09/2022,66000,144500,2,2,0,51,,0,,20000,,2,0,46,02/10/2022
4078,11/08/2022,121000,296100,0,2,0,38,,0,,20000,,3,0,93,
4079,01/09/2022,259000,316200,0,1,0,32,,0,,21899,,2,1,32,
4080,23/06/2022,99000,130500,0,1,0,38,,0,,20000,,2,0,11,17/07/2022
4081,15/03/2022,456000,742500,0,2,0,24,,1,,72264,,3,0,74,
4082,29/03/2023,79000,92600,0,1,1,43,46,0,0,12448,7552,2,0,228,
4083,18/01/2024,782000,1202400,,1,1,49,22,1,0,54946,70166,2,1,,
4084,05/08/2024,474000,718000,0,2,0,54,,0,,65140,,3,0,67,
4085,21/10/2022,105000,160500,0,1,1,51,70,0,1,11885,8115,2,1,51,20/10/2022
4086,06/09/2023,118000,144500,,2,0,63,,1,,20000,,2,0,75,
4087,19/07/2022,138000,152000,0,1,1,21,60,1,0,15544,4456,2,0,80,24/08/2022
4088,08/10/2021,136000,193100,0,1,0,52,,0,,20000,,0,0,169,05/11/2021
4089,11/07/2022,175000,210500,0,1,0,52,,1,,21740,,1,1,77,
4090,24/08/2022,195000,266300,0,1,0,65,,1,,23930,,2,1,11,
4091,13/09/2021,110000,155400,0,2,1,62,51,1,0,6548,13452,2,0,82,
4092,17/09/2021,256000,491000,0,2,0,41,,1,,49975,,2,0,253,
4093,23/07/2022,277000,447300,0,,0,64,,1,,29124,,3,1,194,
4094,08/04/2023,82000,126200,1,2,0,21,,1,,20000,,3,1,222,
4095,25/02/2022,100000,143100,2,2,0,49,,0,,20000,,2,0,,14/03/2022
4096,08/12/2023,114000,228000,0,1,1,54,29,1,0,11836,8164,2,,59,
4097,16/07/2024,77000,209300,0,1,0,39,,1,,24935,,1,0,54,
4098,27/12/2023,132000,194700,0,0,0,21,,1,,20273,,0,0,7,
4099,22/03/2024,136000,199600,0,0,1,55,39,0,1,8110,12225,2,1,28,03/05/2024
4100,18/08/2022,112000,207800,0,,0,36,,1,,21398,,2,2,165,04/09/2022
4101,27/02/2022,132000,179600,,1,1,25,29,1,0,8949,13969,2,0,51,07/04/2022
4102,28/01/2022,144000,272200,0,2,0,18,,1,,23413,,2,0,83,19/02/2022
4103,12/04/2023,113000,145300,0,0,1,48,66,0,1,9350,10650,,0,59,
4104,11/01/2022,568000,838100,0,1,1,45,18,1,0,20638,49054,2,0,259,
4105,14/09/2021,302000,482000,0,1,1,66,18,1,1,14359,24948,2,1,54,
4106,09/06/2024,256000,422000,0,1,0,44,,1,,41094,,3,0,174,
4107,20/08/2023,231000,265000,0,2,1,29,48,0,0,11270,9143,2,0,43,
4108,22/03/2024,73000,147500,0,1,1,38,41,1,0,6939,13061,2,0,51,
4109,30/08/2024,152000,208100,0,1,0,18,,1,,20000,,1,1,222,
4110,13/03/2022,118000,207700,0,1,1,48,52,1,0,5675,14325,,0,53,
4111,14/05/2023,236000,392000,0,2,1,48,52,0,1,40595,3337,3,0,68,22/05/2023
4112,22/08/2022,470000,856300,2,2,0,53,,0,,94565,,3,0,214,
4113,08/09/2023,278000,404600,0,1,0,60,,0,,35254,,2,,75,25/10/2023
4114,07/08/2024,92000,161100,0,1,0,66,,1,,20459,,2,0,89,
4115,19/08/2022,129000,196000,,,0,26,,1,,20000,,0,0,53,
4116,08/08/2024,615000,1149700,0,1,0,22,,1,,100160,,2,0,64,
4117,22/11/2023,89000,383200,0,1,0,24,,1,,37589,,2,1,15,05/12/2023
4118,21/06/2023,108000,195100,0,0,1,60,47,0,1,13179,12422,2,0,81,
4119,16/02/2022,125000,208000,0,1,1,37,22,1,0,17460,5292,,1,227,
4120,14/04/2023,249000,621700,2,2,0,56,,0,,59565,,2,2,16,13/05/2023
4121,15/06/2023,117000,195200,0,,1,39,42,0,1,10361,9639,1,2,48,
4122,23/06/2022,144000,174300,0,,0,51,,0,,20000,,2,0,212,
4123,31/05/2024,137000,206300,0,1,0,34,,0,,20557,,1,0,83,20/06/2024
4124,19/04/2022,177000,215400,0,0,0,38,,0,,33497,,1,0,194,
4125,27/03/2024,109000,186000,0,2,0,18,,1,,20000,,2,1,17,
4126,12/08/2022,159000,195000,0,1,0,39,,1,,20000,,0,1,220,
4127,06/02/2024,121000,174100,0,1,0,41,,1,,20000,,,0,19,
4128,24/10/2022,118000,225600,0,1,0,51,,1,,24472,,2,0,50,
4129,14/01/2023,166000,236600,0,1,0,46,,1,,20298,,2,0,54,
4130,11/09/2022,452000,801500,0,1,1,54,18,0,1,50101,28744,2,0,8,25/09/2022
4131,24/02/2023,67000,178100,0,1,0,53,,1,,20000,,3,0,87,
4132,23/11/2023,182000,327600,0,2,0,44,,1,,39334,,3,2,81,
4133,19/01/2022,143000,201700,0,2,0,30,,1,,20000,,0,0,0,14/02/2022
4134,10/03/2024,136000,208000,0,,1,42,37,1,0,14589,5411,2,0,168,09/04/2024
4135,29/08/2022,172000,316500,0,,0,46,,0,,31485,,3,0,53,
4136,13/12/2022,137000,216500,0,0,0,46,,0,,20000,,1,0,233,
4137,03/08/2022,96000,163500,0,2,1,60,23,0,1,14735,5265,2,1,76,
4138,30/08/2022,259000,376100,0,2,1,49,60,1,1,18436,19690,3,1,17,
4139,20/06/2023,94000,149500,0,1,0,33,,0,,20000,,2,1,16,
4140,07/09/2022,79000,204800,0,2,0,44,,0,,28877,,3,2,17,20/09/2022
4141,29/08/2023,149000,229100,0,1,1,60,28,0,1,14361,6869,3,1,181,
4142,16/03/2024,147000,202600,0,0,0,26,,0,,20000,,1,2,194,
4143,11/03/2023,109000,238300,0,2,0,44,,0,,20000,,2,1,26,28/03/2023
4144,20/08/2024,55000,76700,3,2,1,43,26,0,1,12205,7795,2,2,226,
4145,08/02/2022,112000,207400,0,2,1,64,54,0,1,17119,4424,1,0,93,
4146,11/01/2022,449000,603100,0,2,0,44,,1,,63944,,2,0,14,
4147,19/11/2021,162000,248300,,1,1,37,61,1,0,10627,11161,2,0,33,
4148,28/05/2024,253000,492400,0,1,0,49,,1,,38894,,2,0,8,27/06/2024
4149,24/08/2023,68000,103900,0,2,0,59,,1,,20000,,2,,57,
4150,23/08/2023,105000,201900,0,2,1,40,53,1,0,10748,9252,0,2,42,
4151,04/02/2022,343000,512200,2,1,0,60,,1,,47301,,2,0,74,
4152,28/02/2022,190000,369700,0,1,0,51,,1,,30588,,2,0,246,
4153,13/06/2023,49000,134000,3,2,1,74,43,0,1,8920,11080,2,1,85,
4154,01/01/2022,90000,125900,0,2,0,28,,0,,20000,,2,0,236,
4155,04/01/2023,80000,199500,0,2,0,61,,1,,20000,,3,2,80,18/01/2023
4156,30/05/2022,140000,224700,0,2,0,57,,0,,20000,,3,0,88,
4157,30/08/2024,69000,143600,2,1,0,47,,1,,20000,,2,,80,
4158,07/04/2024,750000,885600,0,0,0,22,,0,,89987,,2,1,78,
4159,11/02/2022,209000,273800,0,1,1,19,46,0,1,8389,15746,,0,59,08/04/2022
4160,06/05/2022,495000,714300,0,2,1,29,54,1,0,44603,47620,3,0,5,
4161,06/08/2024,163000,325100,0,1,0,41,,1,,26779,,2,0,79,
4162,16/12/2021,542000,887600,,1,1,44,51,1,0,33971,56978,3,0,12,
4163,11/01/2022,62000,89400,2,2,0,37,,1,,20000,,,0,6,
4164,01/05/2024,246000,384300,0,0,0,30,,1,,32751,,2,1,,
4165,03/07/2023,445000,689500,0,1,0,60,,0,,53158,,3,0,10,20/07/2023
4166,27/06/2022,147000,202500,2,0,0,63,,0,,20000,,0,0,198,17/07/2022
4167,14/03/2022,22000,51800,0,2,1,71,53,1,0,14346,5654,2,1,76,
4168,04/09/2023,382000,690600,0,0,0,37,,0,,51743,,3,1,148,
4169,30/05/2023,382000,646300,0,2,1,62,41,1,1,18900,33396,2,0,12,
4170,30/03/2024,142000,204500,0,1,0,18,,0,,30806,,1,0,22,
4171,11/08/2023,97000,139700,0,0,0,42,,0,,20000,,2,0,28,13/09/2023
4172,08/08/2024,68000,79300,2,1,0,75,,1,,20000,,2,0,82,
4173,01/05/2024,149000,276400,0,0,1,53,53,1,0,19412,12583,,1,247,27/05/2024
4174,31/08/2023,210000,495600,0,1,0,41,,0,,42658,,3,0,76,20/09/2023
4175,05/02/2022,36000,95900,0,0,0,54,,0,,20000,,2,0,86,
4176,05/06/2024,106000,205800,0,1,1,50,51,1,0,10969,9031,,0,14,14/06/2024
4177,14/08/2024,135000,182900,0,2,0,22,,1,,20000,,2,0,11,
4178,26/04/2023,417000,797600,0,1,1,43,27,0,0,48782,43642,2,0,11,11/05/2023
4179,14/07/2023,156000,193700,0,1,1,32,41,1,0,6319,13681,2,0,52,
4180,12/02/2023,94000,148900,0,1,1,54,54,0,1,10005,9995,2,0,,18/03/2023
4181,09/08/2022,296000,434100,0,2,1,18,58,1,1,22656,22358,2,0,81,30/09/2022
4182,27/08/2023,165000,208500,0,1,1,32,71,1,0,8694,16017,1,1,94,03/10/2023
4183,31/08/2024,42000,65100,0,1,0,26,,0,,20000,,2,0,70,
4184,29/08/2023,235000,361100,0,1,0,60,,0,,26416,,2,0,77,
4185,10/08/2022,95000,210700,0,,1,18,46,0,1,11113,9788,1,0,55,05/09/2022
4186,27/10/2021,115000,199000,0,1,0,60,,0,,20000,,0,0,11,
4187,07/01/2022,26000,60000,0,1,0,48,,1,,20000,,2,2,146,
4188,30/08/2023,102000,180700,0,,1,51,55,1,0,10414,9586,2,0,81,30/08/2023
4189,17/08/2024,105000,178300,0,2,0,58,,0,,20000,,2,1,74,
4190,18/12/2021,235000,453700,1,1,1,65,46,1,0,14741,26556,3,0,173,
4191,18/02/2023,92000,148700,0,1,1,51,45,1,0,15836,5385,2,0,43,
4192,04/03/2022,107000,162600,0,1,0,62,,1,,20000,,3,1,,05/04/2022
4193,04/06/2024,172000,338800,0,1,0,35,,0,,41999,,2,0,179,12/06/2024
4194,23/03/2024,610000,1216900,0,2,0,21,,0,,92159,,3,0,50,17/04/2024
4195,24/08/2022,122000,212500,0,,0,42,,0,,20000,,1,1,229,
4196,23/05/2024,129000,203600,0,1,1,62,38,1,0,10240,9760,1,0,56,28/06/2024
4197,01/09/2023,161000,206000,0,1,1,35,40,1,0,7702,12377,1,0,37,
4198,22/09/2021,88000,158700,0,2,0,56,,0,,20000,,2,0,244,
4199,07/07/2022,92000,200900,0,1,1,44,52,0,1,15081,4919,0,0,80,
4200,06/06/2024,492000,604000,1,1,1,37,38,0,1,57358,9441,2,,70,
4201,10/04/2022,42000,89800,3,1,0,55,,0,,20000,,2,0,80,
4202,03/06/2022,219000,453000,0,1,0,36,,0,,40758,,3,0,86,24/06/2022
4203,22/08/2023,235000,453300,0,1,0,70,,0,,27587,,3,0,84,20/09/2023
4204,22/03/2024,32000,80600,0,1,0,18,,0,,20000,,2,0,8,
4205,11/04/2023,38000,136300,,1,1,31,58,0,1,8902,11098,2,0,56,19/04/2023
4206,27/08/2023,47000,73400,0,1,0,27,,0,,20000,,2,1,64,29/09/2023
4207,31/03/2023,209000,294200,0,0,0,75,,0,,31873,,2,2,79,
4208,17/02/2024,225000,306000,0,,0,29,,1,,29967,,3,0,,01/03/2024
4209,06/07/2024,142000,216000,0,1,0,19,,0,,20000,,3,0,231,
4210,10/03/2024,129000,205800,0,,0,54,,0,,29647,,1,2,83,
4211,29/03/2022,206000,364900,0,,1,32,34,0,1,11078,16712,3,0,55,26/04/2022
4212,15/04/2024,106000,219400,0,1,0,65,,0,,20000,,2,0,16,
4213,02/01/2023,113000,196500,3,1,0,66,,0,,20000,,0,0,59,18/01/2023
4214,24/12/2021,489000,585200,0,2,0,75,,0,,59326,,2,0,84,06/02/2022
4215,14/02/2022,414000,540200,0,,1,25,74,0,1,11397,36878,3,0,13,
4216,10/09/2022,27000,54100,0,1,0,44,,1,,20000,,2,0,84,
4217,06/04/2024,144000,229300,0,1,1,56,67,0,1,12349,7651,2,0,206,
4218,29/03/2023,132000,208800,0,1,1,37,54,1,0,11885,8115,1,1,16,
4219,27/03/2023,152000,205100,0,1,0,20,,0,,23442,,1,0,79,24/04/2023
4220,10/08/2024,153000,197800,2,2,0,51,,1,,20000,,,1,12,
4221,03/12/2021,182000,363300,,2,1,45,41,1,0,18017,8603,2,0,17,
4222,18/05/2023,152000,310700,0,1,0,18,,1,,22423,,2,0,13,
4223,11/09/2023,45000,58900,0,2,0,46,,1,,20000,,2,0,11,
4224,10/08/2024,112000,170500,0,2,0,60,,0,,20000,,2,2,10,
4225,11/09/2022,190000,272300,2,2,1,35,54,0,1,7344,12656,3,0,4,
4226,15/08/2024,59000,134500,0,1,0,52,,0,,20000,,2,2,36,30/08/2024
4227,11/08/2022,70000,123100,0,1,1,20,40,1,0,6163,13837,2,0,166,
4228,06/01/2024,493000,729000,2,0,0,42,,1,,80682,,3,0,9,
4229,15/08/2022,67000,98800,2,1,0,66,,1,,20000,,,0,100,02/09/2022
4230,08/09/2023,135000,266000,,2,0,40,,0,,23560,,2,0,84,
4231,18/05/2022,171000,259300,0,0,0,59,,1,,20000,,2,0,179,
4232,02/07/2023,452000,853400,0,1,0,52,,0,,68787,,2,0,86,23/07/2023
4233,15/08/2023,102000,207700,0,1,1,55,44,1,0,7799,16433,1,,200,
4234,17/05/2024,116000,199500,0,0,0,66,,0,,26725,,0,0,46,
4235,24/03/2024,125000,320300,0,,0,51,,1,,29625,,3,1,183,
4236,27/10/2021,104000,157200,0,1,1,43,33,1,0,15300,4700,2,1,174,
4237,06/10/2023,134000,169500,0,2,1,43,31,0,0,10687,9313,2,,67,
4238,13/10/2021,34000,67400,0,,0,37,,1,,20000,,,0,33,
4239,20/03/2024,35000,59100,0,1,0,49,,0,,20000,,2,0,51,03/05/2024
4240,12/02/2023,385000,524700,0,2,1,52,51,1,0,19645,16499,2,0,54,
4241,31/08/2022,336000,437300,0,2,0,50,,0,,37912,,3,0,75,20/09/2022
4242,11/08/2024,69000,255300,0,1,0,29,,1,,20516,,3,0,53,
4243,06/09/2022,138000,213300,,1,1,53,53,1,0,12896,7104,1,0,73,
4244,11/11/2022,171000,209200,3,1,1,68,37,1,0,8728,14153,1,0,77,
4245,22/02/2024,77000,130500,0,1,0,51,,1,,20000,,2,1,77,
4246,02/01/2024,230000,388500,0,2,0,31,,0,,57101,,2,0,28,29/01/2024
4247,31/03/2022,141000,205600,0,1,1,48,43,1,0,12061,7939,1,0,81,11/04/2022
4248,27/03/2024,107000,197900,0,1,0,49,,1,,23631,,1,1,81,
4249,01/09/2023,50000,88000,0,0,1,43,63,1,0,7480,12520,2,0,214,20/09/2023
4250,04/09/2023,90000,316900,0,1,0,39,,1,,35373,,2,0,57,03/09/2023
4251,28/03/2022,115000,165000,0,2,1,46,42,0,1,11074,8926,2,0,87,
4252,07/09/2021,104000,198500,0,1,1,41,18,0,1,10900,9100,2,0,54,
4253,07/06/2024,167000,346600,0,1,1,36,65,1,0,20217,16375,3,0,77,
4254,20/02/2024,296000,589300,0,1,1,41,41,1,0,24304,29819,3,1,53,
4255,27/08/2023,103000,161400,0,1,0,65,,1,,20000,,3,1,188,24/10/2023
4256,30/03/2022,302000,419100,0,1,0,50,,0,,54607,,2,1,147,09/05/2022
4257,22/08/2024,186000,393500,0,2,1,25,19,0,1,23848,7357,2,0,74,
4258,12/08/2024,179000,285300,0,0,0,44,,1,,31911,,2,0,,
4259,04/09/2023,123000,168600,0,1,0,39,,1,,20350,,2,0,12,
4260,19/08/2023,172000,237700,0,1,0,57,,1,,20000,,2,0,92,
4261,06/09/2022,144000,256900,0,,1,50,49,0,1,9777,10355,3,0,46,
4262,05/03/2022,118000,204300,0,1,0,61,,0,,20000,,2,0,6,
4263,07/04/2022,113000,171500,0,0,1,41,18,0,1,7842,12158,2,1,10,
4264,02/04/2024,69000,101700,0,1,0,71,,0,,20000,,3,1,199,
4265,18/04/2022,416000,639600,0,0,1,27,51,0,1,19265,42109,2,0,248,
4266,03/04/2023,172000,199700,0,1,1,50,71,1,0,11603,8397,2,0,180,
4267,01/08/2023,113000,183300,0,1,1,24,44,0,1,11079,8921,3,1,82,25/08/2023
4268,15/08/2023,154000,288600,0,2,1,71,40,1,0,9205,17793,3,1,71,02/10/2023
4269,06/05/2024,129000,211500,,1,0,29,,0,,29880,,2,0,37,05/05/2024
4270,27/02/2023,60000,85000,2,2,0,46,,1,,20000,,2,0,9,
4271,15/04/2024,206000,298000,0,2,0,38,,0,,23604,,3,1,5,
4272,17/02/2024,455000,598100,0,0,1,62,34,1,0,26672,31471,3,0,90,
4273,23/03/2023,39000,62900,2,1,1,23,34,1,1,10564,9436,2,2,,
4274,29/04/2022,57000,73100,0,0,1,45,55,0,1,11529,8471,2,0,32,
4275,31/01/2023,583000,949300,0,2,0,34,,1,,71459,,2,2,19,27/02/2023
4276,21/07/2023,153000,196200,0,1,0,38,,0,,23817,,2,0,62,
4277,10/05/2024,53000,112300,0,1,1,43,46,0,1,13288,6712,2,0,195,09/06/2024
4278,06/12/2022,437000,687400,0,1,1,18,45,0,0,44905,8288,2,0,218,
4279,27/07/2024,269000,452100,0,1,1,47,75,0,1,17927,21641,,0,164,
4280,21/05/2022,696000,1181500,0,0,0,47,,1,,113036,,2,1,186,
4281,20/04/2024,141000,174300,0,1,0,44,,1,,20000,,2,1,50,
4282,30/11/2021,457000,836400,0,1,0,56,,1,,61072,,3,1,10,
4283,23/11/2023,134000,208700,0,2,0,43,,0,,20482,,1,0,,
4284,31/05/2024,91000,183500,0,1,0,65,,1,,20000,,2,0,216,
4285,12/09/2021,146000,200200,0,1,1,22,43,0,1,10015,9985,2,0,,
4286,08/02/2023,176000,257100,0,2,0,75,,0,,23835,,2,2,10,
4287,04/09/2023,120000,219600,0,2,0,18,,0,,20000,,2,0,54,
4288,01/09/2024,175000,339700,0,1,1,52,20,1,0,12335,16052,2,1,84,
4289,19/09/2022,579000,819100,0,1,1,29,44,1,0,38883,66717,3,0,186,
4290,08/03/2024,92000,181000,2,1,1,75,51,0,1,9972,10028,2,0,40,
4291,30/03/2024,214000,293000,2,1,0,33,,1,,25777,,2,2,29,
4292,13/06/2024,97000,223800,2,1,0,53,,1,,20536,,2,0,64,
4293,20/08/2024,56000,109600,3,1,1,75,51,0,1,9898,10102,2,0,238,
4294,10/08/2023,247000,409700,2,2,0,59,,1,,36936,,3,2,33,17/09/2023
4295,28/05/2023,323000,524000,3,,0,35,,0,,45158,,3,1,81,22/06/2023
4296,03/09/2023,204000,419100,0,1,1,41,56,1,0,10646,29022,3,0,162,
4297,23/11/2022,248000,589500,2,1,1,44,39,1,0,17289,24573,,0,,
4298,08/07/2023,57000,117800,0,,0,35,,1,,20000,,2,1,11,01/07/2023
4299,22/01/2022,335000,403100,0,1,0,75,,0,,33851,,2,0,52,
4300,27/08/2024,224000,428300,0,0,1,46,60,1,0,21053,14876,2,0,4,
4301,11/08/2023,152000,503400,0,1,1,62,75,1,0,20938,24699,2,0,13,
4302,19/04/2023,129000,190800,0,1,0,52,,0,,20000,,0,0,14,16/05/2023
4303,16/10/2023,272000,489500,0,,0,65,,0,,44229,,2,0,39,
4304,06/05/2022,47000,65300,0,1,1,48,75,0,1,10804,9196,2,1,9,
4305,22/08/2023,293000,406400,0,1,0,36,,1,,38331,,2,0,225,
4306,21/10/2021,417000,501100,0,1,1,29,46,0,0,11947,21193,2,0,69,
4307,05/06/2023,318000,698700,0,1,0,18,,1,,93560,,3,1,16,
4308,05/02/2023,113000,196900,0,0,0,29,,1,,20000,,,0,52,03/02/2023
4309,05/07/2022,37000,52200,0,1,1,75,39,1,0,13088,6912,2,2,74,08/08/2022
4310,19/05/2024,162000,270000,0,0,0,38,,0,,23803,,2,0,73,
4311,20/11/2023,358000,503200,0,,0,62,,0,,44206,,2,1,7,
4312,13/09/2021,153000,211400,,0,0,51,,0,,20000,,1,0,88,
4313,02/06/2022,39000,61900,2,2,1,46,55,1,0,10649,9351,2,,67,
4314,25/01/2023,310000,393700,0,1,1,30,60,1,0,8018,24694,2,2,14,
4315,14/01/2024,971000,1456100,0,2,0,63,,1,,126534,,2,0,70,17/02/2024
4316,28/11/2023,293000,421300,0,1,1,43,39,1,0,20025,18707,2,0,8,28/12/2023
4317,25/12/2023,144000,205700,2,1,1,58,40,1,0,9585,10415,2,0,210,
4318,21/03/2024,312000,457200,0,1,1,23,52,1,0,23510,22377,3,2,6,
4319,26/04/2023,110000,196900,2,1,0,19,,0,,20000,,0,0,83,
4320,27/02/2023,216000,287800,0,1,0,18,,1,,25681,,2,,55,31/03/2023
4321,11/09/2021,427000,535300,0,1,1,39,47,1,0,15727,24980,2,0,218,
4322,24/04/2024,48000,89600,0,2,1,18,43,0,1,11082,8918,,0,37,11/05/2024
4323,29/04/2023,63000,76900,0,1,0,31,,0,,20000,,2,0,230,28/05/2023
4324,17/09/2023,158000,286400,0,1,0,25,,1,,22017,,3,0,74,07/10/2023
4325,26/05/2023,68000,89500,,1,0,69,,1,,20000,,2,0,215,
4326,04/09/2023,154000,201400,3,1,1,62,62,0,0,8045,11955,2,,14,
4327,27/06/2023,104000,232200,1,0,0,63,,1,,25295,,,0,235,28/07/2023
4328,01/03/2024,380000,532800,0,1,1,44,63,0,1,36994,30453,3,0,191,
4329,10/04/2024,50000,104200,2,1,0,21,,0,,20000,,2,2,219,
4330,28/08/2023,129000,198800,0,,0,59,,0,,20000,,3,0,60,
4331,18/05/2022,139000,208300,,2,0,57,,0,,21587,,0,1,,
4332,09/02/2022,72000,106600,0,2,0,49,,0,,20000,,2,0,40,
4333,02/02/2022,70000,138900,0,1,1,42,42,0,1,9420,10580,2,2,81,15/02/2022
4334,01/12/2023,146000,207100,0,1,0,37,,1,,20000,,1,0,80,
4335,23/03/2022,143000,188900,0,1,1,75,46,0,1,9363,12539,0,1,144,
4336,21/04/2023,134000,200700,0,2,0,42,,0,,20000,,0,1,170,05/06/2023
4337,03/08/2024,216000,355600,3,1,1,35,24,1,0,19964,13531,3,0,89,
4338,08/08/2024,105000,153500,0,1,1,48,45,0,1,10069,9931,3,2,54,
4339,08/12/2021,110000,157600,3,1,0,50,,1,,20000,,2,2,64,15/01/2022
4340,09/01/2024,54000,103100,0,1,0,44,,1,,20000,,2,0,213,08/02/2024
4341,08/06/2022,107000,134300,0,1,0,45,,1,,20000,,2,,162,
4342,18/07/2023,99000,178200,0,1,1,28,75,0,1,11330,8670,2,1,57,
4343,15/05/2023,143000,210900,3,2,1,47,49,1,0,8077,15757,1,0,9,
4344,11/05/2024,156000,192700,2,2,1,29,49,1,0,7544,12903,0,0,18,
4345,18/03/2022,93000,210300,0,1,0,59,,0,,20000,,1,0,184,16/04/2022
4346,13/06/2023,211000,458800,0,,0,52,,1,,63276,,3,0,222,
4347,09/09/2023,317000,419900,0,2,1,21,45,0,1,14884,17955,2,0,66,
4348,18/04/2024,188000,334000,0,1,0,28,,1,,28178,,3,0,74,
4349,17/08/2024,103000,144800,0,1,0,31,,1,,20000,,2,1,2,
4350,19/06/2023,205000,411000,0,1,0,51,,0,,29657,,3,0,72,11/07/2023
4351,23/10/2022,684000,997200,0,,1,41,35,1,0,44655,67529,2,0,15,20/11/2022
4352,16/04/2023,245000,457200,0,1,0,73,,0,,38261,,2,0,51,
4353,16/04/2023,215000,364800,0,2,1,22,73,0,1,19038,9198,3,0,3,20/05/2023
4354,06/01/2024,174000,197800,0,1,1,45,42,0,1,11067,8933,0,0,4,
4355,17/04/2023,40000,92400,0,1,0,18,,1,,20000,,2,0,181,
4356,19/03/2024,165000,271200,0,0,0,57,,1,,23383,,3,1,,
4357,23/04/2024,264000,417400,0,2,0,37,,1,,47072,,2,1,43,14/05/2024
4358,09/08/2023,90000,108600,,2,0,28,,1,,20000,,2,0,78,
4359,31/08/2023,54000,98500,0,,1,41,63,1,0,6775,13225,2,0,15,19/09/2023
4360,21/06/2024,145000,217500,0,1,0,41,,1,,20000,,2,0,16,05/08/2024
4361,17/09/2021,25000,39500,0,1,1,47,32,0,1,5993,14007,2,0,52,17/10/2021
4362,26/08/2022,73000,111500,0,1,0,18,,1,,20000,,,1,85,
4363,03/07/2022,500000,602400,,1,0,55,,1,,81302,,3,0,68,
4364,09/07/2024,182000,244400,0,2,0,61,,1,,20000,,2,2,51,
4365,09/01/2024,280000,677900,0,2,1,52,36,0,0,31441,30305,2,0,10,
4366,25/03/2022,132000,202700,0,2,1,47,49,1,0,6536,13464,1,0,32,
4367,31/07/2022,103000,190500,0,2,1,22,26,1,0,4144,15856,3,0,74,
4368,05/08/2023,92000,210000,0,1,0,33,,1,,20000,,,0,72,
4369,11/12/2022,245000,435100,0,1,1,24,54,1,1,25246,9043,2,0,11,07/01/2023
4370,01/11/2021,89000,138400,1,1,1,46,21,1,1,12044,7956,2,0,11,
4371,06/01/2024,73000,102000,0,0,0,46,,1,,20000,,2,0,75,02/02/2024
4372,16/09/2021,64000,204000,0,0,0,61,,0,,22179,,,0,214,
4373,17/04/2023,209000,337800,0,0,1,53,58,1,1,16778,7829,2,0,58,
4374,15/11/2023,125000,247700,0,1,0,30,,0,,20000,,2,0,,23/11/2023
4375,27/04/2023,142000,221200,,2,0,59,,1,,22758,,3,0,,
4376,11/10/2022,102000,211900,0,1,0,29,,1,,26142,,1,0,63,
4377,28/07/2022,158000,240100,0,0,1,30,45,0,1,10949,9051,2,0,76,
4378,11/04/2022,93000,195400,0,1,0,41,,1,,21513,,0,1,79,
4379,08/08/2024,372000,536900,0,1,0,34,,0,,49946,,3,0,69,
4380,04/09/2022,71000,119200,0,2,1,31,50,0,1,6187,13813,3,2,59,13/10/2022
4381,18/02/2024,210000,287300,0,2,1,33,38,0,1,14837,10073,3,1,9,
4382,14/02/2024,412000,530600,0,1,0,75,,1,,47032,,2,1,80,
4383,05/02/2023,622000,948200,0,2,0,18,,1,,116463,,3,1,51,
4384,11/09/2022,138000,220000,0,2,0,47,,0,,33361,,2,2,76,22/09/2022
4385,16/03/2022,49000,63100,1,2,0,46,,1,,20000,,2,1,84,
4386,14/01/2022,280000,463500,0,1,0,59,,1,,46083,,3,0,214,
4387,20/11/2021,21000,29800,0,1,1,57,37,0,1,4623,15377,2,0,63,
4388,10/02/2023,157000,339000,0,2,1,54,47,1,0,13783,11774,2,2,3,
4389,02/08/2023,343000,416500,0,1,1,44,67,1,0,16700,19006,2,0,7,
4390,20/09/2023,151000,224600,0,2,1,60,42,0,0,6462,13538,2,0,53,
4391,01/01/2024,154000,256400,2,1,1,32,30,1,0,8652,17386,2,0,13,30/01/2024
4392,22/08/2023,209000,361900,0,1,0,63,,1,,45300,,2,0,60,
4393,01/05/2024,262000,348500,0,1,0,75,,0,,30510,,3,0,189,
4394,09/04/2022,806000,1018500,0,2,0,48,,1,,92295,,3,0,13,14/05/2022
4395,28/08/2022,111000,157000,0,2,1,47,51,1,0,6940,13060,3,,77,08/10/2022
4396,07/01/2024,188000,238900,0,2,0,50,,0,,20000,,2,0,19,
4397,14/01/2022,63000,89800,0,2,1,52,37,0,1,12334,7666,2,1,165,12/02/2022
4398,15/08/2022,69000,99700,0,,1,33,41,1,1,11915,8085,2,0,82,
4399,28/01/2024,238000,293600,0,2,0,54,,0,,21638,,,0,35,
4400,12/09/2023,172000,322400,0,1,1,43,55,0,0,8375,16874,2,0,7,
4401,24/09/2023,113000,182300,0,2,0,38,,1,,20000,,,0,82,
4402,30/08/2024,317000,451200,0,2,0,32,,0,,35188,,3,0,62,
4403,15/03/2023,394000,455400,2,1,1,60,39,1,0,14225,34128,3,1,1,06/05/2023
4404,25/12/2022,234000,290000,0,0,1,51,59,0,1,8098,13659,2,0,8,27/02/2023
4405,27/08/2024,212000,330500,3,,0,53,,0,,29972,,2,0,14,
4406,27/02/2024,151000,197100,3,1,0,41,,0,,24613,,2,1,182,
4407,09/05/2023,169000,266400,0,,0,46,,0,,20749,,2,0,73,21/05/2023
4408,12/04/2022,138000,276300,0,1,1,44,47,1,0,12662,11539,3,0,81,02/05/2022
4409,14/02/2024,120000,151400,0,0,0,36,,0,,20000,,3,,13,
4410,08/09/2022,374000,472100,0,1,0,64,,1,,48174,,3,1,54,09/10/2022
4411,27/06/2023,439000,593000,2,2,0,62,,0,,42879,,3,0,68,
4412,27/07/2022,114000,180900,0,1,0,40,,1,,20281,,2,0,56,01/08/2022
4413,29/10/2023,297000,646700,0,2,1,50,56,0,0,46471,25460,3,0,0,
4414,22/07/2022,81000,143900,0,0,0,42,,0,,20000,,3,0,43,
4415,06/03/2022,218000,354000,0,2,0,40,,1,,25740,,2,,92,
4416,10/05/2022,204000,436100,3,1,1,44,18,1,0,21882,14788,2,0,88,
4417,05/09/2022,108000,212700,0,2,0,23,,1,,20000,,3,0,85,
4418,22/08/2024,258000,527200,0,1,1,71,40,1,0,19815,26879,2,0,86,
4419,08/12/2023,20000,50800,,1,0,65,,0,,20000,,2,0,54,
4420,25/01/2023,192000,490100,0,1,0,28,,1,,38541,,2,,4,
4421,28/06/2024,90000,211300,0,1,0,50,,1,,22535,,1,,191,
4422,06/04/2023,74000,112000,0,1,1,55,44,1,0,4751,15249,2,1,230,
4423,29/04/2023,176000,222200,0,1,1,43,31,1,0,11672,11664,3,0,71,
4424,22/03/2022,212000,310900,0,2,0,18,,1,,23132,,3,0,14,16/04/2022
4425,12/05/2022,128000,210200,0,,0,46,,1,,20000,,1,0,,
4426,19/08/2024,101000,125600,0,1,0,31,,0,,20000,,2,1,,
4427,13/08/2023,163000,389500,0,1,1,40,49,0,1,21114,23602,3,0,53,03/09/2023
4428,13/02/2023,53000,110300,0,2,1,43,55,0,1,10648,9352,3,0,34,
4429,02/09/2023,345000,604300,0,1,0,48,,1,,49453,,3,,52,26/09/2023
4430,06/09/2022,80000,203000,0,1,1,62,75,1,0,8194,11806,1,0,83,
4431,29/08/2024,226000,390500,0,1,0,57,,1,,36969,,2,0,50,
4432,21/10/2022,377000,559700,0,1,0,48,,0,,51627,,2,0,7,07/11/2022
4433,14/12/2022,210000,435200,0,1,1,57,19,0,1,24041,18654,,0,13,
4434,10/03/2023,61000,126500,0,0,0,42,,0,,20000,,2,0,82,
4435,30/09/2022,93000,185700,0,0,0,63,,1,,20000,,3,2,82,
4436,25/08/2023,136000,172000,0,1,1,39,59,1,0,15419,4581,2,0,51,
4437,02/09/2022,139000,207800,0,1,1,38,50,1,0,10534,9466,1,0,59,09/10/2022
4438,15/02/2023,146000,252200,0,2,0,46,,0,,33744,,2,0,212,
4439,09/12/2022,102000,207700,0,0,0,36,,0,,29191,,3,,56,
4440,22/01/2024,104000,282900,0,,0,27,,0,,21842,,2,0,137,
4441,16/09/2022,115000,228100,1,1,1,46,31,1,0,8447,11553,2,0,7,
4442,26/07/2023,131000,217700,0,2,1,41,56,1,0,11682,8860,2,0,4,20/08/2023
4443,11/02/2023,490000,712800,0,1,1,39,61,0,1,25319,50243,3,1,81,20/03/2023
4444,08/02/2022,46000,144000,0,0,1,49,20,1,0,11217,8783,2,2,32,
4445,25/08/2023,88000,139600,3,1,0,46,,1,,20000,,2,1,,
4446,04/09/2023,476000,732300,0,1,0,56,,1,,60954,,2,,173,
4447,06/11/2021,162000,212600,0,,1,49,75,1,0,8014,11986,1,0,3,
4448,15/08/2023,126000,206200,2,1,0,24,,0,,37614,,0,1,1,
4449,01/01/2022,196000,388100,0,1,0,26,,0,,35405,,3,0,14,
4450,23/08/2023,173000,235600,0,0,0,53,,0,,22006,,,2,15,
4451,12/11/2022,195000,240200,0,2,0,54,,0,,27093,,2,0,85,
4452,12/03/2022,187000,274100,0,1,0,20,,0,,27120,,2,1,201,
4453,05/10/2023,103000,191100,0,2,0,55,,1,,20000,,0,0,73,
4454,22/01/2022,182000,312400,0,1,0,39,,1,,26961,,3,0,6,
4455,28/01/2023,235000,342900,0,1,0,39,,0,,24457,,2,0,81,01/03/2023
4456,08/08/2024,176000,332400,0,2,1,35,58,1,0,15237,10972,2,0,84,
4457,05/09/2022,162000,300900,0,2,0,53,,1,,22529,,3,0,52,
4458,29/05/2022,132000,200500,0,2,1,67,38,1,1,13188,6812,0,0,23,29/06/2022
4459,20/04/2023,197000,277600,0,0,0,35,,0,,20000,,2,2,187,
4460,10/02/2024,135000,212700,0,1,0,41,,0,,28131,,1,1,2,
4461,12/04/2024,44000,54900,0,1,0,40,,1,,20000,,2,2,80,
4462,21/08/2023,124000,199700,0,1,1,29,44,1,0,10180,9820,0,2,84,
4463,03/09/2021,329000,520300,0,1,0,57,,0,,36902,,,0,5,28/09/2021
4464,17/08/2022,164000,194900,0,1,1,54,43,0,1,11697,8303,0,0,16,29/09/2022
4465,10/01/2023,376000,520100,0,2,0,46,,0,,42676,,3,0,39,13/02/2023
4466,19/04/2022,206000,412800,0,1,0,39,,1,,34247,,2,0,21,16/04/2022
4467,03/01/2022,273000,505900,0,2,0,70,,0,,41980,,3,0,86,26/01/2022
4468,15/03/2023,56000,124900,0,1,0,51,,1,,20000,,2,0,15,17/02/2023
4469,07/07/2024,256000,392600,0,1,0,27,,1,,35945,,2,0,28,
4470,30/03/2023,74000,122000,3,,1,18,57,0,1,11556,8444,3,0,5,
4471,18/10/2023,90000,214800,0,1,0,49,,0,,20000,,1,0,183,
4472,29/12/2022,294000,467300,0,1,1,31,23,1,0,19784,21750,3,0,12,30/01/2023
4473,08/09/2022,55000,98100,0,2,0,47,,0,,20000,,2,1,18,
4474,01/07/2022,406000,597500,0,1,1,51,43,1,0,25438,22631,3,,5,
4475,01/12/2022,548000,613900,0,1,0,55,,0,,70294,,2,0,206,
4476,26/08/2022,107000,260800,0,,0,23,,0,,20184,,3,0,50,
4477,07/08/2022,296000,334600,0,2,0,36,,1,,28679,,3,0,58,
4478,20/03/2022,411000,678700,0,0,1,41,48,0,1,45493,31519,3,2,75,
4479,18/08/2022,158000,186500,0,1,0,75,,0,,20000,,2,1,35,
4480,01/03/2024,140000,198100,0,1,0,37,,1,,20000,,0,0,79,01/04/2024
4481,05/06/2022,288000,484100,0,1,1,27,42,1,0,10529,30818,2,0,0,
4482,27/07/2023,88000,251500,0,2,1,47,33,1,0,6085,14925,3,0,209,
4483,29/05/2023,106000,206700,0,2,1,50,50,0,1,10136,10867,1,1,4,
4484,13/10/2021,332000,563100,0,1,1,46,75,1,0,22437,43002,2,0,58,21/11/2021
4485,22/03/2024,167000,237600,0,0,0,27,,0,,20000,,3,0,51,
4486,13/02/2022,288000,406900,0,1,0,54,,1,,42707,,2,2,217,
4487,07/08/2022,105000,144600,3,1,1,49,48,0,1,8422,11578,2,,196,
4488,22/08/2023,105000,151800,0,1,0,37,,0,,20769,,2,2,56,
4489,17/05/2024,276000,431300,2,1,0,46,,0,,34576,,3,0,40,
4490,18/08/2022,196000,311000,,1,0,49,,0,,27725,,2,2,52,21/09/2022
4491,12/09/2022,136000,212500,0,2,0,43,,1,,20000,,1,0,78,
4492,23/07/2022,263000,337200,0,1,1,41,40,0,0,3719,19686,2,0,82,03/10/2022
4493,11/07/2024,418000,577900,0,1,0,29,,1,,56129,,2,0,16,
4494,23/06/2024,149000,282300,0,1,1,27,55,0,1,12682,9736,3,2,183,
4495,03/09/2021,71000,141200,0,1,1,59,75,0,1,8108,11892,2,1,73,
4496,17/01/2023,274000,427400,0,1,0,36,,1,,46545,,3,0,194,
4497,02/06/2023,29000,55400,0,2,0,65,,0,,20000,,2,0,88,
4498,30/10/2023,72000,197900,3,1,1,52,42,1,0,7375,12854,0,1,298,
4499,13/12/2022,66000,89600,0,0,0,70,,1,,20000,,2,0,60,27/12/2022
4500,07/10/2021,169000,416300,,2,0,57,,0,,37689,,2,0,196,21/10/2021
4501,21/05/2023,246000,328200,0,1,1,59,45,1,0,14767,12376,2,2,209,
4502,30/04/2022,97000,166800,0,,1,18,40,0,1,14611,5389,2,1,82,
4503,20/11/2021,248000,350500,0,,0,42,,0,,30651,,3,2,55,26/12/2021
4504,08/07/2023,118000,205300,0,2,0,70,,1,,20000,,2,0,200,
4505,12/11/2022,147000,203000,0,1,0,57,,1,,20000,,1,0,12,
4506,25/08/2022,104000,198800,0,1,0,44,,1,,20000,,,1,187,
4507,18/08/2022,426000,784600,0,2,0,18,,0,,54244,,3,1,90,
4508,28/03/2024,39000,51000,0,2,0,75,,0,,20000,,2,1,15,04/05/2024
4509,14/08/2024,20000,31900,0,1,1,40,75,0,1,8450,11550,2,0,172,
4510,12/01/2023,111000,193900,0,2,0,23,,1,,24407,,0,0,73,26/01/2023
4511,27/09/2023,173000,253800,0,1,0,57,,0,,20343,,3,0,64,
4512,08/07/2023,56000,80600,,1,1,27,37,1,0,15542,4458,2,0,11,15/08/2023
4513,13/12/2021,167000,205000,0,0,1,39,41,1,0,9280,10720,1,1,220,
4514,06/05/2024,156000,245300,0,1,0,19,,0,,25302,,2,0,9,
4515,03/06/2023,99000,134200,0,,1,44,41,0,1,7962,12038,3,0,53,
4516,14/11/2022,66000,116300,0,1,0,45,,0,,20000,,2,0,81,
4517,18/05/2023,98000,209200,0,1,1,28,70,1,0,8810,11190,1,0,,
4518,10/07/2022,169000,239600,0,1,1,33,59,1,0,19558,4000,3,0,26,10/08/2022
4519,04/03/2023,172000,240100,0,,1,27,28,1,0,10695,11066,3,0,75,
4520,16/09/2023,149000,253300,0,1,0,47,,1,,20700,,2,0,,
4521,15/10/2021,135000,208700,0,2,0,39,,0,,20000,,1,0,36,
4522,06/04/2022,113000,159700,2,1,1,54,53,0,1,11029,8971,2,0,14,
4523,25/02/2022,451000,669900,0,2,1,41,27,1,0,20789,53761,2,0,135,12/04/2022
4524,11/04/2023,222000,301900,0,1,1,41,60,1,0,8412,17346,3,2,83,28/05/2023
4525,21/02/2023,96000,169100,0,1,1,49,29,1,0,8069,11931,,2,217,
4526,16/08/2024,158000,208800,0,1,0,39,,1,,21313,,1,0,10,
4527,10/02/2023,153000,214500,0,2,1,37,61,1,1,9575,10425,1,2,226,
4528,03/09/2021,97000,140700,0,2,0,50,,1,,20000,,2,0,20,
4529,21/05/2022,196000,335600,2,2,0,18,,0,,31550,,3,0,78,
4530,08/04/2024,346000,506000,0,1,1,63,55,1,0,22082,15800,3,1,54,
4531,18/08/2024,64000,138700,0,,0,70,,1,,20000,,2,0,84,
4532,25/11/2021,243000,328600,2,0,0,42,,0,,25063,,3,2,1,
4533,23/06/2022,206000,240700,0,0,0,32,,0,,21809,,2,1,3,
4534,23/07/2023,112000,191100,0,2,0,40,,0,,20000,,2,0,34,
4535,07/04/2024,71000,83300,0,1,0,43,,1,,20000,,2,0,217,23/05/2024
4536,01/01/2022,80000,135100,0,2,0,75,,0,,20000,,2,0,81,
4537,28/06/2024,104000,193500,0,1,1,26,58,1,0,13563,6437,0,0,12,
4538,16/03/2022,117000,262500,0,1,1,41,24,0,1,11191,16326,2,0,2,
4539,27/11/2021,113000,202900,0,1,0,42,,1,,20000,,2,0,219,
4540,12/07/2024,33000,82300,1,0,0,55,,1,,20000,,2,0,50,
4541,25/02/2024,154000,210400,0,2,1,46,70,0,1,14243,5908,1,0,28,
4542,20/11/2021,167000,213800,0,1,0,45,,1,,26335,,1,1,16,28/12/2021
4543,08/09/2023,71000,180500,0,1,0,32,,0,,21482,,2,0,70,
4544,12/02/2023,124000,190300,0,1,1,59,39,0,0,9552,14108,2,0,202,
4545,09/08/2023,38000,85500,0,1,1,36,40,1,0,11019,8981,,2,2,
4546,09/08/2022,189000,307600,,1,1,57,55,0,1,22785,1396,2,0,1,
4547,07/09/2023,271000,512100,0,1,0,71,,1,,39398,,,0,7,17/09/2023
4548,07/04/2024,186000,279600,1,1,0,53,,0,,20605,,2,1,55,
4549,28/05/2022,67000,134300,0,2,0,40,,0,,20000,,2,1,89,05/06/2022
4550,23/07/2023,134000,221700,0,1,0,56,,1,,26112,,3,0,54,
4551,25/08/2023,261000,526000,2,1,1,75,75,0,1,24439,18943,3,1,17,
4552,08/10/2023,76000,112400,0,0,0,66,,1,,20000,,,1,199,08/11/2023
4553,22/09/2021,264000,377400,0,2,0,45,,1,,30170,,,0,,
4554,24/02/2023,166000,245900,,1,0,74,,0,,21156,,2,1,212,
4555,17/06/2024,132000,206800,0,2,0,36,,0,,20000,,1,0,51,
4556,21/04/2022,144000,204200,0,2,0,28,,0,,20000,,1,0,79,
4557,11/11/2023,137000,320600,0,0,0,25,,1,,29005,,2,1,249,19/11/2023
4558,20/03/2023,165000,192200,0,1,1,69,61,1,0,6716,13284,0,0,51,
4559,15/07/2023,146000,250800,0,2,0,36,,1,,24738,,2,0,80,
4560,06/03/2023,205000,291800,0,2,0,48,,0,,29647,,2,0,77,10/04/2023
4561,11/08/2023,327000,517800,0,1,0,57,,1,,41713,,2,2,56,07/09/2023
4562,16/08/2024,75000,99600,0,1,0,32,,0,,20000,,2,0,72,
4563,23/03/2024,89000,142500,0,0,1,39,52,0,0,13930,6070,2,0,76,
4564,04/09/2023,102000,207500,0,2,1,47,51,0,1,12057,9213,1,0,184,10/09/2023
4565,12/07/2024,141000,203200,0,1,0,18,,1,,20000,,,0,205,
4566,16/08/2022,136000,195600,0,1,1,45,54,1,0,15858,9152,2,0,240,
4567,31/10/2022,64000,130200,0,1,0,41,,0,,20000,,2,0,181,14/11/2022
4568,09/09/2023,274000,325200,0,1,0,47,,0,,40039,,2,0,49,15/10/2023
4569,07/08/2024,157000,205300,0,1,0,35,,0,,20066,,1,0,,
4570,13/08/2024,33000,78000,0,1,0,52,,1,,20000,,3,0,93,
4571,12/01/2022,139000,214200,0,1,0,50,,1,,20000,,1,0,70,
4572,12/09/2023,117000,237600,0,0,1,53,47,1,0,11770,8230,3,1,74,
4573,25/08/2023,622000,1172500,0,0,1,62,59,1,0,25277,75322,3,0,43,12/10/2023
4574,07/03/2022,335000,578100,3,1,0,18,,1,,44873,,2,0,,
4575,24/11/2021,176000,229900,0,1,0,33,,0,,21634,,3,0,49,
4576,15/08/2022,94000,160900,0,,0,75,,0,,20000,,3,,13,
4577,12/04/2022,124000,212100,3,1,0,32,,1,,20000,,1,0,91,18/04/2022
4578,10/05/2022,52000,168800,0,1,0,72,,0,,20000,,2,1,11,
4579,08/08/2022,140000,313100,2,1,1,43,22,0,1,10442,17761,3,0,0,18/08/2022
4580,20/08/2022,118000,217100,0,,0,45,,1,,22536,,1,0,177,
4581,14/03/2024,162000,204600,0,2,1,64,34,0,1,11228,8772,,0,55,
4582,08/05/2022,52000,102500,0,1,1,39,32,1,0,16054,3946,2,0,220,
4583,29/12/2023,110000,269600,0,2,0,33,,1,,20000,,2,0,238,
4584,10/04/2024,146000,274600,0,0,0,25,,1,,20073,,3,0,53,
4585,05/04/2022,440000,568900,0,0,1,40,51,0,1,22737,16316,3,2,58,
4586,07/03/2023,160000,210200,0,1,0,34,,1,,20000,,1,0,33,
4587,27/06/2024,307000,399400,0,1,0,43,,1,,39629,,3,0,54,
4588,17/09/2021,592000,984800,0,1,0,65,,1,,71181,,,0,82,
4589,03/09/2022,133000,194800,3,1,1,30,33,0,1,9108,10892,0,2,54,
4590,10/03/2024,85000,201000,0,1,0,49,,1,,20000,,2,0,91,
4591,12/02/2023,74000,145200,0,2,0,59,,1,,20000,,2,0,11,11/02/2023
4592,01/11/2023,185000,344500,0,,1,75,38,0,1,11016,18163,2,1,87,14/12/2023
4593,27/01/2022,99000,207500,0,2,0,32,,1,,24924,,1,0,16,
4594,28/02/2022,211000,235500,0,1,0,27,,0,,27502,,3,0,206,
4595,12/03/2022,393000,695500,0,1,1,31,54,0,1,37960,19483,2,0,60,
4596,12/09/2023,90000,124100,0,1,0,36,,0,,20000,,2,0,17,
4597,31/03/2023,122000,199100,0,1,0,44,,1,,20000,,0,1,74,
4598,27/06/2022,393000,603600,0,1,0,42,,0,,47836,,2,0,16,
4599,01/09/2022,150000,204300,0,2,1,39,49,0,1,10031,9969,,0,6,
4600,03/02/2024,99000,149800,,1,1,18,27,0,1,8678,11322,2,0,6,
4601,28/06/2022,205000,260200,0,1,1,39,33,1,0,16039,7168,3,1,50,02/08/2022
4602,10/08/2023,150000,212100,0,0,1,35,75,1,0,14794,5206,1,0,11,06/09/2023
4603,08/08/2024,79000,148900,0,1,1,49,41,1,0,10255,9745,2,,1,
4604,04/07/2024,187000,271000,0,1,0,24,,1,,29720,,2,1,77,
4605,28/11/2021,140000,197100,0,2,0,22,,1,,20000,,0,,62,
4606,30/03/2023,474000,699100,0,1,0,25,,1,,46896,,2,2,10,
4607,28/03/2023,151000,209000,0,1,1,44,54,1,0,17244,6173,1,0,62,
4608,17/08/2022,166000,426700,0,1,1,55,51,1,0,16659,27135,2,0,90,
4609,31/10/2022,161000,255900,0,1,0,46,,0,,22082,,3,2,80,
4610,08/08/2024,657000,792300,0,0,0,29,,1,,52698,,3,0,58,
4611,15/10/2021,145000,207100,2,1,1,55,60,0,1,12689,10106,2,0,88,
4612,08/03/2023,297000,457900,0,1,1,40,47,0,1,50733,18139,2,0,56,
4613,05/07/2024,132000,196600,0,1,0,18,,1,,20000,,2,0,83,
4614,09/08/2022,123000,163100,1,,1,40,22,0,1,11677,8323,3,0,15,07/09/2022
4615,05/07/2022,39000,56300,0,1,1,75,34,1,0,10871,9129,2,0,15,
4616,06/03/2024,79000,89900,0,,0,18,,1,,20000,,2,1,247,15/04/2024
4617,22/09/2021,207000,251500,3,2,0,32,,1,,21668,,3,0,215,
4618,13/12/2021,67000,153600,0,2,1,30,74,0,1,6923,13077,2,0,69,
4619,31/10/2021,234000,371500,0,1,0,32,,1,,26699,,2,0,72,
4620,10/09/2021,127000,207400,0,2,0,30,,1,,20289,,1,0,215,
4621,02/07/2022,162000,296400,0,,0,41,,0,,26642,,2,0,,03/08/2022
4622,27/09/2021,146000,202800,3,2,0,49,,0,,20525,,1,0,84,
4623,27/03/2022,359000,473900,,1,1,75,45,0,1,35102,9212,2,0,204,07/05/2022
4624,08/09/2023,156000,209100,0,1,1,46,45,0,1,8692,11308,1,0,17,
4625,19/03/2022,426000,584500,0,2,1,57,47,1,0,35591,25253,2,0,12,22/04/2022
4626,05/06/2022,158000,194100,0,,0,33,,1,,22261,,,0,216,
4627,11/09/2022,278000,436700,0,1,0,48,,0,,33228,,2,2,84,
4628,12/01/2022,105000,147500,0,0,1,49,46,1,0,12855,7145,3,0,164,
4629,13/08/2022,469000,675300,0,1,0,27,,0,,60764,,3,0,17,
4630,08/09/2021,62000,102000,0,1,0,36,,1,,20000,,2,0,86,
4631,30/08/2023,159000,220400,0,1,1,52,75,1,1,13346,6654,3,2,18,
4632,11/03/2023,200000,362000,0,1,1,45,75,0,1,19905,19851,2,1,79,01/04/2023
4633,19/06/2023,45000,63600,0,1,1,36,44,0,1,13178,6822,2,2,4,21/07/2023
4634,29/08/2024,425000,732600,0,1,0,35,,0,,58330,,3,0,60,
4635,07/08/2022,101000,208500,0,1,0,40,,0,,20000,,1,0,4,
4636,02/07/2022,138000,238500,2,2,0,33,,0,,20000,,2,2,,
4637,19/04/2022,501000,682200,0,2,1,67,40,1,0,35372,31630,2,0,72,23/05/2022
4638,08/02/2024,144000,196900,0,1,1,33,50,0,1,4406,15594,0,1,81,
4639,24/03/2024,168000,336100,1,1,1,61,53,0,1,10414,32222,2,1,,
4640,08/09/2023,223000,369600,0,1,0,31,,1,,25008,,2,0,60,12/09/2023
4641,26/03/2024,93000,150600,0,2,0,51,,0,,20000,,,0,8,
4642,15/04/2024,15000,21800,0,0,0,68,,1,,20000,,2,2,50,17/05/2024
4643,06/12/2022,314000,666100,0,2,0,34,,1,,51157,,3,0,62,
4644,19/09/2023,84000,194500,0,1,0,75,,1,,20000,,2,0,83,
4645,24/03/2022,227000,262100,0,1,0,47,,1,,20594,,2,0,2,
4646,11/08/2022,201000,389600,1,1,1,68,35,0,1,13306,15162,3,0,,
4647,07/09/2021,380000,535300,2,1,1,40,50,0,0,21896,25422,2,1,78,03/10/2021
4648,29/06/2024,123000,204600,0,2,0,33,,0,,20000,,3,0,249,07/08/2024
4649,07/01/2024,157000,210200,0,,0,18,,0,,20000,,1,0,55,05/02/2024
4650,08/02/2022,618000,1248300,0,1,1,29,41,0,1,57372,61784,2,0,241,
4651,25/08/2024,203000,251100,0,0,0,47,,0,,25291,,3,2,52,
4652,01/01/2023,429000,571300,0,1,1,38,69,1,1,33879,45006,2,0,16,10/02/2023
4653,14/11/2021,160000,209500,,2,0,18,,1,,20586,,1,1,162,12/01/2022
4654,16/03/2022,146000,212900,0,2,1,47,66,1,0,11891,8109,2,0,182,
4655,18/02/2024,172000,260400,0,1,0,61,,1,,36771,,3,0,27,
4656,16/04/2023,61000,171300,,1,0,71,,1,,20000,,3,0,53,
4657,27/07/2023,109000,200100,0,2,1,51,61,0,1,8254,13065,0,0,70,16/08/2023
4658,08/08/2023,90000,156200,0,2,0,42,,0,,20000,,2,0,48,
4659,13/03/2024,166000,286500,0,,1,26,75,0,1,19290,4378,,1,14,
4660,06/01/2022,171000,203500,2,2,0,61,,1,,20000,,,1,88,
4661,10/08/2023,297000,385300,0,2,0,39,,1,,28069,,3,0,30,09/09/2023
4662,21/03/2024,105000,314600,0,2,1,34,53,0,0,12686,13771,3,0,188,
4663,05/04/2023,179000,281000,,0,0,47,,0,,22802,,2,2,55,
4664,16/07/2023,182000,203300,3,1,1,28,40,1,0,4276,15724,1,,37,
4665,06/11/2023,206000,268600,0,2,1,27,68,0,1,8153,11847,3,0,91,31/12/2023
4666,24/08/2024,76000,87800,,0,1,30,38,0,1,3738,16262,2,0,71,
4667,24/03/2022,186000,423900,0,2,0,51,,0,,41621,,3,0,56,27/03/2022
4668,21/10/2021,54000,109400,0,1,0,18,,0,,20000,,2,2,37,01/11/2021
4669,10/10/2023,120000,210400,0,0,1,50,50,1,0,7158,12842,,1,77,
4670,17/11/2022,103000,127800,0,1,1,37,58,0,1,7290,12710,2,0,49,
4671,24/05/2024,64000,129800,0,1,0,38,,1,,20000,,2,0,18,
4672,08/05/2023,221000,280500,0,1,1,35,27,1,0,9426,13680,2,0,13,22/06/2023
4673,28/03/2022,191000,259100,0,2,1,65,36,0,1,15883,13920,2,0,,10/05/2022
4674,19/03/2024,65000,105500,0,1,0,57,,0,,20000,,2,0,17,
4675,22/07/2023,153000,218600,0,1,0,45,,0,,48815,,1,0,46,
4676,13/03/2024,31000,63100,3,2,1,45,43,1,0,9499,10501,2,0,59,
4677,16/04/2022,79000,109600,3,1,1,29,30,0,1,2696,17304,2,0,33,
4678,13/02/2023,232000,302700,0,1,1,33,69,0,1,18233,10892,2,1,83,
4679,11/09/2022,47000,192400,,1,1,33,44,1,0,12934,7066,0,0,11,14/09/2022
4680,14/05/2023,252000,341700,,2,0,33,,0,,27158,,3,0,35,
4681,07/08/2022,248000,358700,0,0,1,59,22,0,0,15109,18931,2,1,66,
4682,12/09/2023,363000,560500,0,0,1,52,23,0,1,12647,33515,2,2,29,
4683,22/12/2021,151000,239200,0,1,0,25,,1,,20000,,2,1,81,
4684,25/03/2023,477000,752900,0,2,1,60,49,0,1,54352,15501,3,0,165,26/04/2023
4685,11/09/2022,168000,341600,,1,0,46,,0,,32502,,3,0,69,
4686,02/03/2023,43000,57600,0,2,1,43,46,1,0,11100,8900,2,,56,
4687,11/03/2024,141000,169800,0,0,0,47,,0,,20000,,3,0,232,
4688,25/06/2024,148000,188700,0,1,0,39,,0,,20000,,2,,14,27/07/2024
4689,27/09/2021,274000,411700,0,1,1,45,43,0,1,19219,17154,2,0,83,
4690,28/06/2024,20000,36400,0,2,1,32,54,0,1,16258,3742,2,,62,
4691,02/07/2023,363000,434500,2,1,0,24,,0,,43929,,2,0,87,
4692,08/03/2023,47000,75800,0,0,0,21,,1,,20000,,2,0,60,
4693,05/12/2023,79000,164800,0,2,1,75,50,1,0,13702,6298,2,0,81,18/12/2023
4694,31/01/2022,71000,126500,0,1,0,44,,1,,20000,,2,0,214,
4695,05/10/2022,80000,169200,0,2,0,25,,0,,20000,,2,0,16,25/10/2022
4696,27/12/2022,57000,98500,0,1,0,24,,1,,20000,,2,0,15,16/01/2023
4697,24/10/2021,82000,102100,0,1,1,18,33,0,1,9885,10115,2,0,85,16/12/2021
4698,11/09/2022,79000,104500,0,2,0,58,,0,,20000,,2,1,145,
4699,25/11/2023,182000,281200,2,1,1,44,18,1,0,15482,14496,2,1,152,
4700,20/01/2023,157000,202800,0,2,1,49,47,0,1,5730,14270,0,0,192,
4701,12/07/2024,44000,63900,0,1,0,31,,1,,20000,,2,0,79,
4702,31/03/2024,130000,211200,0,1,1,46,20,0,1,10534,9466,1,0,8,
4703,30/05/2024,95000,146000,0,0,0,45,,1,,20000,,2,1,64,
4704,21/03/2023,96000,189300,0,1,1,56,36,1,0,7661,12339,2,0,7,
4705,05/04/2022,276000,577100,0,0,0,28,,1,,47973,,3,0,61,17/04/2022
4706,04/11/2022,111000,180200,0,1,0,65,,0,,20000,,2,0,55,
4707,22/04/2024,133000,285200,0,1,1,50,61,1,0,17148,21063,3,0,72,
4708,13/09/2022,390000,743200,0,2,0,62,,1,,60759,,3,0,7,13/09/2022
4709,30/08/2022,127000,188600,0,1,0,52,,1,,20000,,3,0,61,
4710,29/08/2024,123000,207600,0,1,0,49,,0,,23226,,1,1,13,
4711,01/09/2022,104000,194500,0,0,0,37,,0,,20000,,0,1,180,
4712,05/04/2023,211000,316500,0,1,0,63,,1,,24536,,2,0,5,02/05/2023
4713,27/08/2024,144000,212100,0,1,1,46,55,0,1,13900,18901,1,0,227,
4714,26/08/2022,466000,597100,0,2,0,30,,0,,44422,,3,2,15,09/10/2022
4715,23/08/2023,113000,178900,0,1,0,60,,0,,20000,,2,0,56,
4716,06/07/2023,85000,146400,0,1,1,33,68,1,0,5229,14771,2,0,194,
4717,14/03/2023,27000,106000,0,1,0,57,,0,,20000,,2,0,208,11/04/2023
4718,28/08/2024,94000,184100,0,,1,39,34,1,0,8798,11202,2,1,56,
4719,12/09/2023,45000,62400,0,1,1,29,18,1,0,13361,6639,2,0,179,
4720,20/08/2022,199000,289100,3,1,1,23,46,1,0,16225,10095,2,2,51,17/10/2022
4721,20/08/2022,218000,322000,0,1,0,57,,0,,26280,,2,0,6,08/09/2022
4722,13/08/2022,146000,189900,3,1,0,23,,1,,20000,,2,1,16,
4723,12/04/2024,57000,146500,0,1,0,42,,1,,20000,,2,1,,
4724,07/01/2024,119000,199500,2,2,0,45,,0,,20000,,0,1,12,
4725,11/09/2021,127000,158200,0,2,0,73,,0,,20000,,2,0,36,
4726,01/12/2023,256000,402000,3,2,0,27,,0,,29589,,3,0,233,12/01/2024
4727,03/09/2023,61000,135400,0,0,1,45,57,1,0,10642,9358,3,1,209,12/10/2023
4728,04/05/2024,151000,301300,0,1,0,41,,0,,36801,,2,1,72,
4729,29/08/2022,305000,543900,0,,1,33,41,0,1,37425,10628,3,0,59,20/09/2022
4730,11/09/2021,157000,420800,0,,0,20,,1,,34609,,3,0,34,
4731,07/03/2023,29000,49800,0,2,1,59,46,0,1,17111,2889,2,1,19,
4732,08/12/2022,193000,296700,0,2,0,52,,0,,26255,,2,0,65,
4733,11/07/2024,126000,179900,0,1,1,36,48,0,1,15486,4514,2,,16,
4734,24/02/2023,161000,210400,0,1,0,66,,0,,20000,,3,0,52,
4735,11/04/2023,107000,169200,3,1,0,60,,0,,20000,,,,203,01/06/2023
4736,18/04/2022,166000,220500,0,2,0,68,,0,,20000,,2,1,76,
4737,11/09/2022,291000,604700,0,1,1,48,44,1,0,23169,14207,2,0,1,
4738,29/09/2022,234000,326500,1,1,1,38,64,0,1,11099,14929,2,0,263,17/11/2022
4739,30/08/2024,600000,912300,0,0,0,18,,1,,104136,,2,2,85,
4740,10/02/2022,246000,431800,0,2,0,31,,0,,28074,,2,0,81,
4741,01/09/2022,130000,255300,2,2,0,70,,0,,21908,,2,0,82,
4742,22/03/2023,126000,240600,0,1,0,69,,0,,20830,,2,1,56,
4743,21/08/2024,314000,557100,0,1,1,24,33,0,0,40476,36198,3,0,76,
4744,12/08/2024,191000,223500,0,0,1,34,60,0,0,11163,8837,2,0,211,
4745,20/05/2022,49000,121700,0,2,1,50,42,0,1,4166,15834,2,0,77,26/05/2022
4746,14/08/2022,225000,268400,0,0,0,59,,0,,26482,,2,,14,
4747,23/01/2024,159000,285500,0,2,0,18,,1,,26486,,2,0,181,16/02/2024
4748,09/09/2022,172000,195300,0,1,0,38,,0,,20000,,2,0,16,
4749,15/11/2023,148000,200600,0,1,0,32,,1,,20000,,0,0,168,28/11/2023
4750,08/08/2023,246000,526000,0,0,1,65,47,1,0,24241,14988,3,0,2,
4751,25/03/2023,290000,368400,0,0,0,50,,1,,31054,,2,2,16,
4752,22/06/2024,105000,163300,0,,0,32,,1,,20000,,2,1,58,
4753,01/04/2024,57000,86500,0,0,1,48,35,1,0,10601,9399,2,,74,
4754,26/10/2023,193000,263300,3,1,0,28,,0,,23747,,2,0,32,18/11/2023
4755,11/09/2022,107000,148600,0,0,0,22,,1,,20000,,2,0,18,24/09/2022
4756,27/12/2021,284000,481700,0,1,1,27,45,1,0,23529,26352,2,0,200,
4757,07/01/2022,150000,199900,1,2,1,29,29,1,0,9219,10781,2,0,7,
4758,26/01/2023,61000,109000,0,1,0,48,,0,,20000,,2,0,195,
4759,11/02/2023,123000,283700,0,2,0,32,,0,,20730,,3,0,184,
4760,12/05/2023,213000,374700,0,1,0,47,,1,,45162,,2,2,3,25/05/2023
4761,03/04/2023,187000,272700,0,1,0,38,,0,,20866,,2,0,176,
4762,19/11/2021,100000,207300,0,1,0,61,,0,,22681,,1,0,223,
4763,23/04/2023,218000,359700,2,1,0,53,,1,,36366,,,0,47,
4764,18/08/2023,44000,90400,0,1,0,70,,1,,20000,,2,0,10,
4765,14/05/2023,70000,301100,0,2,0,39,,0,,20000,,2,0,228,30/05/2023
4766,22/12/2023,164000,199900,0,1,0,22,,1,,33343,,2,0,17,
4767,28/04/2022,40000,132900,0,0,1,54,52,1,0,9957,10043,2,0,158,
4768,30/03/2023,468000,784200,2,1,1,50,43,1,0,41510,46298,2,2,84,18/04/2023
4769,05/04/2023,134000,205300,0,1,0,29,,1,,20000,,1,0,54,
4770,13/12/2021,175000,218600,0,2,0,45,,1,,20700,,2,2,72,
4771,01/09/2024,64000,119200,0,1,1,43,37,0,1,9459,10541,3,0,,
4772,16/08/2024,242000,545500,0,1,1,42,53,1,0,22367,15780,2,0,5,
4773,15/04/2024,151000,214900,0,1,0,51,,0,,20000,,2,0,8,
4774,15/08/2023,302000,345900,0,1,1,42,38,0,1,20774,14224,2,0,179,
4775,01/09/2024,147000,192400,0,0,1,32,41,1,0,8312,11688,0,0,56,
4776,25/03/2024,270000,317300,0,,0,46,,0,,20553,,3,0,9,
4777,16/12/2022,60000,85100,0,1,0,64,,0,,20000,,2,0,0,
4778,30/12/2023,97000,146400,0,1,1,24,75,0,0,12093,7907,2,0,74,
4779,10/01/2023,108000,207100,0,,0,60,,0,,24636,,3,0,4,
4780,29/03/2023,76000,206900,0,,1,33,38,1,0,11727,8273,1,0,7,
4781,27/08/2023,26000,61000,0,1,1,61,46,0,1,11408,8592,2,0,59,
4782,12/03/2022,173000,349800,0,0,0,64,,0,,26772,,2,0,49,
4783,12/06/2024,181000,412000,0,1,0,22,,1,,31228,,3,0,6,
4784,06/09/2022,30000,72900,0,1,0,36,,0,,20000,,2,1,69,10/09/2022
4785,14/06/2022,59000,111700,0,1,0,50,,1,,20000,,2,0,7,
4786,11/08/2022,155000,297900,0,2,0,70,,1,,36372,,3,0,195,
4787,29/08/2023,52000,207600,0,1,0,38,,1,,22737,,1,0,74,
4788,07/02/2023,302000,379800,0,2,0,45,,1,,41365,,3,0,32,
4789,29/08/2024,149000,169200,0,0,0,55,,1,,20000,,2,1,4,
4790,29/08/2024,184000,278400,0,0,0,27,,1,,33139,,3,0,91,
4791,09/03/2023,108000,174800,0,1,0,37,,1,,20000,,,2,5,
4792,05/12/2021,404000,701300,0,0,0,36,,1,,60064,,3,1,176,
4793,03/03/2022,104000,207000,0,1,0,39,,1,,20000,,1,0,55,
4794,25/08/2024,238000,339700,0,1,0,58,,0,,37112,,2,0,82,
4795,09/07/2023,237000,393400,0,1,1,29,18,1,0,9098,16025,3,0,81,
4796,20/08/2024,153000,222700,2,1,0,62,,1,,25543,,2,0,38,
4797,09/06/2023,82000,130200,0,0,0,38,,0,,20000,,2,2,72,28/06/2023
4798,14/08/2023,134000,227500,3,1,1,66,60,0,1,6642,13358,2,0,0,08/09/2023
4799,08/04/2023,170000,340300,0,1,1,48,45,1,0,10898,20920,3,1,73,01/05/2023
4800,22/02/2024,120000,212700,0,2,0,37,,1,,28507,,3,0,239,
4801,03/03/2024,48000,113400,0,1,1,49,68,1,1,8195,11805,2,0,69,
4802,16/09/2022,153000,210200,0,1,0,65,,1,,21270,,1,0,74,13/10/2022
4803,27/08/2022,122000,172500,0,2,0,40,,0,,20000,,2,0,31,
4804,06/05/2022,136000,201000,0,2,1,44,51,1,0,15760,4240,0,0,5,
4805,12/02/2024,290000,532200,0,,0,47,,0,,48043,,3,0,89,
4806,03/07/2022,132000,195800,0,1,1,51,65,1,1,14982,6019,0,0,55,
4807,24/09/2023,150000,205600,0,1,0,30,,0,,22557,,1,0,37,
4808,07/09/2022,48000,70500,0,2,0,18,,0,,20000,,,0,86,02/10/2022
4809,21/02/2022,97000,151400,0,2,1,39,52,1,1,3125,16875,2,0,160,
4810,16/08/2023,206000,296300,0,1,0,52,,1,,33935,,2,0,159,04/09/2023
4811,01/04/2023,79000,121000,0,1,0,48,,1,,20000,,,0,9,
4812,15/06/2024,117000,194400,2,1,1,58,47,0,0,7974,12026,0,0,0,07/07/2024
4813,09/09/2022,52000,130000,0,1,0,42,,0,,20000,,2,0,77,08/10/2022
4814,04/03/2023,127000,198600,0,1,1,33,59,1,0,9890,10110,0,0,31,
4815,19/03/2023,183000,283600,0,2,1,39,41,1,0,16853,12515,3,0,71,
4816,29/08/2023,150000,206800,0,2,0,31,,0,,20000,,1,0,80,
4817,07/08/2023,224000,533300,0,1,1,57,32,1,0,14693,26532,2,0,45,
4818,30/07/2024,117000,208000,0,2,0,61,,0,,20000,,1,0,90,26/08/2024
4819,30/07/2024,441000,695900,0,2,0,48,,1,,61720,,2,0,158,
4820,19/04/2023,238000,348900,0,1,1,60,50,1,0,16309,19353,3,0,10,
4821,08/08/2024,110000,210500,0,1,1,18,61,0,0,13967,8038,2,0,90,
4822,08/04/2023,154000,184200,0,2,0,30,,0,,20000,,3,,178,
4823,30/09/2021,179000,320300,0,1,1,27,55,1,0,16855,19715,2,0,15,15/10/2021
4824,19/04/2023,205000,340900,0,1,0,68,,0,,32227,,2,1,231,
4825,08/06/2023,151000,202300,0,1,1,38,51,0,1,6227,13773,3,0,168,
4826,23/07/2023,272000,334000,0,1,0,35,,1,,34249,,3,1,179,
4827,18/05/2022,242000,536100,0,0,1,50,53,0,1,25446,25326,3,,10,09/05/2022
4828,12/08/2022,113000,169500,0,1,0,54,,1,,20000,,3,0,47,
4829,27/04/2023,94000,207600,0,2,0,54,,0,,24762,,2,0,184,29/05/2023
4830,31/08/2023,35000,61200,,0,1,44,58,0,1,9536,10464,2,,44,
4831,03/09/2022,11000,34900,0,2,1,44,65,0,1,7664,12336,2,0,84,
4832,31/10/2022,108000,197100,0,2,0,56,,1,,20000,,0,0,81,08/11/2022
4833,10/04/2023,137000,208900,0,1,0,75,,0,,20000,,2,0,193,
4834,07/08/2022,52000,77100,0,2,0,42,,1,,20000,,2,1,30,
4835,20/04/2023,240000,364200,0,2,0,75,,1,,24279,,2,,212,19/05/2023
4836,17/11/2023,34000,49500,0,1,1,27,36,1,0,2989,17011,2,0,212,
4837,14/04/2023,162000,331600,0,1,0,31,,0,,26800,,2,0,191,
4838,08/08/2024,66000,174600,0,,0,45,,1,,20000,,2,0,254,
4839,27/10/2021,268000,404600,0,2,0,35,,0,,41673,,3,0,30,
4840,26/08/2024,61000,100100,0,1,0,41,,0,,20000,,2,0,62,25/08/2024
4841,28/04/2023,345000,430300,0,1,0,45,,1,,31037,,2,0,180,
4842,05/03/2024,125000,210500,0,2,0,65,,1,,20000,,,0,60,02/04/2024
4843,19/12/2021,130000,277500,0,1,0,21,,1,,23791,,2,0,73,03/01/2022
4844,14/05/2022,33000,100700,0,,0,25,,1,,20000,,2,0,4,05/05/2022
4845,26/10/2022,155000,206600,0,2,1,56,26,1,0,13956,6044,3,0,37,
4846,20/07/2023,175000,257300,0,1,0,45,,0,,20000,,2,0,94,09/08/2023
4847,23/03/2023,459000,574300,0,1,1,54,38,0,1,35467,28910,3,0,54,
4848,05/03/2023,91000,145700,0,1,0,24,,1,,20000,,2,2,61,
4849,12/09/2023,188000,266700,0,0,0,50,,0,,25888,,2,0,220,
4850,30/09/2021,986000,1123300,0,2,1,37,41,1,0,46592,66686,2,0,74,
4851,11/12/2022,178000,280500,0,2,0,58,,1,,25309,,2,,,
4852,16/09/2021,105000,194800,0,0,0,39,,1,,20000,,2,0,13,03/10/2021
4853,11/05/2022,388000,453200,0,1,1,45,46,1,0,31469,8345,3,1,0,
4854,05/12/2023,242000,392000,0,1,1,50,68,1,0,15709,16156,,2,78,04/02/2024
4855,09/06/2024,199000,280600,0,1,1,60,75,0,1,13104,17746,2,0,73,07/07/2024
4856,14/09/2023,120000,199500,0,1,1,38,64,0,1,17467,11533,1,0,5,
4857,30/11/2023,61000,96600,,1,1,66,48,0,1,8478,11522,2,1,5,
4858,29/07/2023,180000,265100,0,1,0,31,,1,,21889,,2,0,64,
4859,24/02/2024,226000,326400,0,,1,26,33,1,0,8618,14794,2,0,87,17/04/2024
4860,19/09/2021,835000,1664000,0,0,1,18,75,0,1,134406,62518,2,1,16,28/09/2021
4861,11/03/2022,232000,265800,2,0,0,46,,1,,25209,,3,0,11,02/05/2022
4862,06/09/2021,283000,455700,3,0,0,42,,1,,36835,,3,0,214,
4863,03/04/2022,67000,144300,0,2,1,51,18,0,1,14971,5029,2,0,90,
4864,14/03/2022,128000,365800,0,2,0,50,,1,,52142,,2,,60,
4865,22/08/2024,178000,259100,0,1,1,39,48,1,0,13964,16057,3,0,158,
4866,02/02/2023,240000,450800,0,1,0,39,,0,,48471,,2,0,18,
4867,03/03/2024,720000,915900,0,0,1,50,44,1,0,53563,30545,2,0,226,
4868,28/08/2024,160000,236300,3,2,1,67,29,1,0,20261,6488,2,0,16,
4869,30/12/2021,79000,285600,0,1,0,33,,1,,32310,,2,0,59,
4870,30/06/2023,193000,342200,0,2,1,37,54,0,1,8832,18897,3,0,185,
4871,15/02/2023,136000,161700,0,1,0,54,,1,,20000,,2,0,198,23/03/2023
4872,16/05/2023,270000,433000,0,1,0,34,,0,,39835,,2,2,53,
4873,17/03/2023,169000,208600,0,1,0,38,,1,,20000,,1,0,194,
4874,13/10/2022,126000,242500,0,1,0,56,,0,,23586,,2,1,,
4875,16/08/2023,106000,183600,0,0,0,75,,0,,20000,,3,0,189,
4876,13/12/2022,72000,117700,0,1,0,33,,1,,20000,,2,0,162,
4877,04/02/2022,134000,164400,0,1,0,43,,1,,20000,,2,1,181,
4878,18/08/2022,200000,371100,0,1,1,60,48,1,0,14252,19224,3,0,87,
4879,30/09/2023,93000,255600,0,1,0,54,,0,,21091,,2,0,184,
4880,24/10/2021,55000,111700,0,2,0,74,,1,,20000,,2,1,230,
4881,10/09/2022,115000,148900,0,1,0,60,,1,,20000,,2,0,13,14/10/2022
4882,03/11/2023,130000,226300,0,,0,75,,1,,20000,,3,0,81,
4883,08/12/2022,151000,221800,0,1,1,69,27,0,1,4576,15424,3,2,216,25/01/2023
4884,26/04/2022,159000,205000,0,2,1,45,63,0,1,7279,12721,1,1,5,
4885,07/04/2024,158000,191600,2,1,0,47,,1,,20000,,2,0,66,
4886,28/11/2022,295000,593500,0,2,0,51,,0,,50317,,3,0,68,
4887,20/01/2024,109000,189400,1,1,1,29,60,0,1,10529,9471,0,0,54,
4888,22/06/2023,194000,252500,0,1,1,34,49,0,1,15967,4033,3,0,47,
4889,24/11/2021,43000,101300,0,1,1,50,37,1,0,10357,9643,2,0,55,
4890,11/03/2023,42000,93900,,,1,42,63,1,0,10221,9779,2,0,60,
4891,14/12/2022,233000,324900,0,1,1,60,51,0,1,8306,11694,,0,81,
4892,22/08/2024,105000,227000,0,1,1,27,37,1,0,9144,16526,1,0,77,
4893,10/08/2024,33000,82200,1,1,0,44,,0,,20000,,2,0,61,24/08/2024
4894,27/08/2024,88000,170200,,1,1,42,39,1,0,12390,7610,2,0,241,
4895,01/09/2022,363000,483900,0,1,0,30,,0,,33444,,3,0,16,
4896,23/01/2024,30000,42900,0,1,0,55,,1,,20000,,3,0,59,
4897,11/03/2023,97000,188000,0,1,1,43,56,1,0,12703,12440,2,1,222,
4898,14/12/2022,149000,280300,0,1,0,38,,1,,21524,,2,0,57,
4899,01/04/2024,45000,95600,0,0,1,61,39,0,1,9929,10071,2,0,92,
4900,11/02/2024,106000,159400,0,1,0,64,,0,,20000,,2,0,,
4901,25/02/2022,90000,137400,0,1,1,35,53,0,0,10988,9012,2,1,18,
4902,29/07/2022,160000,268600,0,0,0,42,,0,,29339,,3,0,4,
4903,05/09/2023,34000,74100,0,1,0,49,,1,,20000,,,0,9,15/09/2023
4904,11/10/2021,63000,126100,0,0,1,55,75,0,1,8091,11909,2,1,85,08/11/2021
4905,18/10/2022,131000,205800,0,1,0,58,,0,,22608,,1,0,54,
4906,18/12/2021,218000,339700,0,2,1,46,32,1,0,16710,4436,3,0,1,20/12/2021
4907,22/01/2024,77000,120300,0,1,0,42,,1,,20000,,2,0,77,23/02/2024
4908,28/06/2024,105000,160500,0,1,1,24,60,1,0,10833,9167,2,0,85,
4909,24/08/2024,130000,205100,0,1,0,33,,1,,20000,,1,2,,
4910,20/05/2022,222000,421000,2,1,0,31,,1,,53527,,2,0,4,
4911,13/04/2022,257000,306600,,1,1,34,36,1,0,15018,15402,2,0,11,
4912,03/09/2022,10000,16400,0,2,1,19,46,0,1,10030,9970,2,0,75,
4913,08/10/2023,135000,278700,0,1,0,60,,0,,31904,,2,0,15,
4914,12/09/2021,109000,147600,0,2,1,69,51,1,0,8955,11045,2,1,163,
4915,26/01/2023,171000,202700,0,2,0,32,,0,,20000,,2,0,251,
4916,18/08/2022,47000,76900,0,1,0,51,,1,,20000,,2,2,13,17/09/2022
4917,13/08/2024,191000,266300,0,1,0,36,,0,,20000,,3,0,9,
4918,26/07/2022,233000,279200,0,2,0,36,,1,,32891,,,0,74,
4919,11/02/2022,110000,212100,0,2,0,74,,1,,20000,,1,0,84,
4920,04/03/2023,346000,456600,0,2,0,33,,0,,44297,,2,2,37,
4921,19/07/2024,241000,361100,0,1,1,63,42,0,0,15874,21917,2,0,,25/08/2024
4922,17/06/2023,115000,174800,0,2,1,32,38,0,1,9183,10817,3,,169,
4923,23/05/2023,159000,281600,0,0,0,43,,1,,24892,,3,0,4,11/06/2023
4924,29/12/2021,86000,197900,0,1,0,20,,0,,20000,,0,0,82,
4925,25/11/2022,165000,221600,0,2,0,28,,1,,20000,,3,0,76,29/12/2022
4926,20/02/2024,168000,248000,0,2,1,63,57,1,0,11559,8441,2,0,3,11/03/2024
4927,11/02/2023,54000,69600,0,1,0,18,,1,,20000,,,0,38,07/03/2023
4928,10/08/2024,49000,97600,0,2,0,59,,0,,20000,,2,0,83,
4929,20/06/2023,131000,356400,3,1,1,40,26,0,1,9052,17120,3,0,151,
4930,18/10/2022,331000,514700,0,1,0,63,,1,,53942,,3,0,58,17/11/2022
4931,04/09/2023,312000,592700,0,1,0,44,,1,,44605,,2,0,14,
4932,18/03/2023,270000,328400,0,2,0,44,,0,,30520,,2,2,17,28/04/2023
4933,26/05/2022,291000,532800,0,1,1,22,48,0,1,34532,23104,2,0,82,
4934,19/07/2022,102000,180600,0,1,0,46,,1,,20000,,3,0,193,
4935,22/12/2023,132000,228500,0,,0,37,,1,,22965,,2,1,149,
4936,16/06/2024,65000,103500,0,1,1,65,42,1,0,12185,7815,2,2,36,26/06/2024
4937,15/05/2022,95000,211700,0,2,1,20,60,0,1,11224,8776,1,,6,
4938,14/01/2024,187000,228400,0,2,0,39,,0,,20000,,2,0,7,09/02/2024
4939,03/06/2023,375000,656500,0,1,1,58,36,1,0,16985,31697,2,0,98,02/07/2023
4940,05/05/2023,149000,211900,0,1,1,47,49,1,0,14581,10202,3,,7,
4941,11/03/2022,146000,231000,,1,0,43,,0,,20000,,2,2,84,
4942,08/02/2022,129000,213900,2,0,0,75,,1,,24204,,1,1,164,27/02/2022
4943,07/03/2023,176000,404700,,1,0,57,,1,,32922,,2,1,12,
4944,26/08/2022,152000,194100,0,1,0,60,,1,,23311,,2,,58,
4945,07/01/2023,115000,208200,0,2,1,55,47,0,1,6873,15643,,0,75,04/02/2023
4946,10/05/2024,28000,57400,1,2,0,37,,0,,20000,,2,0,78,
4947,16/02/2024,198000,267200,0,1,0,56,,1,,23217,,2,0,185,05/04/2024
4948,04/07/2023,213000,359900,0,2,0,53,,0,,46459,,2,0,167,
4949,20/02/2022,166000,245800,0,1,1,46,45,1,0,10258,15399,2,0,7,
4950,10/06/2024,83000,153400,0,1,0,25,,1,,20000,,2,0,171,
4951,21/03/2022,58000,104300,0,0,0,52,,1,,20000,,3,2,216,
4952,24/12/2023,227000,412100,1,1,1,46,49,0,1,12140,25370,,0,76,25/01/2024
4953,25/09/2023,132000,177900,0,1,1,20,33,1,0,7210,12790,3,0,173,
4954,25/08/2023,223000,348100,0,2,1,64,46,0,1,15222,13910,2,0,84,11/09/2023
4955,06/09/2022,123000,210900,0,1,0,37,,0,,20000,,2,1,248,02/10/2022
4956,09/09/2021,131000,203900,0,2,0,41,,0,,27803,,1,0,67,
4957,22/08/2024,180000,268300,0,0,1,18,38,1,0,14510,8634,2,1,81,
4958,09/08/2023,104000,132700,0,1,0,47,,0,,20000,,2,0,45,
4959,30/03/2023,138000,208300,0,1,1,46,45,1,0,6997,13003,1,2,81,
4960,23/01/2024,268000,416500,0,2,1,39,61,0,1,24948,8218,2,1,198,
4961,08/08/2024,69000,154200,0,0,1,50,50,1,0,10488,9512,,1,169,
4962,14/09/2023,65000,185800,2,1,0,44,,1,,20000,,2,0,180,17/09/2023
4963,08/04/2024,330000,485500,,2,1,38,50,0,1,12176,27647,2,0,,24/05/2024
4964,01/03/2024,141000,274700,0,2,1,42,53,0,1,8289,20047,2,0,19,07/04/2024
4965,31/08/2023,246000,307600,2,1,1,65,54,0,1,14810,12620,,0,87,16/10/2023
4966,08/11/2022,191000,308100,0,1,1,62,41,1,0,13477,13312,3,0,79,
4967,29/06/2022,145000,206700,0,2,1,28,63,1,0,7045,12955,1,0,75,13/08/2022
4968,14/05/2024,115000,191000,0,,1,28,45,0,1,14828,5172,0,0,225,
4969,30/01/2023,115000,205900,0,1,1,35,31,1,0,10667,12085,1,,192,
4970,14/08/2024,349000,496200,0,2,0,44,,0,,50911,,2,0,165,
4971,16/04/2023,168000,354800,1,1,0,39,,1,,27616,,3,0,0,
4972,24/03/2024,138000,198400,0,1,0,37,,0,,20000,,3,0,6,
4973,13/03/2024,225000,469800,0,,0,43,,1,,45217,,2,0,77,
4974,28/11/2021,499000,907700,0,2,0,18,,1,,104885,,2,0,184,
4975,19/06/2024,87000,165200,0,1,1,58,33,0,1,17047,2953,2,0,72,
4976,13/08/2023,155000,256200,2,1,1,41,25,0,1,13406,13146,2,2,74,
4977,02/05/2023,144000,180000,0,1,0,42,,1,,20000,,2,0,97,
4978,23/11/2022,176000,233700,0,1,1,42,49,0,1,15969,8905,3,1,,
4979,18/08/2024,105000,214400,0,1,0,19,,1,,20175,,1,,2,
4980,18/05/2022,66000,106900,0,2,1,75,55,0,1,11015,8985,2,0,2,
4981,08/08/2022,155000,289700,0,2,1,54,56,1,0,6884,21320,2,,18,
4982,02/09/2023,103000,204600,0,2,0,46,,1,,24694,,,1,167,
4983,03/07/2023,186000,253200,,2,1,58,23,1,0,11655,12598,3,0,84,
4984,14/04/2022,92000,125400,,1,0,60,,0,,20000,,2,0,6,
4985,12/08/2024,174000,248400,0,2,1,43,43,1,1,18072,12445,3,0,204,
4986,02/02/2022,197000,259400,0,2,0,28,,0,,20382,,2,1,78,07/02/2022
4987,04/01/2024,273000,350000,0,1,1,39,18,1,0,14912,12513,2,1,18,
4988,04/06/2023,101000,209300,0,2,0,28,,0,,20000,,2,0,215,
4989,03/10/2022,35000,70700,0,2,0,63,,0,,20000,,2,0,88,07/10/2022
4990,12/09/2023,132000,208900,0,1,0,43,,1,,22122,,1,1,89,14/10/2023
4991,21/04/2022,199000,248000,0,1,1,42,58,0,1,9073,10927,3,0,13,
4992,01/11/2021,132000,446900,0,2,0,18,,1,,37465,,3,0,14,21/10/2021
4993,14/05/2024,103000,207500,0,1,0,32,,0,,20214,,1,1,14,
4994,18/08/2022,145000,206400,0,2,0,67,,0,,21100,,1,0,45,19/09/2022
4995,10/12/2021,158000,208000,0,1,0,47,,1,,23723,,2,0,12,
4996,12/09/2023,40000,56100,0,1,0,38,,1,,20000,,2,0,219,
4997,25/02/2023,77000,134900,0,1,1,18,28,0,1,9618,10382,2,0,14,
4998,15/08/2022,171000,411600,0,1,0,32,,1,,37845,,3,0,221,02/09/2022
4999,11/08/2024,62000,209800,0,1,0,37,,0,,20580,,1,0,52,
5000,15/04/2023,80000,150700,3,1,0,52,,0,,20000,,3,0,54,
5001,27/12/2021,110000,288400,0,2,0,75,,0,,25640,,2,,,
5002,12/02/2022,290000,333900,0,1,1,22,49,1,0,13357,18319,2,0,,
5003,22/03/2022,356000,619400,0,2,1,52,53,0,1,11999,36587,3,,115,
5004,01/12/2022,119000,158800,0,1,0,35,,0,,20000,,3,0,38,
5005,21/06/2022,675000,915200,2,1,0,62,,1,,66698,,2,0,56,
5006,21/10/2022,315000,534300,0,1,1,34,61,0,1,42566,10489,3,0,15,03/11/2022
5007,28/02/2024,37000,50600,0,2,1,49,32,1,0,7554,12446,2,1,230,
5008,25/09/2023,116000,198600,0,1,1,54,56,1,0,8774,11226,3,2,80,
5009,04/01/2023,628000,917200,0,1,0,31,,0,,85123,,3,0,185,09/02/2023
5010,10/02/2022,138000,314200,0,1,1,51,46,1,0,14901,11180,3,0,19,14/03/2022
5011,09/07/2024,271000,381800,,1,1,43,32,1,0,22690,13629,2,0,165,
5012,30/08/2024,115000,155700,0,,0,58,,0,,20000,,2,,163,
5013,05/06/2023,141000,168200,0,2,0,75,,1,,20000,,2,0,164,
5014,01/12/2023,254000,481600,0,2,0,44,,0,,57363,,2,1,43,
5015,20/04/2023,141000,204000,0,2,1,55,32,0,1,6639,13361,1,0,82,
5016,26/03/2023,232000,303500,0,1,0,62,,0,,28282,,2,0,7,13/04/2023
5017,30/08/2023,267000,512600,0,1,0,69,,1,,41910,,2,0,55,
5018,05/07/2024,261000,384600,0,1,1,33,61,0,0,21743,14364,3,0,85,
5019,26/10/2023,99000,197400,0,1,1,25,51,1,1,6881,13119,1,0,90,
5020,17/04/2024,237000,349200,0,1,0,34,,1,,48998,,2,2,85,
5021,30/07/2024,205000,439500,0,0,1,57,63,0,1,26659,19565,,1,9,
5022,20/08/2024,92000,193700,0,1,0,42,,0,,20000,,0,0,166,
5023,20/11/2022,116000,211900,0,1,1,32,49,1,0,9660,10340,1,0,48,
5024,27/04/2023,115000,200900,0,2,0,56,,1,,21024,,,,170,01/06/2023
5025,30/01/2023,113000,190200,0,1,0,43,,1,,20000,,3,0,74,28/02/2023
5026,20/08/2024,143000,192900,0,1,1,56,47,1,0,11159,8841,0,2,76,
5027,29/01/2024,137000,192700,0,1,0,54,,1,,20000,,2,0,63,
5028,14/08/2023,393000,635000,0,2,1,39,46,0,0,21340,21678,2,,77,
5029,16/08/2022,197000,272800,0,2,0,25,,0,,23403,,2,0,154,
5030,15/08/2024,87000,210900,3,1,1,29,75,1,0,11633,8367,1,0,77,
5031,15/03/2023,71000,139200,0,,1,23,50,1,0,8572,11428,2,0,215,
5032,25/09/2021,282000,589200,0,2,1,52,18,1,0,14250,41661,2,,,
5033,21/09/2022,68000,133500,0,0,0,39,,0,,20000,,2,0,31,
5034,17/03/2024,126000,218700,0,1,0,40,,0,,31274,,2,0,62,06/04/2024
5035,25/07/2022,463000,658000,0,2,0,47,,0,,53931,,2,0,177,04/09/2022
5036,14/08/2024,334000,506700,0,2,0,37,,1,,55752,,2,0,37,
5037,22/03/2023,275000,445200,0,1,1,45,49,1,0,17027,35045,2,0,11,
5038,01/06/2024,169000,397500,0,1,1,50,63,1,0,9250,23813,2,0,210,02/07/2024
5039,05/09/2021,163000,272700,0,1,1,31,18,0,1,17721,8242,3,0,96,
5040,17/07/2024,125000,278200,0,1,1,50,50,1,0,10950,11090,3,0,233,
5041,01/08/2023,115000,208800,0,0,0,50,,0,,24766,,1,,58,30/08/2023
5042,25/06/2024,16000,48200,0,2,1,32,63,0,1,10438,9562,2,0,21,
5043,06/12/2022,113000,167500,0,1,0,30,,0,,20000,,3,0,54,15/01/2023
5044,07/02/2023,662000,926200,0,1,0,52,,0,,83652,,3,1,48,
5045,09/09/2021,405000,498800,0,2,1,75,75,0,1,22088,16063,2,1,86,
5046,03/04/2024,601000,968200,1,1,0,47,,1,,90074,,3,0,43,
5047,04/07/2022,114000,152700,0,1,0,59,,1,,20000,,2,,3,
5048,26/03/2023,41000,58600,0,0,1,40,45,0,1,14251,5749,2,0,84,
5049,23/04/2024,127000,185200,0,0,0,53,,1,,20000,,2,0,6,
5050,03/09/2022,487000,671400,0,2,1,54,48,0,1,19909,41349,2,,13,
5051,04/01/2024,351000,686800,0,1,0,54,,0,,59937,,2,0,215,
5052,08/09/2022,47000,79100,0,1,1,18,46,1,1,8015,11985,2,1,70,
5053,03/10/2023,123000,211800,0,1,0,44,,1,,29873,,1,0,81,
5054,10/06/2024,676000,875400,0,1,0,66,,0,,88980,,2,0,14,
5055,20/05/2024,87000,125300,0,2,1,21,18,0,0,14045,5955,2,2,135,
5056,22/07/2023,301000,384900,0,,1,37,54,1,0,16196,10604,2,1,55,
5057,11/10/2021,58000,127900,0,2,1,38,39,1,0,14361,5639,2,0,46,
5058,15/11/2023,159000,405100,0,2,1,43,35,1,0,15879,20414,3,2,188,11/12/2023
5059,19/03/2024,354000,562000,0,2,1,47,32,0,1,53620,21966,2,0,73,01/04/2024
5060,29/05/2023,189000,361400,0,2,0,44,,0,,43515,,2,0,53,
5061,23/01/2023,100000,135200,0,2,1,38,75,1,1,4019,15981,,0,4,
5062,06/04/2022,98000,171200,0,0,0,69,,0,,20000,,2,0,229,
5063,16/06/2024,112000,201600,0,1,0,46,,0,,20000,,0,0,81,20/07/2024
5064,19/04/2024,92000,150900,1,2,0,52,,1,,20000,,2,0,17,
5065,18/04/2023,95000,215200,0,1,0,29,,1,,20000,,2,0,191,
5066,23/06/2024,54000,121800,3,1,0,45,,0,,20000,,2,0,81,
5067,17/07/2024,813000,1159900,0,1,0,51,,0,,96711,,3,2,147,
5068,22/07/2024,99000,167700,0,2,1,51,47,0,1,15516,4484,2,2,142,
5069,03/06/2022,123000,211400,0,1,0,36,,1,,21652,,1,2,276,
5070,06/03/2022,51000,68700,0,0,0,33,,1,,20000,,2,2,0,
5071,28/04/2023,93000,216500,0,1,0,24,,1,,20000,,1,0,178,
5072,17/08/2022,141000,285000,0,1,0,31,,1,,23863,,,0,55,
5073,27/02/2022,384000,519200,0,1,0,33,,1,,57868,,3,0,12,27/03/2022
5074,16/07/2023,189000,245600,0,2,1,42,45,0,1,11968,13723,,2,13,
5075,23/05/2022,81000,106300,0,1,1,66,31,0,1,9991,10009,2,0,43,
5076,26/02/2024,287000,391100,2,,1,21,50,1,0,24911,9152,2,0,70,
5077,22/07/2022,84000,142600,0,2,0,39,,1,,20000,,2,2,37,07/09/2022
5078,01/09/2023,270000,479400,,0,0,41,,1,,43904,,2,0,95,
5079,06/12/2021,164000,211600,0,2,1,23,39,1,0,10189,9811,1,0,7,05/01/2022
5080,15/05/2022,140000,255000,,1,0,47,,1,,20000,,3,1,226,01/07/2022
5081,26/05/2022,100000,127600,0,1,0,45,,1,,20000,,2,0,70,
5082,13/06/2022,155000,220300,0,0,1,68,65,1,0,14936,5064,3,1,,
5083,25/03/2024,78000,140400,0,1,0,65,,0,,20000,,,0,52,13/04/2024
5084,14/09/2021,113000,206400,0,0,1,18,65,1,0,7944,12056,1,2,87,15/09/2021
5085,24/03/2024,174000,291000,0,,0,62,,1,,20000,,2,0,10,09/04/2024
5086,20/06/2022,151000,346100,0,0,0,30,,0,,26718,,3,1,,
5087,30/10/2023,107000,159000,0,0,1,48,57,1,0,9098,10902,,1,72,
5088,02/10/2023,143000,207100,0,1,0,59,,0,,20000,,2,0,36,
5089,01/06/2022,318000,587600,0,1,0,21,,0,,43904,,3,0,65,28/06/2022
5090,15/03/2024,33000,48500,1,1,0,50,,1,,20000,,2,0,33,01/04/2024
5091,27/08/2024,125000,167100,0,2,0,65,,1,,20000,,3,1,78,
5092,24/10/2021,99000,112300,0,1,1,53,52,0,1,10204,9796,2,0,16,05/12/2021
5093,25/09/2023,288000,455500,,1,1,49,18,1,0,14683,32703,2,0,19,
5094,10/02/2024,80000,224000,0,2,1,32,57,1,0,11071,8929,3,0,10,
5095,11/12/2023,264000,557100,0,1,1,63,52,1,0,26207,28139,3,0,3,
5096,12/01/2022,188000,248600,0,1,0,59,,1,,20910,,2,,12,
5097,02/09/2022,228000,333100,0,1,1,66,55,0,0,20064,12463,2,0,10,
5098,11/04/2022,313000,465100,1,1,1,52,32,1,0,30987,14547,2,0,82,
5099,12/05/2022,67000,102600,1,1,0,52,,0,,20000,,3,0,48,13/06/2022
5100,27/02/2024,98000,202900,0,1,0,24,,0,,20000,,1,0,190,09/03/2024
5101,26/07/2023,54000,151200,3,0,1,61,29,1,0,10214,9786,2,0,191,
5102,17/09/2022,46000,92200,0,1,1,51,55,1,0,12043,7957,2,0,256,
5103,14/05/2024,89000,147400,0,1,0,50,,0,,20000,,,0,17,
5104,08/02/2023,112000,221500,0,1,0,59,,1,,20000,,,0,86,
5105,17/06/2023,242000,462500,2,2,0,51,,0,,56389,,3,0,35,14/07/2023
5106,28/08/2023,247000,399500,0,1,0,61,,0,,32315,,3,0,54,
5107,26/05/2023,49000,77500,0,2,0,30,,0,,20000,,2,1,74,
5108,03/07/2024,284000,463300,,1,0,25,,0,,48464,,2,,59,
5109,04/04/2023,105000,203500,2,2,1,75,46,1,0,10191,10562,1,0,139,13/05/2023
5110,19/12/2022,108000,144200,3,2,1,39,59,0,0,3452,16548,2,0,99,
5111,13/10/2023,132000,207600,0,1,1,42,45,0,1,12484,7516,1,0,69,
5112,08/12/2023,257000,448800,0,1,1,58,39,1,0,51572,13727,,,8,05/01/2024
5113,02/01/2024,422000,614300,0,0,0,56,,1,,57069,,3,0,172,
5114,27/12/2022,375000,557700,0,1,0,62,,1,,46875,,3,0,59,
5115,10/08/2024,191000,298900,3,0,1,49,39,1,0,17696,11776,2,0,184,
5116,09/09/2022,265000,425000,0,1,1,18,19,0,1,16552,21542,3,0,92,
5117,06/09/2021,188000,297400,0,1,0,18,,0,,23248,,2,0,60,
5118,17/04/2023,258000,359300,2,1,1,64,53,0,1,10719,22964,2,0,198,22/05/2023
5119,12/09/2021,86000,387400,0,1,0,25,,1,,33908,,3,,187,
5120,13/04/2023,253000,513400,0,1,1,49,66,0,0,35015,17372,3,0,71,
5121,18/08/2022,157000,199900,0,1,1,46,46,0,0,9966,10034,0,0,213,
5122,26/07/2022,163000,243000,0,0,0,53,,1,,20000,,3,1,14,08/09/2022
5123,18/06/2024,321000,390200,0,1,0,34,,1,,44518,,3,0,28,
5124,31/01/2024,260000,374900,0,1,0,18,,0,,36319,,2,1,85,
5125,15/08/2022,122000,206300,0,1,1,47,75,1,0,7592,12408,1,0,81,22/09/2022
5126,14/08/2023,119000,155600,0,1,0,56,,0,,20000,,2,0,31,
5127,24/09/2022,103000,217600,0,2,0,32,,1,,20000,,2,2,,
5128,28/06/2022,149000,201700,0,1,1,75,49,0,1,12461,7539,1,0,85,
5129,29/04/2023,194000,285300,0,1,0,75,,1,,28008,,2,0,,
5130,15/02/2023,315000,473200,0,2,0,33,,1,,38871,,3,1,173,
5131,24/07/2023,286000,349300,0,1,1,34,25,1,0,31913,9113,2,2,88,13/08/2023
5132,11/08/2024,273000,308000,3,1,0,36,,0,,30748,,2,1,51,
5133,27/08/2023,109000,234800,0,2,0,48,,1,,20634,,2,0,76,01/10/2023
5134,15/11/2022,188000,323400,0,1,1,54,57,1,1,7476,17639,2,1,73,03/12/2022
5135,08/09/2023,503000,638700,0,1,0,32,,0,,84978,,3,1,82,
5136,08/06/2023,124000,196000,2,1,1,63,61,0,1,13256,6744,0,1,57,20/07/2023
5137,11/12/2022,41000,75300,0,1,0,37,,0,,20000,,3,0,52,
5138,03/09/2023,57000,106800,3,1,0,68,,1,,20000,,2,0,15,
5139,29/05/2024,52000,74200,0,2,0,54,,0,,20000,,3,0,273,
5140,04/06/2024,30000,44700,0,1,1,23,18,0,1,9147,10853,2,0,40,
5141,07/09/2023,315000,432900,0,1,1,59,34,0,1,25798,23233,2,0,8,
5142,18/01/2023,478000,662500,0,1,0,35,,0,,88628,,3,0,207,10/02/2023
5143,19/04/2024,34000,60900,0,2,1,75,33,1,0,12204,7796,2,0,205,
5144,08/12/2023,107000,230700,0,1,0,44,,0,,20000,,2,0,52,
5145,16/04/2023,142000,256600,0,1,0,56,,0,,23210,,,0,9,
5146,26/08/2022,340000,815600,0,2,1,69,34,1,0,21863,69491,2,0,19,31/08/2022
5147,19/08/2022,185000,411500,0,1,0,74,,0,,52397,,3,0,254,
5148,25/08/2024,254000,387500,3,1,0,51,,1,,30587,,3,1,90,
5149,28/01/2023,139000,214900,2,1,0,67,,0,,23333,,2,,67,
5150,08/06/2022,252000,343800,0,1,1,53,18,1,0,22025,6221,2,0,196,
5151,02/12/2021,35000,55400,0,2,0,41,,0,,20000,,2,0,71,08/12/2021
5152,08/12/2023,160000,211900,0,1,0,41,,1,,20000,,1,,55,
5153,22/08/2022,166000,187000,0,1,1,60,35,1,0,8924,11564,0,0,30,
5154,05/12/2023,154000,337700,0,1,0,55,,0,,29735,,2,1,59,
5155,10/08/2022,177000,209600,0,1,1,54,19,0,1,13117,12513,1,0,74,
5156,24/04/2023,64000,82900,,2,1,25,56,0,0,9871,10129,2,0,222,01/06/2023
5157,15/02/2022,163000,235300,0,1,1,46,48,0,0,13120,6880,3,1,232,
5158,10/10/2023,447000,636300,0,2,1,47,72,1,0,22677,29756,2,0,84,
5159,23/06/2024,131000,324600,0,1,1,75,36,1,0,13698,12958,2,0,182,
5160,05/09/2021,158000,207800,0,,0,43,,0,,20000,,1,0,220,
5161,24/04/2023,328000,420200,0,1,0,39,,1,,32139,,3,0,58,
5162,17/12/2023,133000,169200,0,1,0,29,,0,,20000,,2,1,40,
5163,03/12/2022,217000,259000,0,1,0,55,,1,,27710,,,1,6,
5164,10/04/2022,83000,124300,0,2,0,35,,0,,20000,,2,0,49,
5165,01/06/2024,161000,368000,0,1,1,42,44,0,1,18007,13423,2,0,56,
5166,14/03/2024,58000,76200,0,0,0,52,,0,,20000,,2,0,219,15/04/2024
5167,05/02/2022,117000,234000,0,2,0,18,,0,,22944,,2,1,202,
5168,07/07/2022,152000,214300,0,1,1,62,44,1,0,6421,13781,3,0,7,02/08/2022
5169,27/07/2024,247000,435300,0,1,0,45,,1,,43180,,3,0,52,
5170,26/08/2024,480000,740500,0,1,0,26,,0,,53399,,2,0,77,
5171,08/08/2023,150000,200300,0,1,0,48,,1,,21035,,0,0,10,
5172,25/07/2024,409000,547400,0,1,0,45,,0,,43214,,3,,81,
5173,12/02/2022,183000,304600,0,2,0,39,,1,,20882,,2,0,6,
5174,04/04/2024,107000,196300,0,1,0,40,,0,,22359,,,0,10,04/04/2024
5175,13/09/2022,39000,84100,0,1,0,38,,0,,20000,,2,0,,
5176,10/08/2024,228000,354900,0,2,0,25,,0,,29713,,2,2,,
5177,04/09/2021,128000,184500,0,1,0,39,,0,,23173,,2,0,16,
5178,25/03/2022,120000,202700,3,1,0,50,,0,,20280,,1,0,190,
5179,11/02/2023,172000,255200,0,2,0,18,,0,,23206,,3,0,206,
5180,17/07/2022,154000,215200,0,1,0,25,,0,,20023,,1,2,2,
5181,12/09/2021,43000,83900,0,1,0,27,,0,,20000,,2,0,85,
5182,18/04/2024,190000,510300,0,1,0,75,,0,,47425,,2,0,15,
5183,20/08/2022,86000,102800,0,2,0,40,,0,,20000,,2,0,19,12/09/2022
5184,31/10/2021,165000,321800,0,1,0,47,,1,,26734,,2,0,55,
5185,03/10/2022,20000,29600,0,0,1,61,40,0,0,14274,5726,2,0,34,08/10/2022
5186,06/08/2024,105000,197800,1,1,1,75,41,0,1,12930,7621,0,0,209,
5187,19/04/2023,40000,123500,0,0,0,51,,1,,20000,,2,0,88,26/04/2023
5188,05/06/2023,69000,153700,,1,0,68,,0,,20000,,2,1,65,
5189,04/08/2023,22000,35400,0,1,1,18,47,0,1,4719,15281,2,1,98,22/08/2023
5190,01/03/2023,77000,229000,0,1,0,75,,0,,20000,,2,0,180,04/03/2023
5191,20/11/2021,126000,205900,0,1,0,64,,1,,20000,,1,1,84,
5192,24/12/2021,79000,124200,0,2,1,35,19,0,1,9709,10291,2,0,82,
5193,09/08/2023,38000,71800,0,2,1,57,42,1,0,9857,10143,2,2,84,
5194,10/01/2023,226000,665100,0,2,0,41,,0,,56774,,3,0,18,
5195,28/08/2022,319000,399700,0,0,0,75,,1,,39386,,3,1,57,07/10/2022
5196,14/11/2022,126000,214300,0,1,0,44,,1,,31446,,1,0,59,23/11/2022
5197,04/11/2023,102000,186100,0,2,0,52,,1,,20000,,3,0,83,
5198,04/07/2024,265000,531900,0,1,0,42,,0,,47001,,3,0,58,
5199,26/06/2022,29000,46300,0,1,1,42,56,1,0,11150,8850,2,0,59,
5200,19/08/2023,105000,208400,0,1,1,28,46,1,1,7061,12939,2,0,70,21/09/2023
5201,13/04/2022,129000,174400,0,,0,66,,0,,20000,,2,0,81,27/05/2022
5202,22/09/2022,87000,148800,0,1,0,45,,1,,20000,,3,0,81,
5203,23/06/2024,214000,343700,0,1,0,48,,1,,29127,,2,0,56,
5204,31/05/2024,124000,206500,,1,0,57,,1,,20000,,1,0,43,
5205,20/04/2024,161000,196800,0,1,1,67,38,1,0,9213,10787,0,1,2,
5206,30/08/2024,228000,439100,0,2,0,25,,1,,48466,,2,,14,
5207,15/06/2022,187000,352400,0,1,1,46,44,0,1,14619,16791,3,2,176,04/07/2022
5208,28/04/2023,159000,257300,0,1,0,52,,1,,26316,,2,0,79,29/05/2023
5209,08/12/2022,215000,352000,0,2,1,67,49,1,1,16350,13921,3,2,86,
5210,15/11/2022,263000,377700,2,2,1,47,39,1,0,11487,26790,2,0,12,
5211,19/03/2023,48000,55500,0,1,1,52,53,1,0,11785,8215,2,,49,
5212,14/09/2021,139000,186300,0,1,0,57,,1,,20000,,2,0,1,
5213,22/02/2022,38000,55200,0,2,0,56,,1,,20000,,2,0,91,
5214,06/04/2022,80000,134900,0,1,0,39,,0,,20000,,2,2,75,21/05/2022
5215,13/12/2023,160000,260700,0,2,0,32,,1,,25520,,2,0,40,
5216,08/07/2022,168000,317000,0,2,0,49,,1,,36466,,2,,233,11/08/2022
5217,09/06/2022,99000,182100,0,2,1,30,53,0,1,12908,7092,2,2,225,
5218,10/10/2022,88000,185500,0,2,0,42,,1,,20000,,3,0,0,13/10/2022
5219,04/06/2022,69000,201500,0,1,0,52,,1,,21421,,0,0,67,25/05/2022
5220,03/03/2023,707000,935600,0,1,0,54,,0,,78998,,2,0,216,
5221,14/09/2022,242000,306900,0,2,0,43,,1,,24110,,2,0,69,05/10/2022
5222,28/06/2023,32000,53900,0,2,0,41,,0,,20000,,2,0,2,18/06/2023
5223,09/04/2022,101000,167100,0,1,0,18,,1,,20000,,2,0,20,
5224,17/11/2021,121000,211600,0,1,0,39,,1,,20000,,2,1,82,
5225,25/08/2024,124000,327000,0,2,1,38,35,1,1,17444,17810,3,0,153,
5226,08/02/2023,156000,195700,0,2,1,37,56,1,0,9246,10754,0,0,30,
5227,01/12/2023,95000,192000,0,0,0,45,,0,,20000,,3,1,183,
5228,01/01/2023,193000,269400,2,1,0,42,,0,,21456,,3,0,216,
5229,28/08/2024,239000,294200,0,2,1,53,37,0,1,24078,8532,2,0,234,
5230,02/08/2022,126000,202800,1,1,1,20,49,0,1,12904,7096,1,0,55,
5231,21/06/2024,120000,263900,0,1,0,53,,1,,20000,,2,,222,
5232,08/03/2024,180000,287000,0,1,0,54,,1,,22651,,,1,88,
5233,19/08/2022,186000,214800,0,,0,23,,0,,20000,,1,1,84,
5234,07/09/2021,74000,135800,0,2,0,46,,1,,20000,,2,2,56,
5235,21/03/2024,117000,199500,0,1,1,48,52,1,0,17021,5349,0,1,83,12/04/2024
5236,24/10/2023,111000,202500,0,0,0,27,,1,,25943,,1,0,37,
5237,07/04/2024,138000,197600,0,2,0,48,,0,,20000,,2,1,11,
5238,09/12/2023,74000,147300,0,1,0,46,,0,,20000,,2,0,3,
5239,12/01/2022,133000,161700,0,0,1,41,35,1,0,7475,12525,2,0,49,
5240,16/09/2021,100000,130900,0,1,0,56,,0,,20000,,2,0,79,04/10/2021
5241,03/12/2021,94000,206400,0,1,0,45,,0,,28014,,1,0,55,
5242,02/09/2023,49000,116400,0,1,0,46,,1,,20000,,,0,175,
5243,30/10/2023,103000,211500,0,1,0,53,,1,,20000,,1,1,8,18/11/2023
5244,20/01/2023,45000,111700,0,1,0,52,,0,,20000,,3,0,69,30/01/2023
5245,29/02/2024,126000,197500,0,1,0,21,,0,,20000,,0,,6,
5246,15/02/2022,134000,208700,0,,1,49,49,0,1,11782,8218,1,0,91,21/03/2022
5247,13/08/2023,337000,675000,,1,1,21,52,1,0,35043,46668,2,1,23,
5248,28/01/2022,209000,363600,0,2,1,35,25,0,1,18642,12281,3,0,135,
5249,10/02/2022,105000,144500,0,1,0,42,,1,,20000,,2,0,53,
5250,25/12/2023,75000,233400,3,1,1,61,48,0,0,7802,15809,2,2,84,
5251,15/07/2024,135000,205200,0,1,0,30,,0,,20000,,1,2,65,
5252,03/08/2022,352000,607700,0,2,1,64,22,0,1,57170,8449,3,0,80,
5253,02/08/2024,168000,242000,0,1,0,60,,0,,22012,,3,0,8,
5254,17/05/2023,144000,258900,0,1,0,32,,1,,23184,,3,2,89,
5255,08/05/2023,107000,193100,0,2,0,43,,1,,20000,,2,0,10,
5256,26/08/2022,121000,205300,0,1,1,45,75,0,1,16485,6842,1,0,11,
5257,08/12/2023,320000,446000,0,1,0,60,,1,,47882,,3,0,8,05/01/2024
5258,11/10/2021,571000,870800,0,1,1,57,48,0,1,35723,25453,3,1,10,
5259,10/02/2024,253000,279500,0,1,1,18,18,1,0,8424,16990,,0,71,12/04/2024
5260,04/01/2022,31000,40700,1,1,1,49,32,0,1,15969,4031,2,0,88,
5261,03/09/2022,59000,101400,3,2,1,56,42,0,1,9548,10452,2,0,51,
5262,06/12/2021,205000,269200,2,,0,36,,0,,24914,,3,0,38,
5263,11/08/2023,262000,398800,0,1,0,52,,1,,29618,,2,2,206,
5264,16/09/2021,103000,201400,0,2,1,41,50,0,0,13963,6482,0,2,246,
5265,27/07/2022,22000,46600,,1,0,32,,0,,20000,,2,0,83,
5266,09/04/2022,124000,201900,,1,0,66,,0,,20000,,1,0,4,
5267,11/08/2024,164000,311100,0,1,0,31,,1,,23878,,2,0,25,24/08/2024
5268,15/06/2024,129000,205700,0,1,0,53,,0,,20000,,3,0,,26/06/2024
5269,19/03/2023,149000,207500,0,1,0,38,,1,,20000,,,0,68,
5270,29/06/2024,498000,747000,0,2,0,18,,0,,56797,,3,1,79,16/07/2024
5271,29/12/2021,103000,203600,,2,0,63,,1,,20000,,1,0,74,
5272,09/09/2022,275000,417600,0,2,0,52,,1,,40976,,2,0,20,
5273,20/05/2024,116000,175400,0,,0,39,,1,,20000,,3,0,64,
5274,07/08/2024,136000,203400,0,1,1,55,41,0,1,9970,10030,1,0,58,
5275,11/12/2023,128000,176500,0,,1,59,36,1,0,9999,10474,2,0,13,
5276,27/06/2024,169000,204400,2,1,0,55,,0,,20000,,1,,89,
5277,01/03/2023,87000,136400,2,1,0,66,,1,,20000,,,0,52,10/03/2023
5278,13/12/2023,323000,546300,0,1,0,61,,0,,42420,,2,0,61,
5279,12/03/2023,148000,264500,0,2,1,55,18,0,1,5960,14881,2,0,81,
5280,08/04/2022,416000,923200,1,1,0,49,,1,,95583,,3,0,38,
5281,29/07/2024,192000,277600,0,1,1,30,44,0,1,13517,11267,2,0,84,
5282,01/06/2023,310000,414500,0,1,1,50,39,1,0,10821,21566,2,0,72,
5283,28/09/2023,195000,459500,0,1,0,38,,1,,39459,,3,1,87,
5284,06/01/2024,34000,55700,0,2,0,46,,1,,20000,,2,1,57,
5285,05/06/2022,90000,169500,0,2,1,75,34,1,0,12235,7765,2,0,261,05/07/2022
5286,27/09/2021,698000,1165100,0,2,0,52,,1,,88672,,,1,176,
5287,08/08/2024,261000,369000,0,0,0,37,,1,,38754,,3,0,,
5288,08/09/2022,149000,191100,0,0,1,49,67,0,1,9595,17118,,0,30,
5289,12/08/2023,138000,204800,0,1,0,59,,0,,20000,,,0,79,19/09/2023
5290,22/05/2023,354000,811900,0,2,0,63,,1,,82671,,3,1,,04/06/2023
5291,22/05/2023,207000,347800,0,0,1,19,18,0,1,28087,13651,3,0,93,10/06/2023
5292,07/09/2022,31000,58500,,1,0,64,,0,,20000,,2,1,74,
5293,28/11/2022,471000,633500,0,1,0,43,,0,,68721,,3,0,19,
5294,28/08/2022,268000,361900,2,1,1,37,53,1,0,14103,11081,2,0,11,03/10/2022
5295,25/11/2022,104000,209300,0,2,0,25,,0,,22159,,1,,54,16/12/2022
5296,22/02/2022,232000,687000,0,1,0,48,,1,,65580,,3,0,89,
5297,06/11/2023,264000,369500,3,2,1,63,48,0,1,20797,22302,2,1,71,
5298,02/06/2023,119000,170800,0,2,0,44,,1,,20000,,2,0,12,
5299,30/08/2024,132000,228000,,2,1,34,57,1,0,17201,8726,2,,54,
5300,10/07/2024,117000,208200,0,1,1,39,35,1,0,6612,13388,,1,4,
5301,08/09/2022,60000,134000,0,2,1,37,43,1,0,7588,12412,2,0,228,
5302,21/03/2024,78000,116600,0,1,0,33,,0,,20000,,2,0,15,29/03/2024
5303,07/08/2022,364000,514600,0,1,1,38,37,0,1,15103,18015,2,0,56,
5304,24/08/2022,323000,424700,0,1,0,31,,0,,29117,,2,0,84,01/10/2022
5305,01/01/2024,99000,129200,0,2,1,53,55,0,1,10850,9150,2,1,53,31/01/2024
5306,30/05/2022,161000,300000,0,0,0,75,,0,,26662,,2,0,203,10/07/2022
5307,22/06/2024,175000,320600,0,1,0,36,,1,,28204,,3,0,14,
5308,25/07/2024,304000,507100,0,1,1,53,56,0,1,41863,9917,3,,206,
5309,15/06/2023,67000,110100,0,1,1,57,28,1,1,8772,11228,2,0,223,
5310,31/03/2023,381000,608700,0,2,0,41,,1,,73931,,2,0,38,09/04/2023
5311,04/01/2023,313000,931800,0,0,0,43,,1,,80631,,2,0,54,06/01/2023
5312,13/08/2023,163000,346400,0,2,0,36,,0,,30849,,3,0,83,10/09/2023
5313,04/09/2022,62000,98800,0,2,0,71,,0,,20000,,2,2,60,
5314,13/08/2023,45000,116100,2,2,0,39,,1,,20000,,2,1,0,
5315,15/07/2022,170000,339400,0,2,1,35,44,1,0,18136,16356,2,0,94,
5316,04/09/2021,68000,82100,0,0,0,36,,0,,20000,,2,0,74,07/10/2021
5317,28/08/2023,125000,163100,0,1,0,44,,1,,20000,,2,0,70,11/09/2023
5318,10/10/2021,72000,117400,,1,0,39,,0,,20000,,2,0,82,25/10/2021
5319,11/05/2024,132000,195100,0,1,0,30,,1,,20000,,2,0,30,
5320,17/11/2022,252000,485000,,2,1,68,64,0,1,29705,11268,3,1,15,
5321,07/02/2023,151000,295800,2,1,0,59,,0,,25103,,2,1,56,
5322,08/09/2023,106000,147000,0,2,0,18,,0,,20000,,2,0,16,
5323,21/06/2022,344000,569000,0,1,0,64,,1,,59575,,3,2,54,
5324,26/08/2024,162000,225300,0,2,0,41,,0,,20000,,2,0,2,
5325,25/08/2022,129000,298000,0,1,0,46,,0,,27679,,2,0,15,
5326,09/08/2022,120000,166300,0,0,0,68,,0,,20000,,,0,191,
5327,29/07/2022,68000,104200,0,1,1,57,64,1,0,7063,12937,2,0,52,
5328,20/05/2024,52000,133600,0,2,1,61,56,0,1,13863,6137,2,0,197,
5329,23/04/2024,412000,665900,0,0,0,30,,1,,51684,,3,1,16,
5330,08/05/2024,194000,254700,0,2,0,36,,0,,23964,,2,1,41,
5331,08/03/2022,277000,571700,0,2,0,32,,1,,46154,,2,0,238,
5332,04/09/2021,61000,92500,0,1,1,37,57,0,1,12261,7739,2,1,76,
5333,20/11/2022,128000,196500,1,,0,48,,0,,21195,,0,0,3,23/11/2022
5334,19/05/2024,165000,302300,0,1,0,19,,0,,23520,,2,0,17,
5335,23/05/2024,145000,212100,2,1,0,38,,1,,22805,,1,0,88,
5336,23/03/2022,112000,198800,0,1,1,46,32,1,0,5382,14618,0,0,80,
5337,30/08/2022,114000,207100,0,1,1,33,49,0,1,9086,11670,1,2,46,24/09/2022
5338,27/01/2022,116000,175500,0,1,1,41,42,0,1,12812,7188,2,0,193,
5339,11/03/2023,284000,360700,0,2,0,33,,1,,30604,,3,1,63,16/04/2023
5340,16/12/2023,113000,201400,0,1,0,51,,1,,21041,,0,0,212,
5341,23/04/2022,109000,194800,3,1,0,26,,0,,20596,,2,1,81,
5342,08/06/2023,181000,295300,0,1,0,45,,0,,21639,,3,2,60,09/07/2023
5343,13/08/2022,174000,286400,0,,0,61,,1,,22063,,2,1,158,
5344,19/08/2023,127000,201200,2,2,1,37,38,1,1,9788,14449,2,0,53,
5345,23/05/2022,141000,205800,0,2,1,33,54,1,0,7773,12227,0,0,31,
5346,07/08/2023,98000,205800,2,1,1,43,59,0,1,8320,11680,1,0,15,
5347,23/04/2022,205000,279400,0,1,0,70,,1,,25209,,2,,48,
5348,22/08/2023,118000,155400,0,1,0,36,,0,,20000,,2,1,32,
5349,10/08/2023,153000,220100,0,1,0,36,,0,,20000,,2,0,40,
5350,02/10/2022,85000,138800,0,,0,75,,1,,20000,,2,0,99,22/10/2022
5351,04/09/2023,73000,123600,0,2,0,39,,0,,20000,,2,2,46,
5352,07/08/2023,139000,204400,0,1,1,46,46,0,1,12634,7366,1,0,86,
5353,23/05/2022,148000,343900,0,,0,69,,1,,41859,,3,0,92,
5354,22/12/2023,464000,681600,0,2,0,49,,1,,50896,,2,0,16,
5355,15/04/2022,119000,182000,0,1,0,31,,1,,20000,,3,0,90,12/05/2022
5356,22/08/2024,74000,100500,2,2,1,50,31,1,0,5580,14420,2,2,57,
5357,23/01/2022,157000,212700,0,,0,31,,1,,20000,,1,0,80,
5358,14/04/2024,265000,583700,0,1,1,27,58,1,0,32832,6906,2,0,251,
5359,07/09/2021,190000,430100,0,0,0,18,,0,,41073,,3,0,73,
5360,20/07/2022,387000,462400,0,0,0,37,,0,,40485,,3,0,,
5361,31/10/2021,149000,209900,0,,0,32,,0,,20000,,2,0,199,
5362,03/05/2022,188000,283500,0,0,1,55,33,0,1,18516,7563,3,0,45,
5363,16/06/2024,268000,393700,1,1,0,28,,1,,31128,,2,1,,
5364,05/09/2023,101000,163700,0,1,1,32,45,0,1,12134,7866,2,0,27,
5365,03/07/2023,228000,458600,1,1,0,53,,1,,60187,,3,0,,
5366,25/08/2022,116000,209300,0,1,0,29,,1,,23675,,1,,253,
5367,17/06/2023,140000,204700,0,2,0,38,,0,,20000,,1,0,7,
5368,17/06/2023,72000,126400,2,1,1,60,47,1,1,11544,8456,2,0,151,
5369,25/03/2022,151000,249500,0,2,0,74,,0,,20709,,2,0,36,15/04/2022
5370,24/08/2024,57000,96700,0,1,1,66,61,0,1,11632,8368,2,0,,
5371,26/02/2022,160000,215900,0,2,1,37,18,1,0,12426,10341,1,0,76,
5372,14/02/2024,115000,199800,0,2,1,36,56,1,0,2528,17472,0,0,65,
5373,14/07/2023,54000,67700,0,0,0,57,,1,,20000,,2,0,76,
5374,25/09/2023,150000,196700,,1,0,49,,0,,23458,,0,0,38,19/10/2023
5375,23/04/2024,391000,669900,0,1,1,34,75,1,0,24398,43506,2,0,71,
5376,26/03/2024,123000,293200,0,1,1,28,18,1,0,9347,13136,2,0,13,03/04/2024
5377,07/06/2024,168000,405700,0,1,1,42,25,0,1,12088,13585,2,0,60,
5378,14/12/2023,25000,44600,0,0,1,44,41,0,1,13732,6268,3,0,71,24/12/2023
5379,28/03/2022,255000,433800,0,1,1,25,40,1,0,10483,24741,2,0,15,
5380,25/08/2023,237000,292500,0,2,1,34,37,1,0,6877,17304,3,0,8,
5381,26/03/2024,134000,192000,0,1,0,59,,1,,28035,,2,0,209,
5382,26/03/2023,184000,346500,0,2,0,18,,1,,36504,,2,0,54,
5383,24/06/2023,85000,114200,0,1,1,38,51,0,1,12201,7799,2,0,86,
5384,28/08/2024,97000,196700,3,,0,37,,1,,20000,,2,2,84,
5385,30/04/2023,89000,156300,0,1,0,32,,0,,20000,,2,0,7,04/05/2023
5386,02/02/2024,154000,203800,0,,0,42,,0,,21247,,1,2,,
5387,01/07/2024,107000,181700,0,1,0,47,,1,,20000,,2,1,213,
5388,20/07/2022,64000,97300,0,1,1,46,46,1,0,5425,14575,2,,63,23/08/2022
5389,10/04/2023,252000,277600,,,0,45,,0,,34304,,2,1,193,04/06/2023
5390,07/04/2023,107000,182700,1,1,0,70,,0,,20000,,2,0,0,
5391,19/10/2021,276000,344900,0,2,1,40,48,1,0,9950,13740,2,0,,
5392,28/08/2022,91000,129100,0,2,0,50,,0,,20000,,2,0,16,25/09/2022
5393,10/03/2022,81000,124200,0,0,0,38,,1,,20000,,2,1,90,
5394,24/02/2024,108000,173100,0,,1,71,21,0,1,9660,10340,3,1,48,
5395,23/07/2022,121000,190900,0,0,1,52,59,1,0,12424,7576,0,0,89,
5396,26/08/2023,196000,269600,0,2,0,25,,0,,20000,,2,0,14,
5397,27/08/2024,181000,218600,0,1,1,34,41,1,0,9514,14526,3,0,33,
5398,11/08/2023,163000,210100,0,1,1,56,54,0,1,9031,11798,1,1,8,
5399,25/09/2022,191000,324400,0,2,0,30,,0,,20923,,2,0,3,05/11/2022
5400,28/07/2023,141000,211600,0,2,1,67,62,1,0,14308,5692,1,0,171,
5401,13/08/2023,129000,211300,0,2,1,69,18,0,1,14357,13507,1,0,0,
5402,09/04/2024,219000,299800,0,,1,43,23,0,1,16153,6494,3,0,75,
5403,13/12/2022,251000,350500,0,2,0,40,,0,,28660,,2,1,58,13/01/2023
5404,22/01/2023,96000,156100,0,1,0,48,,1,,20000,,2,1,186,04/03/2023
5405,17/09/2023,79000,134300,0,1,0,22,,1,,20000,,2,0,12,01/10/2023
5406,10/04/2023,223000,360800,0,1,1,59,25,1,1,7273,27184,2,0,46,
5407,26/02/2023,63000,96700,0,2,1,30,25,0,1,12051,7949,3,0,191,
5408,09/06/2022,163000,230800,0,2,0,51,,0,,20000,,2,2,71,
5409,08/04/2023,101000,199800,,1,0,40,,0,,22651,,0,0,76,
5410,24/02/2024,124000,165300,0,1,0,65,,1,,20000,,3,0,185,
5411,10/04/2022,90000,126600,0,2,0,49,,1,,20000,,2,0,81,
5412,16/09/2023,180000,242300,0,1,1,47,42,1,0,18617,9727,2,0,87,
5413,23/05/2023,128000,154200,0,2,0,28,,1,,20000,,,0,36,24/06/2023
5414,24/03/2022,328000,459100,2,1,1,20,56,1,0,33111,18540,2,2,83,05/05/2022
5415,12/06/2024,111000,253500,0,0,1,57,51,0,1,8379,11621,2,0,10,
5416,28/02/2022,293000,441000,0,,1,36,50,0,1,40226,8830,2,0,197,
5417,10/09/2023,133000,209700,0,1,1,21,18,0,0,8558,13277,1,0,35,
5418,30/04/2024,97000,215400,0,1,1,55,48,0,1,15000,9249,3,1,205,19/05/2024
5419,09/04/2022,173000,356000,0,1,0,62,,1,,37295,,2,0,73,
5420,05/05/2023,169000,193000,0,2,1,51,46,1,0,4764,15236,2,0,227,11/07/2023
5421,19/04/2024,103000,157400,0,0,1,75,43,1,0,8363,11637,2,0,11,
5422,11/08/2024,96000,203600,0,,1,38,28,0,1,6497,13503,1,0,81,
5423,20/08/2022,120000,198900,0,2,0,54,,1,,20000,,2,0,170,
5424,26/01/2024,133000,202900,0,1,0,40,,0,,20000,,1,1,11,
5425,28/08/2023,127000,460900,0,1,0,57,,0,,36420,,2,0,62,06/09/2023
5426,31/05/2024,57000,148200,0,1,0,18,,0,,20000,,2,0,14,05/06/2024
5427,20/08/2023,154000,260600,0,1,0,30,,0,,27990,,2,0,165,
5428,11/03/2023,89000,131000,2,1,1,48,65,0,1,11714,8286,2,0,80,
5429,28/06/2024,132000,198800,0,2,0,48,,0,,20000,,0,1,48,
5430,03/03/2023,86000,199500,0,,0,37,,0,,20000,,0,0,89,
5431,13/02/2022,352000,493700,0,1,0,52,,0,,43648,,2,0,231,
5432,18/04/2023,737000,1236000,0,1,0,39,,1,,138670,,3,0,87,
5433,07/09/2022,25000,59100,0,2,0,45,,0,,20000,,2,0,,
5434,24/08/2024,112000,145000,0,2,0,20,,0,,20000,,2,0,207,
5435,14/04/2023,239000,319400,0,1,0,40,,1,,28110,,2,0,49,
5436,20/07/2023,190000,313700,0,1,0,47,,1,,24478,,3,0,51,
5437,01/09/2023,114000,176900,2,0,0,47,,1,,20000,,2,2,201,
5438,22/03/2024,102000,193400,2,2,0,69,,0,,20000,,0,1,65,17/04/2024
5439,30/08/2023,83000,106900,0,1,1,55,40,0,1,12256,7744,2,0,61,24/09/2023
5440,22/09/2023,93000,213500,0,2,1,58,18,1,0,8612,11388,2,1,206,
5441,27/07/2022,193000,317400,0,1,0,36,,0,,20794,,3,0,58,
5442,09/03/2023,36000,73300,0,2,0,65,,0,,20000,,2,0,86,
5443,02/09/2023,229000,324100,0,1,1,20,20,1,1,2803,22715,2,0,55,
5444,06/09/2021,148000,283800,0,0,0,48,,1,,28341,,3,2,19,
5445,06/07/2023,180000,274000,0,1,0,45,,1,,21014,,3,0,199,
5446,30/01/2022,176000,207000,0,,0,75,,1,,20000,,0,0,15,
5447,12/09/2023,154000,383400,,1,0,28,,0,,45083,,2,1,85,20/09/2023
5448,11/08/2024,119000,165400,0,1,0,47,,1,,20000,,3,0,13,
5449,11/07/2022,174000,402200,0,1,0,35,,1,,32682,,3,0,38,
5450,27/08/2024,180000,239500,0,0,1,25,59,0,1,11876,11219,2,0,88,
5451,15/11/2023,86000,134400,0,,1,19,40,1,0,9776,10224,2,0,73,09/12/2023
5452,30/03/2023,56000,92600,0,2,0,44,,1,,20000,,2,0,47,
5453,16/03/2022,306000,378600,0,1,0,53,,0,,27178,,2,0,8,01/05/2022
5454,23/05/2024,126000,204900,0,1,0,60,,0,,20000,,1,2,20,28/06/2024
5455,02/07/2022,680000,864200,0,2,0,36,,0,,83993,,2,1,14,19/08/2022
5456,08/08/2023,152000,209400,0,,1,60,56,0,0,13323,6677,1,0,77,
5457,15/04/2022,899000,1465500,,2,0,59,,0,,106250,,3,0,72,
5458,16/04/2022,57000,177300,0,2,1,62,56,1,0,9364,10636,2,0,,
5459,04/07/2022,626000,861600,0,1,0,24,,0,,65987,,3,0,85,
5460,03/04/2022,159000,202600,0,0,0,44,,1,,20000,,1,1,184,
5461,22/02/2023,256000,368800,0,0,0,29,,1,,34527,,3,1,12,20/03/2023
5462,11/01/2022,525000,828000,0,1,0,62,,1,,64311,,2,2,222,09/02/2022
5463,31/10/2021,170000,274100,3,1,0,27,,1,,22822,,2,0,82,
5464,24/02/2022,125000,326600,0,1,1,46,63,0,0,20157,6088,3,0,61,
5465,22/08/2024,234000,554600,0,1,0,18,,0,,67797,,2,0,4,
5466,11/04/2023,151000,219300,0,2,1,27,32,1,0,14692,9737,,0,79,28/04/2023
5467,26/07/2023,263000,353800,3,2,0,56,,0,,46355,,,1,81,
5468,27/11/2021,160000,264600,0,1,1,42,53,0,1,12715,12664,2,1,76,
5469,17/06/2024,171000,657200,0,1,1,56,45,1,0,31089,23233,2,2,202,
5470,26/04/2022,220000,320600,,1,1,28,28,1,0,11342,13380,2,1,10,
5471,04/11/2022,64000,83900,1,2,0,70,,0,,20000,,2,1,37,
5472,24/07/2024,70000,181900,0,1,0,60,,1,,20000,,3,0,,31/07/2024
5473,16/12/2022,242000,464800,,2,0,42,,1,,39867,,2,0,151,
5474,26/10/2021,382000,836600,0,,0,50,,1,,78016,,,0,202,
5475,21/03/2022,79000,214800,0,1,0,48,,1,,34711,,,0,190,
5476,06/07/2023,390000,663500,0,1,0,45,,0,,50925,,2,0,73,
5477,24/06/2023,46000,66100,0,1,1,26,34,0,0,9857,10143,2,0,16,
5478,08/09/2021,105000,206300,0,0,1,49,61,0,1,17765,11830,1,1,219,
5479,12/04/2022,204000,256100,0,0,1,33,30,0,1,12985,7355,2,0,71,
5480,26/10/2022,82000,108000,0,2,0,46,,1,,20000,,2,0,76,
5481,05/09/2022,154000,208700,,2,1,29,46,0,1,11260,8740,1,0,202,
5482,19/11/2022,551000,818800,0,1,0,45,,0,,76228,,2,0,0,
5483,16/12/2021,33000,56100,0,2,0,44,,0,,20000,,2,2,262,
5484,19/11/2023,213000,386700,0,0,0,27,,1,,34201,,3,0,14,20/12/2023
5485,27/11/2023,286000,445200,0,1,1,32,48,0,1,16099,28912,2,1,78,
5486,12/08/2022,48000,174200,0,0,0,32,,1,,20000,,2,0,254,
5487,04/03/2022,594000,668200,0,,0,52,,0,,54880,,2,0,159,
5488,07/08/2024,80000,122300,3,2,1,59,33,1,0,6808,13192,2,0,15,01/09/2024
5489,25/12/2023,70000,131600,,1,0,52,,0,,20000,,2,0,11,
5490,30/08/2023,59000,104300,0,1,1,25,25,0,1,11620,8380,2,0,75,
5491,20/03/2024,88000,195600,0,1,0,18,,0,,20000,,0,0,213,
5492,30/08/2023,37000,74800,0,1,1,64,43,1,0,5936,14064,2,0,34,
5493,24/04/2023,145000,230000,0,1,0,43,,0,,20000,,2,2,68,20/05/2023
5494,28/08/2024,134000,176700,0,1,0,30,,1,,20000,,,0,75,
5495,03/09/2022,66000,94300,0,2,0,26,,1,,20000,,2,1,195,06/10/2022
5496,02/07/2023,96000,144000,0,1,0,75,,0,,20000,,2,1,,16/07/2023
5497,08/04/2023,46000,96800,0,2,0,37,,0,,20000,,2,2,87,
5498,29/12/2021,225000,493000,0,2,0,61,,1,,45317,,2,0,79,08/01/2022
5499,29/08/2024,150000,312600,0,0,1,40,60,0,1,17865,12664,2,,232,
5500,30/08/2022,254000,355200,0,1,0,61,,1,,32353,,3,0,11,
5501,29/04/2022,257000,393800,0,1,0,28,,1,,32232,,3,1,14,12/05/2022
5502,30/08/2023,141000,282700,0,1,0,58,,0,,20000,,3,0,187,21/09/2023
5503,15/11/2023,50000,82300,0,2,0,68,,1,,20000,,2,0,225,
5504,23/02/2023,52000,100700,0,1,1,48,59,0,1,11223,8777,3,0,77,
5505,07/09/2021,126000,238600,0,1,1,46,47,0,0,13935,21966,2,,150,
5506,27/02/2024,163000,212900,2,2,1,65,71,1,1,8833,11167,3,0,72,
5507,28/05/2024,80000,213800,0,1,0,48,,1,,20000,,2,1,158,23/06/2024
5508,11/09/2021,160000,208700,0,1,0,54,,0,,20000,,1,0,156,
5509,21/10/2022,133000,207800,0,1,0,56,,0,,20000,,1,1,86,04/11/2022
5510,15/08/2024,123000,219200,0,1,1,60,75,0,1,12019,7981,2,,218,
5511,31/03/2023,167000,274800,,1,1,27,43,1,0,14810,10168,2,1,15,09/05/2023
5512,21/06/2023,78000,104200,0,2,1,18,49,0,1,7009,12991,3,0,194,
5513,16/05/2023,137000,210700,0,0,0,43,,0,,20130,,1,0,74,
5514,16/08/2024,71000,138300,0,2,0,41,,0,,20000,,2,0,84,
5515,19/07/2024,321000,452000,0,1,1,53,45,0,1,13376,24775,2,0,85,
5516,13/12/2021,64000,156000,0,1,0,61,,1,,20000,,2,0,81,
5517,22/08/2024,391000,496000,0,1,0,45,,1,,38572,,2,0,83,
5518,05/06/2023,131000,385400,0,2,1,67,43,0,1,25927,19526,2,0,32,
5519,09/05/2022,195000,286100,0,0,1,75,67,1,0,13959,14670,2,0,217,
5520,08/09/2023,143000,199200,0,1,0,36,,0,,20000,,0,2,34,
5521,04/11/2022,127000,226600,0,2,0,37,,1,,23993,,2,1,70,11/11/2022
5522,15/02/2023,148000,201400,0,1,0,35,,0,,20000,,0,0,59,26/02/2023
5523,18/02/2024,184000,250900,0,1,0,22,,0,,25484,,2,0,63,
5524,10/09/2021,93000,207500,0,1,1,43,59,1,0,7574,12426,1,0,84,
5525,31/03/2024,172000,247100,0,1,0,40,,0,,21443,,2,0,223,27/05/2024
5526,15/08/2024,109000,187300,0,1,0,34,,0,,20000,,3,2,202,
5527,22/04/2022,1848000,4520100,2,1,0,43,,0,,432620,,3,0,233,21/05/2022
5528,25/05/2024,42000,101300,0,1,1,53,70,1,0,9797,10203,2,0,191,27/06/2024
5529,23/02/2023,89000,218300,0,1,1,37,32,0,1,9981,12664,2,0,219,26/02/2023
5530,25/03/2023,521000,605500,3,1,0,22,,1,,47860,,2,1,191,04/05/2023
5531,09/01/2023,270000,624600,2,1,0,34,,0,,53378,,2,2,180,
5532,26/08/2024,292000,458400,0,1,1,37,60,1,0,31664,20969,3,1,210,
5533,07/06/2023,106000,183400,0,1,1,45,55,1,0,9809,10191,2,2,51,
5534,28/07/2024,359000,901800,0,1,0,37,,0,,84734,,3,,4,09/08/2024
5535,07/09/2023,91000,215800,0,1,1,48,18,1,0,6278,13722,2,0,76,12/09/2023
5536,10/04/2024,136000,271100,0,2,0,43,,1,,29435,,2,0,92,
5537,04/05/2024,263000,413100,0,1,1,46,41,1,0,16572,16911,,0,84,23/05/2024
5538,11/08/2024,187000,235000,0,0,0,25,,0,,21713,,2,0,90,
5539,21/10/2021,91000,197200,0,2,0,46,,1,,21601,,0,0,16,08/10/2021
5540,05/03/2023,31000,55000,0,1,0,36,,0,,20000,,2,0,,
5541,23/06/2022,149000,244100,0,1,1,45,40,1,0,12041,9809,2,0,203,19/07/2022
5542,11/12/2021,118000,207800,0,2,0,58,,1,,20000,,1,0,55,14/01/2022
5543,15/07/2023,163000,210800,0,1,0,40,,1,,20000,,1,2,,
5544,30/09/2021,62000,83100,0,1,0,41,,1,,20000,,2,2,171,09/11/2021
5545,19/09/2021,128000,204100,0,1,0,75,,0,,20236,,3,1,84,
5546,13/05/2024,224000,484300,0,0,1,36,67,0,1,40754,21432,,1,,
5547,28/07/2024,132000,263400,0,1,1,47,18,0,1,6319,23428,2,0,6,07/08/2024
5548,09/11/2021,279000,438700,0,2,0,60,,1,,38053,,3,0,42,
5549,01/11/2022,84000,155000,0,1,1,18,18,0,1,8601,11399,2,0,189,21/11/2022
5550,01/03/2024,131000,189800,0,1,0,37,,0,,20000,,0,,162,
5551,17/05/2023,92000,142400,,1,0,22,,1,,20000,,2,1,60,23/05/2023
5552,03/05/2023,73000,123600,0,0,0,47,,1,,20000,,2,0,14,
5553,10/08/2024,123000,206500,0,1,0,75,,0,,20000,,1,1,,
5554,24/02/2023,83000,131500,0,,0,32,,0,,20000,,2,0,14,
5555,17/01/2022,98000,164300,0,2,0,18,,0,,20000,,2,0,80,
5556,15/01/2022,200000,335200,0,1,0,21,,1,,36665,,3,1,77,
5557,21/05/2022,98000,172400,0,1,0,37,,1,,20000,,2,0,66,
5558,03/08/2024,140000,201300,1,1,1,55,21,1,0,9951,10049,0,1,16,
5559,27/09/2023,108000,171400,2,,1,65,34,0,1,9360,10640,2,1,158,
5560,09/11/2023,109000,173700,0,2,1,61,32,0,1,11385,8615,2,0,37,
5561,14/04/2023,150000,212300,0,,0,62,,1,,20000,,1,2,16,27/05/2023
5562,13/12/2023,83000,142500,0,1,0,52,,1,,20000,,2,0,82,09/01/2024
5563,31/08/2023,57000,82700,0,1,1,64,43,0,0,11145,8855,2,0,93,
5564,12/09/2023,45000,119500,0,1,0,38,,1,,20000,,2,0,87,
5565,11/08/2023,147000,197400,0,1,1,49,43,1,0,9163,10837,,0,82,
5566,23/04/2023,105000,275100,0,2,0,30,,1,,25467,,2,0,2,
5567,03/10/2022,109000,203300,0,1,0,43,,0,,20000,,1,0,140,
5568,03/01/2022,129000,198600,0,0,0,51,,0,,24263,,0,1,79,10/01/2022
5569,15/04/2023,76000,197000,0,1,1,21,27,0,1,6256,17574,0,0,87,29/04/2023
5570,29/03/2024,129000,278400,0,2,1,65,58,0,1,10005,16022,2,0,18,
5571,18/08/2023,164000,215200,0,2,1,70,40,0,1,8310,11690,2,0,60,22/10/2023
5572,08/04/2024,287000,437000,,2,0,73,,0,,34970,,3,1,60,
5573,26/03/2024,124000,168900,2,1,1,51,45,0,1,11674,8326,2,2,34,
5574,09/04/2024,413000,764900,0,2,0,43,,0,,82888,,3,0,93,
5575,31/07/2022,84000,198700,0,,0,63,,1,,20000,,1,0,63,
5576,11/06/2023,100000,207900,0,,1,58,61,1,1,8167,12042,1,0,53,03/07/2023
5577,11/02/2023,266000,384600,3,1,1,18,44,1,0,26251,18064,2,0,162,
5578,20/11/2022,63000,100900,0,1,1,50,23,0,1,8647,11353,2,0,229,
5579,11/06/2023,103000,200500,0,1,0,53,,0,,20000,,1,1,59,
5580,02/03/2023,157000,189500,0,2,0,72,,0,,21371,,,0,37,08/04/2023
5581,10/09/2023,55000,111400,2,2,0,37,,0,,20000,,2,0,80,14/09/2023
5582,21/08/2022,435000,689800,0,1,0,62,,1,,61332,,2,0,81,
5583,05/07/2024,271000,482900,0,1,0,47,,1,,47986,,3,1,59,
5584,09/05/2023,87000,200100,0,1,1,38,29,0,1,13045,6955,2,0,217,06/06/2023
5585,29/04/2022,38000,127300,0,1,1,48,57,1,0,6587,13413,2,0,75,
5586,05/09/2023,183000,211000,0,1,1,54,60,0,1,16869,3131,1,0,82,
5587,23/08/2023,142000,263500,0,1,0,65,,0,,20188,,3,0,9,
5588,20/07/2022,170000,251600,0,2,1,57,56,0,1,11510,10919,3,0,87,
5589,05/12/2023,251000,420600,0,1,1,38,42,0,1,17871,9219,3,,12,23/12/2023
5590,27/11/2021,77000,117500,0,1,1,75,60,1,0,4395,15605,,1,254,
5591,18/03/2024,143000,202600,0,1,1,26,59,1,0,12912,15090,3,0,29,
5592,23/03/2024,100000,205600,0,1,1,55,46,0,1,16124,3876,1,0,87,
5593,26/05/2024,156000,202800,,0,1,54,25,0,1,13624,8136,1,0,83,
5594,22/08/2024,371000,523000,0,2,0,56,,1,,55198,,3,0,71,
5595,25/08/2023,262000,399300,0,,1,43,41,1,0,21603,21720,3,1,51,
5596,21/12/2023,102000,231700,0,1,0,22,,0,,21830,,2,2,58,
5597,12/09/2022,206000,236300,0,1,0,49,,0,,26123,,3,0,86,
5598,02/04/2023,184000,335500,3,0,1,30,72,0,1,19296,10016,3,2,76,
5599,02/02/2022,123000,128900,3,2,0,37,,1,,20000,,3,0,5,
5600,15/03/2023,112000,141100,0,1,1,46,54,0,1,5403,14597,2,,225,
5601,11/08/2022,169000,291200,3,2,1,32,46,0,0,18812,6409,2,0,77,
5602,04/07/2024,142000,252500,0,1,0,30,,1,,20281,,2,0,,23/07/2024
5603,23/02/2024,212000,334300,0,2,0,69,,0,,27461,,2,0,83,
5604,14/05/2022,323000,529400,0,2,1,54,50,0,1,19747,26816,3,0,34,02/06/2022
5605,22/02/2024,44000,74400,3,1,1,39,52,0,1,10524,9476,2,1,14,
5606,07/09/2022,221000,331100,0,1,0,31,,0,,38110,,3,0,9,
5607,08/11/2022,99000,368700,0,1,1,57,43,0,0,22573,15389,2,0,83,
5608,04/11/2023,148000,193300,0,2,1,58,24,1,1,5654,14346,2,0,196,08/12/2023
5609,14/07/2023,71000,98700,0,1,1,41,25,1,0,11242,8758,2,0,86,06/08/2023
5610,17/01/2023,197000,410900,0,1,1,40,36,0,1,16659,20111,2,1,227,07/02/2023
5611,11/10/2021,469000,578700,0,2,1,34,59,1,0,29438,19902,3,1,190,08/12/2021
5612,29/07/2022,149000,212000,0,0,0,67,,0,,20000,,2,0,84,29/07/2022
5613,16/02/2023,257000,469200,0,1,1,36,50,1,0,10004,23987,3,0,5,13/03/2023
5614,03/06/2024,185000,262400,0,2,1,75,33,1,0,8154,16019,2,0,81,
5615,28/04/2024,212000,279600,0,1,0,45,,1,,24437,,2,0,78,
5616,08/02/2022,258000,400200,3,2,0,40,,1,,35595,,3,0,62,
5617,23/04/2024,269000,344300,0,2,0,75,,0,,27826,,2,0,177,
5618,14/05/2024,97000,155700,0,1,1,33,63,0,1,6839,13161,3,0,68,
5619,15/10/2021,57000,110900,0,1,1,48,69,1,0,6228,13772,3,0,213,25/11/2021
5620,14/03/2024,54000,105800,0,2,0,55,,1,,20000,,,0,92,
5621,02/08/2022,169000,300200,0,2,0,35,,0,,29343,,2,,89,
5622,27/05/2023,130000,202900,0,2,0,57,,1,,20000,,1,0,,
5623,10/01/2024,115000,202100,0,1,0,73,,0,,21339,,1,0,53,
5624,09/09/2022,102000,154400,0,1,0,66,,1,,20000,,3,0,246,
5625,18/02/2022,133000,209500,0,1,0,27,,1,,20000,,,2,86,
5626,16/03/2023,70000,168700,0,2,1,41,57,1,0,8334,11666,2,1,28,
5627,08/02/2022,164000,290200,0,1,1,46,35,1,0,16973,20883,2,0,62,
5628,18/06/2024,443000,667000,0,1,0,46,,1,,59159,,2,2,9,08/07/2024
5629,09/06/2024,88000,208100,0,1,1,23,43,1,0,13159,6841,1,0,82,01/07/2024
5630,24/02/2022,106000,210900,0,1,1,43,32,0,1,4559,15441,1,0,184,
5631,27/08/2024,77000,147700,0,1,1,42,49,1,0,8837,11163,2,0,95,
5632,01/12/2022,356000,512800,3,1,1,56,18,0,1,30844,17999,2,0,181,06/01/2023
5633,31/08/2024,57000,87400,0,2,0,38,,1,,20000,,2,0,259,
5634,12/08/2023,353000,570700,0,2,0,18,,1,,48227,,2,2,68,
5635,18/06/2024,60000,95000,2,1,1,55,71,0,1,14951,5049,2,0,71,
5636,25/03/2022,98000,141500,0,1,0,33,,1,,20000,,2,0,,18/04/2022
5637,21/08/2023,156000,253000,0,1,0,53,,0,,27042,,2,0,,
5638,30/12/2021,69000,139600,0,1,1,48,44,0,1,10667,9333,2,2,,
5639,22/10/2023,288000,437900,0,0,0,54,,1,,40594,,3,1,18,
5640,30/08/2022,103000,202400,0,1,0,38,,0,,20000,,3,0,13,
5641,06/09/2023,45000,67600,0,1,0,52,,0,,20000,,2,0,70,
5642,16/05/2024,182000,337300,0,1,1,44,30,0,1,22840,17240,2,0,59,
5643,24/08/2022,126000,196500,0,,0,58,,0,,20000,,,0,91,
5644,21/02/2023,77000,97600,0,2,0,31,,1,,20000,,,1,7,16/03/2023
5645,09/04/2022,32000,49200,,1,0,28,,0,,20000,,2,0,81,
5646,26/01/2024,123000,194100,0,1,1,41,58,0,1,13708,6292,1,0,53,02/03/2024
5647,10/08/2024,91000,193900,0,2,1,18,41,0,1,9470,15812,0,0,56,
5648,13/12/2022,268000,394100,0,1,0,18,,1,,27750,,2,0,203,
5649,05/09/2022,79000,106300,0,1,0,46,,1,,20000,,2,0,34,01/10/2022
5650,01/09/2024,67000,98200,0,1,1,54,57,1,0,8839,11161,3,1,5,
5651,13/06/2024,483000,626200,0,1,0,54,,1,,58526,,3,1,19,
5652,07/08/2023,131000,207900,2,1,0,56,,0,,20000,,,1,31,08/09/2023
5653,28/08/2022,137000,247200,0,2,1,48,48,1,1,12120,7880,3,2,1,13/09/2022
5654,27/10/2023,193000,362300,0,2,0,56,,1,,30943,,3,,192,
5655,09/12/2023,94000,198300,0,1,0,51,,1,,20000,,0,1,7,
5656,08/09/2022,147000,207000,2,1,0,50,,1,,20000,,1,,6,
5657,29/05/2024,346000,603200,0,0,1,18,62,0,1,40886,18603,2,1,77,
5658,28/02/2022,90000,184500,0,1,0,54,,0,,20000,,2,,,
5659,06/07/2023,80000,158600,1,1,1,75,64,1,0,11166,8834,2,0,89,04/08/2023
5660,18/07/2023,155000,197000,2,1,1,27,31,0,1,10629,9371,0,1,10,
5661,29/03/2022,216000,285900,0,1,0,37,,1,,21219,,2,1,52,
5662,14/03/2023,206000,251800,0,1,1,28,60,0,1,25510,4440,2,1,56,22/04/2023
5663,09/07/2022,98000,203000,3,2,0,37,,0,,20000,,1,0,81,
5664,04/06/2023,203000,380800,0,1,0,28,,0,,30292,,2,,79,
5665,29/06/2023,291000,359700,1,1,0,48,,0,,30918,,3,1,75,24/08/2023
5666,12/01/2022,221000,584300,0,1,1,29,28,0,1,17082,26547,2,,81,
5667,03/07/2022,157000,252600,0,1,0,75,,0,,21310,,2,0,58,
5668,04/05/2022,33000,96900,3,2,0,35,,1,,20000,,2,0,55,27/04/2022
5669,10/05/2023,135000,210800,0,2,1,66,20,0,1,12208,7792,1,0,180,
5670,13/08/2023,214000,247300,0,,1,18,29,1,0,7956,17698,2,0,11,
5671,16/07/2023,331000,534200,0,1,1,35,39,1,0,21691,21489,3,2,62,21/08/2023
5672,20/05/2024,146000,214900,0,2,0,50,,0,,30026,,3,0,15,
5673,10/09/2022,192000,367200,0,2,1,50,57,1,0,14437,14271,3,0,10,
5674,03/08/2023,200000,289000,0,1,1,35,20,0,1,12350,8323,2,0,10,
5675,04/03/2023,368000,587500,0,2,1,50,56,1,0,14762,35812,2,0,13,
5676,25/08/2022,86000,197300,0,1,1,51,39,1,0,9101,10899,,0,89,
5677,15/08/2023,109000,199500,0,1,0,29,,1,,24316,,2,0,71,
5678,27/11/2022,277000,555600,0,2,1,56,51,1,0,32807,8183,3,0,77,18/12/2022
5679,21/08/2022,360000,605800,,0,1,68,54,1,0,10623,51775,2,0,79,
5680,04/05/2022,52000,90300,0,0,1,34,63,0,1,12503,7497,2,0,80,
5681,07/02/2024,105000,152500,0,,0,43,,0,,20000,,2,0,219,07/03/2024
5682,01/01/2022,70000,92900,,2,0,25,,1,,20000,,,2,35,
5683,14/05/2022,90000,199400,0,2,1,44,40,1,1,9493,10507,0,0,174,
5684,22/03/2023,86000,125900,0,1,0,38,,0,,20000,,2,0,51,18/04/2023
5685,28/01/2023,378000,534900,0,1,0,70,,0,,58871,,2,1,223,08/03/2023
5686,12/01/2024,220000,343300,0,0,0,50,,0,,25376,,2,1,81,28/01/2024
5687,30/05/2022,139000,154100,0,1,0,35,,1,,20000,,2,0,70,
5688,14/12/2021,153000,230100,0,0,1,62,43,1,0,8275,14859,2,0,33,
5689,01/11/2022,195000,352900,0,0,0,28,,0,,34245,,3,0,2,
5690,21/06/2022,295000,568900,0,2,0,30,,0,,45373,,2,1,209,
5691,31/03/2023,244000,419000,0,1,1,63,39,1,1,25378,7981,2,0,12,
5692,14/11/2022,246000,311800,0,1,0,32,,1,,32907,,2,1,12,
5693,21/03/2022,109000,151400,0,1,1,46,38,0,1,6763,13237,2,0,92,
5694,01/11/2023,84000,197200,0,0,0,48,,1,,20000,,0,0,59,
5695,04/03/2024,109000,208500,0,1,0,36,,1,,20000,,1,1,85,19/03/2024
5696,22/08/2022,130000,201100,0,0,0,43,,1,,20000,,0,0,80,
5697,02/04/2023,449000,553400,0,2,1,19,20,1,0,24409,26643,3,0,51,14/05/2023
5698,20/08/2024,310000,377900,0,2,0,47,,0,,31659,,2,0,5,
5699,08/04/2022,69000,108800,0,1,0,43,,1,,20000,,2,0,62,
5700,03/04/2024,347000,501000,2,1,0,59,,0,,43914,,2,0,13,02/05/2024
5701,09/08/2023,154000,300900,0,0,0,54,,0,,34182,,3,0,61,
5702,30/07/2024,200000,239600,0,2,0,53,,1,,24555,,3,0,3,
5703,31/03/2023,393000,578600,0,2,0,40,,0,,48760,,3,0,59,
5704,14/08/2022,161000,209900,0,0,0,46,,0,,30110,,1,0,12,
5705,11/10/2022,211000,250600,,1,0,32,,1,,21680,,2,0,57,
5706,04/07/2023,99000,178600,2,0,0,22,,0,,20000,,2,0,5,
5707,31/07/2024,141000,196600,2,2,0,75,,0,,20790,,0,0,72,16/08/2024
5708,28/06/2023,318000,431000,0,1,1,29,60,1,0,11606,35702,3,0,53,
5709,29/01/2024,146000,242000,0,2,0,60,,0,,27394,,3,1,81,
5710,01/04/2022,133000,234700,0,2,0,54,,1,,27456,,2,0,76,12/04/2022
5711,31/01/2024,143000,181500,0,2,1,26,18,1,0,14598,12847,3,0,1,04/03/2024
5712,22/01/2022,108000,205900,2,1,0,52,,1,,20000,,1,0,258,
5713,18/08/2022,321000,472300,0,1,0,29,,0,,42950,,2,2,40,14/09/2022
5714,19/08/2024,412000,522800,,2,0,66,,0,,44805,,2,,11,
5715,03/09/2022,153000,259500,0,1,0,44,,0,,31318,,,0,28,23/09/2022
5716,15/02/2023,198000,283400,0,1,0,51,,1,,27411,,2,1,64,21/03/2023
5717,08/08/2023,228000,297600,0,1,0,55,,0,,21876,,3,0,75,
5718,28/08/2024,566000,920400,0,2,0,22,,0,,71087,,2,0,195,
5719,14/11/2021,139000,222200,0,1,1,30,37,1,0,11674,8326,2,,55,16/12/2021
5720,16/08/2024,187000,366600,0,0,1,45,22,1,0,15901,18952,2,2,157,
5721,23/04/2022,114000,198300,0,,0,44,,0,,20000,,1,0,,30/05/2022
5722,04/11/2023,56000,351800,0,1,1,55,75,1,0,15439,18776,2,0,87,
5723,23/08/2022,132000,200900,0,2,0,46,,0,,20000,,1,0,11,
5724,18/05/2024,148000,196000,1,2,0,57,,0,,22543,,0,0,42,02/06/2024
5725,27/09/2023,337000,509700,3,1,1,20,19,0,1,43554,18449,2,2,10,30/10/2023
5726,04/03/2024,325000,577800,3,1,0,75,,0,,45696,,2,0,30,27/03/2024
5727,28/11/2021,278000,378900,0,,0,56,,0,,28647,,3,0,212,16/01/2022
5728,23/01/2023,361000,518500,0,1,0,22,,0,,60860,,3,0,57,
5729,01/09/2024,391000,536100,0,1,0,71,,0,,63345,,2,0,14,
5730,12/01/2022,215000,390800,2,1,0,74,,1,,59395,,2,0,77,30/01/2022
5731,17/01/2024,148000,405000,0,2,0,74,,0,,34633,,2,0,38,14/02/2024
5732,19/08/2024,260000,464800,0,,0,34,,0,,56287,,2,0,73,
5733,09/06/2024,116000,195400,0,1,1,48,50,1,0,18386,3110,0,,58,
5734,26/01/2023,130000,284800,0,1,1,63,23,0,1,18763,7492,3,1,46,06/02/2023
5735,30/08/2023,73000,130100,0,2,1,44,45,1,0,7923,12077,2,2,74,21/09/2023
5736,19/08/2022,206000,350300,0,2,0,37,,0,,33602,,3,1,6,29/08/2022
5737,17/01/2023,585000,1091200,0,1,0,62,,1,,79077,,3,,75,02/02/2023
5738,20/06/2022,251000,422200,0,2,0,41,,0,,50290,,2,0,0,
5739,06/09/2022,179000,342000,0,1,1,56,39,0,0,17370,7966,3,0,4,
5740,27/08/2022,204000,384500,0,1,1,49,52,0,0,21486,18694,2,0,79,
5741,27/12/2023,186000,261500,0,2,1,45,44,0,1,13968,10078,3,1,6,
5742,27/04/2023,129000,187300,0,2,1,58,47,0,1,12081,7919,2,0,68,
5743,02/04/2023,251000,351200,0,1,0,41,,1,,36511,,3,0,179,
5744,13/07/2024,182000,289600,2,2,0,48,,1,,24576,,2,0,210,
5745,15/04/2024,452000,736600,3,2,1,69,63,1,0,52706,19220,3,0,47,17/05/2024
5746,14/12/2021,456000,743400,0,2,0,39,,0,,55011,,3,0,16,
5747,24/10/2021,314000,496900,0,2,1,44,18,1,0,35072,17033,3,0,212,25/11/2021
5748,26/03/2024,110000,184400,0,1,1,51,37,1,0,6892,13108,2,,67,24/04/2024
5749,19/08/2024,142000,185500,1,2,0,42,,0,,20000,,2,0,81,
5750,12/02/2023,154000,246700,0,1,0,42,,0,,24333,,3,0,189,
5751,13/08/2024,60000,96900,0,1,0,51,,0,,20000,,2,0,83,
5752,22/02/2022,297000,501200,,0,0,18,,1,,66550,,3,0,46,
5753,08/03/2022,133000,193800,0,2,0,44,,1,,20000,,2,2,14,
5754,19/12/2021,60000,71900,0,1,1,18,43,1,0,11642,8358,2,0,88,04/01/2022
5755,11/08/2023,152000,276300,0,1,0,54,,0,,25736,,3,0,14,
5756,16/05/2023,101000,201300,0,2,0,51,,1,,20000,,2,0,3,
5757,10/06/2023,94000,126900,2,2,1,68,46,0,1,16076,3924,2,0,228,12/07/2023
5758,28/02/2022,92000,205600,0,0,0,35,,1,,20000,,1,0,196,
5759,16/08/2022,230000,304700,0,2,1,18,64,0,1,11539,14065,2,1,47,
5760,08/12/2022,67000,85200,0,1,1,29,41,0,1,6465,13535,2,0,83,13/01/2023
5761,10/06/2022,86000,202600,0,1,0,23,,0,,20000,,2,0,2,
5762,26/08/2024,174000,447200,0,0,1,30,33,1,0,29513,13522,2,0,84,
5763,03/06/2022,273000,437600,3,1,0,75,,0,,57905,,3,0,160,08/07/2022
5764,27/10/2023,57000,155600,0,1,1,41,36,1,0,13825,6175,3,1,50,
5765,08/03/2024,91000,160000,3,1,0,29,,1,,22820,,2,0,,
5766,16/11/2021,224000,342400,2,,0,37,,0,,38886,,2,0,281,
5767,16/04/2022,139000,381700,0,2,0,42,,1,,34616,,3,0,2,15/04/2022
5768,25/01/2023,197000,324900,0,0,0,59,,0,,27763,,2,0,77,
5769,06/01/2022,87000,164800,0,2,0,42,,1,,20000,,2,2,60,16/01/2022
5770,26/08/2024,46000,87400,0,1,0,30,,0,,20000,,2,0,83,
5771,01/09/2024,141000,204700,3,1,1,31,54,0,1,10854,9146,1,0,93,
5772,27/04/2023,326000,438000,0,2,1,57,25,1,0,34529,9828,2,0,5,
5773,21/12/2023,468000,627300,0,2,0,55,,1,,53330,,2,1,186,06/02/2024
5774,25/01/2023,52000,82600,0,1,1,44,53,1,0,6714,13286,,1,53,14/02/2023
5775,02/09/2023,120000,202100,0,0,1,63,75,1,0,6470,17579,1,0,7,
5776,08/09/2022,411000,662600,0,2,1,37,56,0,1,23061,30870,2,0,11,
5777,16/07/2022,60000,84700,0,2,1,48,67,1,0,7806,12194,2,1,54,
5778,25/08/2022,25000,45500,0,1,1,45,37,1,0,14439,5561,2,1,251,18/09/2022
5779,15/04/2022,166000,276500,0,0,1,40,50,1,0,17096,9215,3,0,,
5780,27/08/2022,143000,193100,0,1,0,65,,0,,20000,,0,,19,06/10/2022
5781,09/06/2023,310000,376600,0,2,0,55,,0,,25304,,2,0,258,12/07/2023
5782,09/09/2021,255000,417600,0,1,0,59,,0,,44662,,2,0,225,
5783,06/11/2023,223000,390200,0,,0,66,,0,,37933,,3,0,17,08/11/2023
5784,07/10/2021,122000,206600,2,1,0,66,,0,,20000,,0,1,33,
5785,26/08/2022,65000,103900,0,2,0,19,,1,,20000,,2,0,245,15/10/2022
5786,26/03/2023,82000,182100,0,2,0,52,,1,,20000,,3,0,79,
5787,29/08/2024,81000,118800,0,1,0,46,,1,,20000,,3,1,2,
5788,10/07/2024,143000,244500,0,2,1,65,34,1,0,8766,11234,3,0,176,29/08/2024
5789,01/04/2023,210000,593200,0,0,0,60,,0,,48648,,2,0,89,15/04/2023
5790,30/08/2022,496000,572100,0,1,1,18,43,0,1,16656,29937,3,0,35,
5791,05/02/2022,41000,74000,0,2,0,43,,0,,20000,,2,,54,25/02/2022
5792,09/08/2024,109000,199700,0,1,0,39,,0,,21993,,,1,,
5793,07/06/2022,41000,76700,0,2,1,27,75,1,1,7309,12691,2,0,51,
5794,12/11/2023,164000,238600,0,2,1,43,18,0,1,16707,4701,3,0,38,
5795,11/08/2024,323000,556500,0,1,0,64,,0,,40951,,3,0,53,
5796,28/02/2023,166000,335500,0,2,0,33,,1,,27635,,,0,81,15/03/2023
5797,26/08/2022,46000,72900,,2,0,40,,1,,20000,,3,2,32,
5798,20/02/2022,157000,197700,0,1,0,45,,1,,20000,,2,0,7,
5799,02/03/2024,172000,246900,0,2,0,60,,1,,23837,,2,0,220,08/04/2024
5800,10/10/2023,26000,37900,0,1,0,50,,1,,20000,,2,1,216,
5801,05/05/2024,395000,568500,0,1,1,60,52,1,0,35981,29854,,0,55,09/06/2024
5802,12/03/2023,74000,139400,0,2,1,53,34,1,1,10897,9103,3,0,82,
5803,05/10/2023,321000,624800,2,,1,49,31,0,1,45525,26259,2,0,53,
5804,06/11/2021,178000,257700,0,1,1,43,62,0,1,12837,12241,2,0,53,28/11/2021
5805,27/12/2022,111000,200000,,1,0,41,,1,,21353,,1,0,72,
5806,31/10/2022,362000,563700,0,1,1,43,37,1,0,33961,14308,2,0,,
5807,03/04/2023,250000,345100,0,0,0,55,,1,,34276,,3,1,82,
5808,02/04/2024,178000,301100,2,1,0,45,,0,,29101,,2,1,88,
5809,18/02/2023,118000,196000,0,,1,36,64,0,1,9656,10344,2,1,11,
5810,07/03/2022,179000,286500,0,2,1,18,61,0,0,18847,10548,2,0,13,19/04/2022
5811,07/08/2022,67000,95800,0,2,0,75,,1,,20000,,2,0,52,
5812,05/09/2022,210000,502800,0,1,0,19,,0,,37496,,2,0,,28/08/2022
5813,14/06/2022,104000,206200,2,0,1,44,40,0,1,13719,8276,1,2,69,
5814,19/03/2022,49000,93400,0,1,1,34,18,1,0,8784,11216,2,0,4,23/03/2022
5815,14/07/2023,69000,98300,0,1,1,18,33,0,1,7812,12188,2,0,39,11/08/2023
5816,15/04/2022,112000,208600,0,,0,52,,0,,20000,,2,0,48,
5817,23/07/2022,119000,403700,2,1,0,32,,1,,24529,,3,0,74,
5818,23/11/2023,48000,93500,0,2,0,57,,0,,20000,,2,0,41,
5819,19/12/2022,317000,484800,3,1,0,34,,0,,46265,,2,0,71,
5820,22/02/2024,134000,256600,0,2,0,50,,1,,23293,,2,0,81,
5821,27/08/2023,82000,208900,0,1,0,48,,0,,20000,,1,0,208,10/09/2023
5822,24/10/2023,59000,118900,0,2,0,68,,1,,21104,,2,0,82,
5823,25/03/2022,224000,496700,0,2,1,67,30,1,0,22504,31994,3,0,90,12/04/2022
5824,22/02/2024,173000,260700,0,1,1,44,36,1,0,17666,10900,3,0,162,
5825,03/08/2024,84000,161300,1,1,1,30,38,0,1,11073,8927,2,2,75,
5826,07/03/2024,98000,188200,2,1,1,34,43,0,0,9461,10539,2,2,180,
5827,20/08/2023,204000,260600,2,2,1,59,66,1,0,8914,11111,2,0,17,
5828,14/08/2022,90000,237100,0,,0,49,,0,,20000,,2,0,205,
5829,09/08/2022,84000,151200,2,2,0,75,,1,,20000,,3,0,,03/09/2022
5830,09/08/2023,67000,109700,0,1,0,54,,0,,20000,,2,2,81,08/09/2023
5831,27/09/2022,256000,427000,0,2,1,41,60,0,1,27556,27885,2,0,56,
5832,16/08/2023,158000,365600,,1,1,39,35,0,1,18617,16907,3,0,12,
5833,04/09/2023,113000,241300,0,0,1,61,34,0,0,17761,9716,2,0,38,
5834,27/08/2024,160000,284000,0,1,0,30,,1,,24166,,3,0,11,
5835,16/09/2021,112000,213000,,1,0,19,,0,,20000,,1,0,258,
5836,14/03/2023,111000,200300,0,1,0,50,,1,,20131,,1,0,11,
5837,03/09/2021,248000,376200,0,2,0,51,,1,,30410,,3,0,223,01/10/2021
5838,25/08/2024,211000,317800,0,1,0,31,,1,,30671,,3,2,211,
5839,16/09/2021,96000,207900,0,1,0,60,,0,,26919,,1,0,85,
5840,28/08/2024,322000,649200,0,2,0,46,,0,,51828,,,2,82,
5841,20/08/2024,139000,211800,0,1,0,30,,1,,20000,,3,1,85,
5842,14/08/2023,216000,292700,0,1,1,64,36,1,0,13593,15675,2,1,65,
5843,15/03/2023,122000,181100,0,2,0,37,,0,,20000,,2,0,71,
5844,10/08/2022,215000,273800,0,1,1,34,63,1,0,22249,6941,2,0,56,
5845,11/02/2023,168000,264600,0,2,1,19,18,0,0,11429,16228,3,0,15,
5846,12/09/2021,86000,154100,0,0,0,38,,1,,20000,,2,0,145,
5847,20/04/2023,165000,201700,0,1,0,42,,1,,20000,,0,0,33,
5848,05/08/2024,159000,210000,0,2,1,31,40,1,0,7865,12745,1,1,38,
5849,10/09/2022,145000,206000,0,0,1,38,50,1,0,12861,7533,3,0,36,
5850,11/02/2023,283000,412700,0,1,0,52,,0,,38457,,3,,87,
5851,16/05/2024,197000,665500,0,1,1,28,47,1,0,21439,39702,3,0,65,
5852,29/04/2022,123000,179000,0,2,1,45,37,1,0,12595,7405,2,1,15,
5853,11/08/2022,399000,580200,0,1,0,37,,0,,51022,,3,0,6,
5854,28/08/2022,86000,122900,0,1,1,47,53,1,0,17031,2969,2,1,50,
5855,09/09/2021,132000,358400,0,1,1,20,40,0,1,19624,17785,2,0,3,
5856,27/04/2022,102000,168300,0,1,0,57,,1,,20000,,2,0,80,17/05/2022
5857,31/01/2024,75000,204600,0,1,0,60,,0,,20000,,1,0,,
5858,29/08/2022,82000,127200,0,1,1,44,38,0,1,10580,9420,2,0,3,
5859,17/03/2023,62000,167000,0,2,0,46,,0,,20000,,2,1,76,
5860,30/08/2024,255000,374200,,1,1,25,44,0,0,21205,6728,,2,0,
5861,07/04/2024,269000,421800,0,1,0,57,,0,,35998,,3,2,83,07/05/2024
5862,17/01/2022,171000,227700,0,1,0,42,,0,,25226,,3,1,51,
5863,01/04/2022,208000,479900,0,2,1,43,62,1,0,27249,22145,3,2,8,
5864,22/07/2022,46000,107700,0,1,1,35,49,1,0,8671,11329,2,0,87,04/08/2022
5865,30/09/2022,104000,206700,0,0,1,52,46,1,0,9014,12627,1,0,177,
5866,22/04/2023,66000,114500,3,1,0,67,,1,,20000,,2,2,60,
5867,01/01/2024,246000,455200,1,1,1,62,37,1,1,20360,14970,3,0,,13/02/2024
5868,26/04/2023,396000,678600,0,1,0,36,,0,,72053,,2,0,77,21/05/2023
5869,18/02/2024,62000,113500,0,2,0,57,,1,,20000,,2,2,5,03/03/2024
5870,30/09/2023,107000,138900,0,1,0,47,,1,,20000,,2,1,243,
5871,31/08/2022,170000,273900,0,1,1,44,39,0,1,8348,11652,2,0,88,
5872,27/02/2024,591000,844900,0,,1,40,58,0,1,54593,27309,,2,235,
5873,03/09/2021,56000,73800,0,1,1,75,44,0,1,15300,4700,2,0,59,21/09/2021
5874,11/04/2024,47000,70400,0,2,0,44,,0,,20000,,2,0,76,23/04/2024
5875,01/07/2022,109000,141000,0,,0,72,,0,,20000,,3,0,13,
5876,23/04/2024,218000,300100,0,0,1,44,75,1,0,10945,10665,3,0,63,
5877,14/04/2024,355000,430400,0,2,1,44,65,1,0,20037,17728,3,1,70,28/05/2024
5878,17/11/2021,149000,224200,0,0,1,42,60,1,0,11294,8706,3,0,190,14/01/2022
5879,03/10/2023,116000,170200,0,1,1,43,18,0,1,12289,7711,2,1,170,
5880,06/04/2024,129000,203900,0,2,0,63,,0,,20000,,,0,80,
5881,06/02/2024,80000,163100,0,2,1,34,37,0,1,11929,8071,2,0,87,
5882,07/08/2024,53000,103200,0,1,1,48,53,1,0,6414,13586,2,0,,28/08/2024
5883,18/02/2022,695000,1123000,3,1,1,52,46,0,1,37581,85553,2,0,71,
5884,10/09/2021,159000,205600,0,1,0,54,,0,,20807,,1,0,92,
5885,16/08/2024,114000,263100,0,1,1,50,51,0,1,11677,14284,2,0,6,
5886,06/12/2022,304000,497100,0,1,1,28,43,1,1,15044,24616,3,0,178,27/01/2023
5887,10/10/2021,394000,534000,0,1,1,18,33,1,0,23136,26953,3,0,8,
5888,07/02/2023,299000,618200,0,2,1,41,23,1,0,36364,42301,2,1,260,
5889,12/08/2022,154000,208500,0,1,0,26,,0,,20000,,,0,14,
5890,21/03/2023,22000,31500,0,0,0,45,,0,,20000,,,0,15,
5891,18/08/2024,637000,1075900,2,1,0,36,,1,,127653,,2,0,248,
5892,03/06/2024,209000,336700,0,2,1,48,63,0,1,17885,21943,3,0,15,29/06/2024
5893,14/03/2023,147000,190100,0,2,1,30,50,1,1,8900,11100,0,0,17,13/04/2023
5894,30/07/2023,192000,299600,3,1,0,75,,1,,24563,,2,0,52,
5895,10/04/2024,108000,173200,0,1,0,37,,0,,20000,,3,,12,
5896,12/04/2022,133000,197900,0,0,1,50,51,1,1,8176,11824,0,2,67,26/05/2022
5897,10/06/2022,343000,571000,0,,0,33,,1,,51504,,3,0,77,
5898,09/06/2022,20000,35900,0,0,0,33,,1,,20000,,2,0,84,
5899,11/09/2021,122000,198700,0,1,0,45,,0,,20000,,1,0,48,
5900,26/03/2023,130000,194100,0,1,1,42,35,1,1,7261,12739,2,0,76,
5901,07/07/2022,88000,199200,0,1,0,18,,1,,21814,,0,0,4,
5902,16/04/2023,172000,199300,2,0,1,60,37,0,1,8829,11171,0,0,50,
5903,03/10/2022,421000,787100,0,1,1,43,68,0,1,56708,48010,2,0,72,
5904,12/06/2024,404000,608000,0,1,1,18,53,0,1,21927,27690,3,0,62,
5905,29/08/2024,168000,209100,3,2,0,52,,0,,21473,,1,0,200,
5906,15/05/2022,263000,376300,0,2,1,28,53,0,1,11376,14568,3,0,69,
5907,15/08/2024,83000,124800,0,2,0,41,,1,,20000,,2,0,10,
5908,26/05/2022,91000,195700,0,0,1,21,25,0,1,12657,7343,2,0,17,
5909,01/09/2023,168000,305700,1,1,1,42,69,0,0,14703,19386,3,,17,
5910,29/06/2022,235000,350200,0,1,1,46,28,1,0,7656,30172,2,0,74,
5911,19/08/2023,217000,312200,0,1,1,36,27,1,0,12830,15368,2,2,53,
5912,02/08/2022,63000,156400,0,0,0,18,,0,,20000,,2,0,191,14/08/2022
5913,27/08/2023,97000,192100,0,1,0,18,,0,,20000,,2,1,,21/08/2023
5914,29/03/2024,51000,141900,0,2,0,44,,1,,20000,,3,0,80,
5915,10/02/2024,463000,853100,0,1,0,26,,0,,73511,,2,0,18,
5916,13/02/2023,152000,241100,0,2,0,42,,1,,32512,,2,2,216,
5917,13/06/2024,118000,201100,0,2,0,56,,1,,22100,,1,1,,
5918,08/02/2023,337000,592800,0,2,0,61,,1,,52571,,2,0,74,
5919,30/08/2023,262000,398300,0,1,0,44,,0,,27786,,3,0,58,
5920,04/06/2024,165000,275300,0,1,1,37,58,0,1,4140,21194,2,0,231,
5921,20/07/2023,525000,767800,0,1,0,51,,1,,58679,,3,1,271,
5922,13/03/2024,117000,196500,0,,0,59,,1,,20000,,0,1,93,
5923,12/08/2024,282000,581500,0,1,0,58,,0,,77700,,3,0,83,
5924,18/03/2023,14000,33600,0,1,0,23,,0,,20000,,2,0,14,
5925,02/08/2024,167000,264400,0,2,1,43,49,1,0,7774,12976,,0,15,
5926,12/08/2022,94000,127200,0,1,0,48,,0,,20000,,3,0,174,14/09/2022
5927,09/09/2022,145000,225700,0,1,1,52,54,0,1,6178,14748,3,0,125,14/11/2022
5928,03/05/2022,493000,727300,0,0,0,75,,1,,65102,,2,0,208,
5929,25/06/2024,40000,83300,0,1,0,75,,1,,20000,,,0,86,22/07/2024
5930,22/08/2024,85000,210200,3,2,0,65,,1,,20000,,1,0,54,
5931,04/09/2022,315000,364600,0,1,1,55,55,0,1,18388,4270,2,1,34,
5932,20/07/2023,247000,323200,0,1,1,57,32,0,1,8428,18276,2,2,13,07/09/2023
5933,17/09/2023,271000,350700,0,2,1,38,75,1,0,14999,20407,2,1,75,
5934,29/10/2021,137000,215000,0,2,0,41,,1,,24120,,,0,204,11/12/2021
5935,13/08/2024,115000,206100,3,,1,41,58,0,1,15031,4969,1,1,83,
5936,28/06/2024,371000,606900,0,1,1,50,46,1,0,22023,27759,3,0,85,
5937,02/04/2024,328000,577600,0,0,0,48,,1,,49864,,2,2,39,
5938,16/09/2023,59000,124300,0,2,0,59,,1,,20000,,2,0,7,
5939,13/08/2024,86000,153200,0,1,1,18,44,1,0,6682,13318,3,,182,
5940,18/04/2024,207000,397800,0,1,0,51,,0,,32872,,2,2,57,15/05/2024
5941,25/04/2024,105000,211500,0,2,0,18,,0,,24837,,3,0,12,25/04/2024
5942,10/09/2023,105000,220200,0,1,0,61,,1,,20000,,3,0,132,
5943,14/08/2024,144000,205400,0,0,1,70,68,1,0,5524,14476,1,,196,
5944,22/06/2022,137000,204700,0,1,0,57,,0,,20000,,1,0,39,
5945,10/02/2024,252000,306700,0,1,0,43,,0,,29106,,3,1,190,
5946,29/04/2024,161000,261500,0,1,1,54,40,1,0,7163,12837,2,0,8,26/05/2024
5947,22/06/2023,181000,291900,0,1,0,52,,0,,41337,,3,0,16,
5948,16/04/2022,215000,321600,0,0,0,51,,1,,38961,,2,1,,
5949,27/10/2021,266000,443000,0,2,1,65,28,0,1,20017,24436,2,0,12,
5950,22/06/2022,56000,83400,0,1,0,56,,1,,20000,,2,0,6,
5951,23/05/2023,94000,211000,0,1,1,56,39,1,0,9676,10324,1,0,78,24/06/2023
5952,22/03/2022,338000,471400,0,1,0,53,,0,,44143,,2,0,196,
5953,09/09/2023,194000,331200,0,1,1,75,61,0,1,13192,9211,2,0,34,
5954,06/09/2021,112000,225500,0,1,0,43,,1,,31930,,2,0,,
5955,17/08/2023,90000,184400,0,1,1,51,40,0,1,6397,13603,2,1,63,18/09/2023
5956,29/12/2021,571000,756800,0,0,0,28,,1,,70214,,2,0,,
5957,21/07/2022,48000,130600,0,2,1,42,72,1,0,12049,7951,2,0,146,
5958,16/05/2022,248000,308900,0,0,0,32,,0,,20000,,2,0,0,
5959,09/08/2023,137000,214100,3,0,0,32,,1,,20392,,1,2,233,
5960,05/09/2022,76000,98500,0,1,1,47,58,1,0,12296,7704,2,,66,
5961,21/05/2023,157000,209100,3,2,0,58,,1,,21696,,1,1,86,
5962,15/07/2024,134000,193300,1,1,0,41,,0,,20000,,3,0,17,05/08/2024
5963,07/02/2023,68000,110800,0,1,1,26,58,0,1,8598,11402,3,0,91,
5964,05/09/2023,145000,205800,0,0,0,70,,0,,20000,,1,0,12,
5965,29/12/2023,69000,204300,0,2,0,68,,0,,20000,,1,0,77,29/01/2024
5966,07/03/2023,151000,217400,0,2,0,27,,1,,21509,,2,0,160,
5967,12/08/2024,159000,235600,0,,0,27,,0,,21282,,3,0,195,
5968,12/05/2024,344000,540800,0,2,1,38,66,1,0,37247,8365,2,0,229,12/06/2024
5969,30/11/2021,104000,197400,1,2,0,43,,1,,21708,,0,0,54,11/01/2022
5970,25/02/2023,132000,202500,0,2,0,30,,0,,20000,,0,0,61,
5971,26/07/2023,151000,305400,0,1,0,42,,0,,24578,,2,0,,25/08/2023
5972,04/06/2024,134000,277600,2,1,0,57,,1,,30523,,2,0,61,
5973,17/11/2023,58000,171100,0,2,1,68,31,1,0,11293,8707,2,0,8,
5974,11/09/2021,96000,128000,0,2,1,66,60,0,1,13451,6549,2,1,19,
5975,12/05/2023,200000,231200,0,,0,43,,1,,20000,,3,0,2,
5976,16/02/2023,394000,744700,0,1,0,55,,1,,59248,,2,0,49,
5977,09/08/2024,88000,161700,0,1,0,58,,1,,20000,,3,2,11,
5978,14/08/2024,115000,203300,1,2,1,58,49,1,0,9313,10687,2,0,149,
5979,10/08/2022,146000,194600,0,0,0,70,,0,,20000,,2,1,45,
5980,11/03/2023,159000,210100,3,1,1,46,75,1,0,10215,9785,1,2,4,
5981,10/03/2024,104000,262600,0,1,0,39,,1,,20000,,2,0,79,
5982,07/09/2022,138000,199100,0,1,1,32,20,1,1,8594,11406,0,1,193,
5983,16/03/2022,199000,338200,0,1,0,62,,0,,25345,,,2,236,
5984,10/02/2024,188000,245300,0,1,0,40,,1,,20000,,2,0,244,
5985,14/06/2022,162000,189200,0,1,1,53,22,0,0,10658,9477,3,1,77,
5986,12/04/2023,126000,189800,0,1,0,32,,0,,20000,,2,0,20,
5987,04/09/2021,313000,540400,0,1,0,71,,0,,42377,,2,2,49,12/10/2021
5988,09/08/2023,46000,59600,0,1,0,37,,1,,20000,,2,1,57,
5989,26/01/2024,349000,841300,,2,0,38,,0,,86598,,3,1,60,
5990,04/08/2022,72000,228100,0,0,0,39,,0,,20000,,2,,5,
5991,25/08/2022,287000,349700,0,2,1,38,42,1,1,17481,14206,2,0,,17/09/2022
5992,12/08/2022,173000,451000,,1,1,48,29,0,1,13807,18086,2,2,26,07/09/2022
5993,18/12/2021,337000,520400,0,1,1,25,64,1,0,48632,37614,3,0,28,
5994,24/08/2022,84000,161500,0,1,0,43,,0,,20000,,2,0,10,13/09/2022
5995,04/06/2024,120000,196100,2,0,0,33,,0,,27665,,2,1,16,26/06/2024
5996,06/11/2022,194000,295500,0,1,0,44,,1,,28496,,2,0,57,19/11/2022
5997,12/04/2022,54000,93300,0,1,0,71,,0,,20000,,2,0,14,
5998,07/09/2023,255000,362100,0,1,0,31,,1,,29285,,2,0,72,
5999,25/08/2023,108000,223600,0,2,0,65,,0,,20000,,3,0,212,
6000,25/08/2023,162000,204800,,1,1,51,59,0,1,9531,10469,2,2,60,
6001,06/01/2024,119000,208700,0,2,1,40,50,1,0,10654,9346,,0,66,11/02/2024
6002,27/06/2024,117000,206900,,1,0,46,,1,,22979,,1,0,152,04/07/2024
6003,18/03/2022,212000,385500,0,1,0,50,,0,,40590,,3,1,13,10/04/2022
6004,11/09/2022,142000,179900,0,1,0,35,,0,,20000,,3,1,12,
6005,20/02/2022,108000,347500,0,1,0,30,,1,,33866,,3,0,76,
6006,23/01/2024,177000,359900,0,2,0,49,,0,,47264,,2,1,225,
6007,11/11/2021,261000,385700,,2,0,30,,0,,35767,,,0,38,
6008,03/04/2024,167000,245700,3,1,1,33,48,1,0,16562,5963,2,0,40,22/04/2024
6009,12/09/2023,108000,205500,0,2,0,57,,0,,20000,,1,0,192,
6010,20/04/2023,65000,160700,0,1,0,36,,0,,20000,,2,0,85,20/04/2023
6011,20/06/2023,105000,218800,3,1,0,32,,0,,20000,,2,0,192,
6012,31/08/2024,499000,714600,0,1,0,71,,1,,71282,,2,0,,
6013,21/10/2021,938000,1586800,0,1,0,30,,1,,123114,,,0,16,
6014,11/08/2024,209000,276400,0,1,0,54,,0,,33963,,2,2,70,
6015,07/01/2023,259000,390500,0,0,0,55,,1,,50480,,3,0,16,14/02/2023
6016,05/05/2022,365000,573100,0,0,0,55,,1,,57455,,3,0,74,
6017,19/02/2023,210000,251600,0,2,0,49,,1,,23345,,2,2,55,
6018,06/01/2022,151000,204100,0,1,1,18,49,0,1,11050,9170,0,2,77,
6019,11/06/2023,124000,202600,0,2,1,45,35,0,1,14832,5168,0,0,197,
6020,18/02/2022,366000,654500,0,1,0,29,,0,,50220,,2,0,14,01/03/2022
6021,11/08/2024,151000,253900,0,1,1,31,24,1,0,15705,10752,3,0,72,
6022,12/04/2023,130000,330100,0,2,0,43,,1,,28981,,2,,13,
6023,10/08/2022,127000,210100,0,1,0,65,,1,,25426,,1,1,74,
6024,25/04/2024,49000,98900,0,0,0,59,,0,,20000,,2,0,31,
6025,06/11/2021,91000,172900,3,1,0,32,,1,,20000,,2,0,66,
6026,20/06/2022,89000,193500,0,2,1,18,70,1,1,9364,12522,2,0,88,
6027,17/04/2024,202000,345200,2,2,1,29,75,0,1,11113,13114,2,1,250,
6028,12/02/2022,80000,105400,0,2,1,35,49,1,0,10518,9482,2,,15,
6029,21/07/2022,363000,487600,0,2,0,38,,0,,51333,,2,1,7,
6030,27/03/2022,59000,145500,0,2,0,24,,0,,20000,,3,1,52,
6031,05/09/2021,39000,47500,0,1,0,38,,1,,20000,,3,1,35,
6032,07/09/2022,688000,928500,3,1,0,22,,1,,94166,,3,0,77,
6033,16/03/2022,58000,183200,0,0,0,60,,0,,20000,,2,0,74,
6034,05/09/2022,441000,842700,0,1,0,32,,1,,58748,,2,0,53,
6035,20/03/2022,200000,297300,0,,1,18,48,0,1,22332,7244,,0,80,10/04/2022
6036,16/12/2021,212000,472900,0,1,0,49,,1,,42128,,2,2,84,
6037,21/10/2021,138000,197400,2,0,0,51,,1,,20000,,3,0,9,
6038,19/08/2024,104000,244100,0,0,1,55,53,0,1,8914,14135,2,0,207,
6039,14/05/2024,141000,218000,0,2,1,60,51,1,0,9097,12549,1,1,36,20/06/2024
6040,09/12/2023,376000,924900,0,1,0,26,,0,,131476,,2,0,72,
6041,06/10/2023,101000,177300,0,1,0,75,,1,,20000,,3,2,91,28/10/2023
6042,02/03/2022,126000,185000,0,2,0,66,,1,,20000,,3,0,76,
6043,28/03/2024,100000,166700,0,2,0,64,,1,,20000,,2,2,67,
6044,19/09/2023,409000,594600,0,1,0,35,,0,,52309,,3,0,54,
6045,11/09/2021,135000,309100,0,0,0,39,,1,,27068,,2,2,81,16/09/2021
6046,08/04/2023,109000,151600,2,1,1,44,23,0,1,12054,7946,3,1,0,
6047,25/08/2023,156000,210900,0,1,0,56,,0,,20000,,1,0,13,
6048,18/03/2023,294000,658900,,1,0,20,,1,,57117,,3,0,155,
6049,10/01/2024,78000,166000,0,1,0,30,,0,,20000,,2,2,11,
6050,25/02/2024,36000,76400,0,2,0,25,,0,,20000,,2,2,45,
6051,05/08/2024,493000,667400,0,1,0,75,,1,,50227,,2,0,56,
6052,16/08/2022,134000,205100,0,1,0,19,,0,,20000,,0,0,70,
6053,20/08/2022,169000,254200,0,1,1,50,72,1,0,17086,8348,2,1,6,
6054,22/05/2023,47000,91900,0,1,0,51,,0,,20000,,2,0,212,
6055,10/04/2023,124000,198300,0,2,0,62,,0,,21931,,0,0,155,18/05/2023
6056,11/02/2023,514000,749900,0,1,0,30,,1,,66614,,3,2,50,04/03/2023
6057,04/05/2022,114000,323000,2,1,1,20,60,0,0,13910,19417,2,2,54,
6058,28/01/2022,151000,221000,0,2,1,27,74,1,0,12930,7070,2,0,10,20/02/2022
6059,24/08/2022,77000,132300,0,1,0,50,,1,,20000,,2,1,207,
6060,09/08/2022,107000,208000,0,1,1,28,26,1,0,5435,14565,1,0,205,
6061,21/12/2023,443000,819200,0,1,0,60,,0,,72560,,2,0,5,26/12/2023
6062,25/09/2022,278000,744900,0,2,0,47,,1,,52018,,2,0,53,02/10/2022
6063,25/12/2023,279000,483900,0,1,1,34,42,0,1,13653,30990,3,0,20,
6064,04/09/2023,124000,197900,0,1,1,59,65,0,0,6287,13713,0,1,216,20/10/2023
6065,12/11/2022,47000,54200,0,0,0,45,,0,,20000,,2,0,,
6066,13/08/2022,72000,119700,0,1,0,20,,1,,20000,,,0,6,
6067,06/03/2023,231000,282500,0,1,0,49,,1,,20966,,3,0,44,14/03/2023
6068,30/03/2023,382000,548700,0,1,0,49,,0,,46317,,3,0,83,
6069,24/05/2022,60000,105200,0,0,0,65,,0,,20000,,2,0,222,
6070,26/12/2021,109000,240600,0,2,1,41,37,1,0,7581,12419,2,0,81,18/01/2022
6071,21/03/2023,309000,433800,0,1,1,27,18,1,1,15338,20377,3,0,86,
6072,09/09/2023,410000,647200,0,1,1,18,57,1,0,30622,33908,3,0,57,01/10/2023
6073,28/04/2022,554000,661700,0,1,0,70,,1,,48539,,3,0,49,
6074,07/08/2022,162000,193600,0,0,1,37,45,1,1,13369,6631,2,2,76,25/09/2022
6075,05/03/2024,118000,148900,1,2,1,22,73,1,0,10674,9326,2,0,45,
6076,29/03/2023,70000,101000,0,1,1,33,26,1,0,16337,8380,,0,152,
6077,20/07/2023,85000,189800,0,1,1,43,34,1,0,11744,10251,2,0,89,04/08/2023
6078,29/03/2023,141000,331600,0,1,1,60,30,1,0,17527,13834,3,1,82,
6079,06/03/2024,144000,192700,0,1,1,27,67,1,1,9402,10598,0,0,74,
6080,20/01/2022,110000,205400,0,1,0,57,,0,,20000,,1,0,88,
6081,05/09/2023,85000,113900,0,2,1,65,36,1,0,13134,6866,2,1,82,08/10/2023
6082,14/08/2022,142000,198800,0,2,0,41,,0,,21075,,0,0,57,
6083,14/05/2024,380000,642600,0,1,1,58,42,1,0,39218,33200,3,0,171,
6084,11/07/2024,124000,149500,0,2,0,47,,0,,20000,,2,1,207,
6085,19/03/2023,165000,279400,0,2,0,35,,1,,41226,,2,1,71,
6086,03/09/2022,41000,73600,0,,1,40,58,1,0,15242,4758,2,1,79,
6087,11/03/2022,246000,451400,0,,0,25,,1,,38382,,3,1,89,
6088,14/08/2022,263000,408700,0,2,1,51,22,1,0,21080,8243,3,1,,
6089,11/02/2023,469000,886700,,2,0,55,,0,,68195,,2,,167,
6090,12/04/2022,42000,63000,0,2,1,59,29,1,0,11848,8152,2,0,18,
6091,27/04/2023,64000,110700,0,1,0,75,,0,,20000,,,2,81,06/05/2023
6092,30/08/2023,48000,85300,2,1,0,35,,0,,20000,,2,1,93,
6093,19/10/2021,146000,173000,0,1,1,51,48,0,1,7079,12921,2,0,82,30/11/2021
6094,16/07/2024,71000,156900,0,1,1,23,40,1,0,12001,7999,2,0,34,
6095,03/08/2024,269000,402300,0,0,0,31,,1,,43522,,3,0,248,
6096,10/12/2021,494000,621100,0,1,0,43,,0,,52029,,3,0,11,
6097,24/12/2021,295000,707700,0,0,0,49,,1,,60918,,3,0,92,
6098,25/11/2021,334000,586300,0,1,0,54,,1,,53597,,3,0,85,
6099,25/05/2024,140000,170900,0,1,0,66,,1,,20000,,2,0,81,26/06/2024
6100,23/03/2023,118000,187200,0,1,0,75,,0,,20000,,2,0,6,
6101,30/07/2023,63000,102100,0,0,0,37,,1,,20000,,2,0,45,
6102,01/04/2023,45000,138500,0,1,1,34,71,0,1,10513,9487,,0,64,
6103,26/02/2023,84000,113200,0,1,0,63,,0,,20000,,2,0,87,
6104,31/08/2023,64000,141000,0,2,0,53,,0,,20000,,2,0,213,
6105,20/04/2022,89000,175400,0,1,1,27,64,0,1,13047,6953,3,0,18,
6106,28/08/2022,120000,198100,0,1,0,49,,0,,20000,,2,0,61,
6107,15/03/2023,143000,283700,0,2,1,34,37,0,1,11146,10884,2,0,51,
6108,07/07/2024,132000,208800,0,2,0,29,,1,,20000,,1,0,62,
6109,11/01/2022,150000,351000,0,,0,57,,1,,28597,,3,0,78,
6110,19/08/2023,39000,121100,0,1,0,53,,1,,20000,,2,0,72,08/09/2023
6111,04/07/2022,360000,715600,0,1,1,52,47,0,1,18210,36932,3,0,90,
6112,28/06/2024,287000,415000,0,2,1,41,18,0,1,14140,24815,2,0,229,
6113,12/09/2021,147000,255000,0,0,0,56,,0,,22656,,2,0,200,
6114,10/04/2023,73000,153000,0,2,0,27,,0,,27330,,2,1,52,
6115,02/05/2023,349000,453000,0,1,0,46,,0,,36811,,3,0,122,08/06/2023
6116,21/03/2023,242000,392500,0,2,1,34,43,0,1,33249,10185,3,0,84,
6117,02/06/2023,168000,262200,0,1,0,50,,1,,20000,,3,,8,
6118,17/04/2024,96000,197500,1,2,0,64,,0,,20000,,0,0,,
6119,29/07/2024,225000,486300,0,1,0,64,,0,,43956,,3,0,51,15/08/2024
6120,09/03/2022,176000,301600,0,1,0,43,,1,,35933,,2,1,217,10/04/2022
6121,20/03/2024,106000,189700,0,1,1,20,22,0,1,9442,10558,3,1,14,01/04/2024
6122,12/03/2022,441000,532600,0,2,1,54,34,0,1,15094,29024,3,,42,26/04/2022
6123,28/08/2022,81000,169400,0,2,1,38,53,0,1,12631,7369,2,0,60,
6124,13/03/2024,230000,319900,0,2,0,41,,0,,37444,,3,2,18,
6125,14/03/2023,83000,120900,0,0,1,35,20,1,0,12514,7486,2,2,30,
6126,07/03/2024,365000,426600,0,1,0,35,,1,,29455,,3,1,4,
6127,04/09/2023,538000,737600,0,1,0,64,,0,,90454,,3,2,86,
6128,10/02/2022,209000,349900,0,2,0,74,,1,,35106,,2,0,207,
6129,09/08/2023,104000,180700,0,2,0,51,,0,,20000,,2,0,8,
6130,09/04/2022,150000,235300,0,1,0,54,,1,,23083,,3,1,85,
6131,18/08/2022,52000,85400,2,1,0,58,,1,,20000,,2,0,168,02/09/2022
6132,08/09/2023,154000,206700,0,1,1,75,63,1,1,6370,14349,1,1,155,
6133,06/08/2022,139000,208300,0,2,0,52,,0,,20000,,1,0,10,
6134,31/08/2023,286000,410500,0,1,0,46,,0,,46806,,2,1,86,
6135,10/12/2021,345000,466100,0,0,1,58,24,1,0,22900,29121,2,0,85,
6136,11/09/2023,483000,564000,0,2,0,56,,1,,39124,,2,0,83,01/11/2023
6137,04/01/2024,112000,206300,0,1,1,49,18,0,1,7630,12370,1,0,204,
6138,27/10/2023,212000,300000,1,2,0,23,,1,,37444,,2,1,97,16/11/2023
6139,30/12/2023,150000,238200,0,1,1,29,39,1,0,15521,6809,3,,90,
6140,13/06/2023,28000,67200,0,,0,43,,0,,20000,,2,1,150,
6141,19/07/2022,80000,138900,0,1,0,22,,1,,20000,,2,0,5,
6142,03/12/2022,194000,362800,,1,1,34,75,0,1,7353,17173,2,0,19,
6143,11/11/2023,125000,199800,0,2,0,71,,1,,20000,,1,0,84,
6144,27/06/2022,33000,75200,0,2,0,51,,0,,20000,,2,0,12,
6145,10/03/2024,161000,202100,0,1,0,37,,0,,31679,,0,0,209,
6146,27/10/2023,107000,196300,3,2,0,50,,1,,21270,,0,0,72,
6147,02/10/2023,72000,195600,0,2,1,43,58,1,0,14086,5914,0,0,0,
6148,16/10/2022,124000,181800,0,1,1,64,27,1,0,11157,8843,2,1,178,
6149,11/09/2021,116000,170000,0,1,0,33,,0,,20000,,2,0,126,03/10/2021
6150,18/02/2024,84000,102400,0,2,0,53,,0,,20000,,,0,,
6151,20/01/2024,272000,487600,0,1,0,52,,0,,49345,,2,0,65,30/01/2024
6152,12/06/2024,131000,173400,0,2,0,46,,0,,20000,,2,0,221,25/07/2024
6153,02/09/2023,174000,206800,0,1,0,31,,1,,35645,,2,0,47,
6154,11/08/2023,78000,128400,0,0,0,38,,0,,20000,,2,1,4,02/09/2023
6155,04/03/2022,18000,31900,0,2,1,48,26,1,0,8718,11282,2,0,78,
6156,01/01/2023,217000,391900,0,2,0,40,,1,,33032,,2,1,32,25/01/2023
6157,01/03/2023,83000,131900,0,2,0,31,,1,,20000,,2,2,9,01/04/2023
6158,03/03/2022,157000,208400,3,1,0,32,,0,,20000,,2,0,,
6159,20/05/2024,121000,204100,0,2,0,55,,0,,20000,,1,0,76,
6160,05/02/2022,237000,793200,0,,0,65,,1,,76730,,2,1,8,10/02/2022
6161,30/08/2022,116000,198600,0,1,0,68,,1,,20251,,0,0,9,
6162,25/02/2023,369000,698700,0,2,1,47,60,0,0,28521,24367,2,0,58,
6163,06/03/2023,129000,191100,1,0,0,27,,0,,20000,,3,1,88,
6164,06/05/2024,122000,273600,0,0,0,74,,0,,30301,,,,94,15/05/2024
6165,02/01/2023,188000,210400,0,1,1,50,58,0,1,6190,16720,1,0,57,10/03/2023
6166,29/08/2022,98000,203600,0,2,0,30,,0,,20000,,1,0,83,
6167,08/04/2023,163000,244500,0,1,0,58,,0,,20000,,2,0,,
6168,16/02/2024,275000,331500,0,1,0,43,,0,,28331,,2,0,68,
6169,10/10/2022,57000,105300,0,0,1,63,73,0,0,6435,13565,2,1,,21/11/2022
6170,15/03/2024,55000,143400,0,1,1,31,75,0,1,14949,5051,2,0,81,
6171,08/08/2023,157000,205300,0,1,0,20,,0,,25072,,0,0,14,19/09/2023
6172,11/03/2024,89000,192700,0,1,1,47,40,1,1,8404,11596,0,0,,
6173,23/05/2023,171000,214800,0,1,0,50,,1,,22789,,2,0,61,30/06/2023
6174,08/03/2024,226000,327100,0,0,0,44,,0,,26367,,2,0,240,
6175,19/12/2023,38000,92800,0,1,1,34,43,1,1,12514,7486,2,0,159,
6176,25/04/2024,140000,281300,0,0,0,40,,0,,20779,,3,1,31,
6177,14/10/2023,105000,153400,2,1,0,74,,0,,20000,,2,0,10,
6178,14/08/2022,892000,1179300,0,1,0,34,,0,,126702,,2,0,48,
6179,11/10/2021,66000,96600,0,2,1,33,26,1,0,4341,15659,2,,69,25/10/2021
6180,19/10/2023,156000,234300,3,2,0,62,,1,,20000,,3,0,141,
6181,05/09/2021,341000,411800,0,1,0,70,,0,,27452,,2,0,82,
6182,01/08/2022,74000,142600,0,2,0,65,,1,,20000,,2,0,88,22/08/2022
6183,31/08/2022,109000,203900,0,2,1,48,60,1,0,11547,8453,1,1,1,
6184,27/08/2022,742000,994800,0,1,1,38,62,1,0,43514,46315,2,0,,06/10/2022
6185,26/12/2021,120000,204700,0,1,0,44,,1,,20000,,1,0,82,
6186,22/04/2023,49000,152900,1,1,1,53,49,0,1,12875,7125,2,0,85,16/04/2023
6187,02/02/2024,98000,205100,0,2,0,40,,0,,20000,,1,0,154,
6188,02/02/2023,362000,573000,0,2,0,55,,1,,58518,,2,0,90,
6189,04/09/2023,76000,156500,,2,0,58,,1,,20542,,2,1,213,
6190,18/10/2023,174000,276000,0,1,0,56,,1,,24963,,2,0,3,
6191,18/02/2022,31000,47200,0,0,1,31,54,0,1,7956,12044,2,0,8,03/03/2022
6192,16/02/2024,115000,231400,,0,1,50,50,0,1,11529,8471,2,0,122,
6193,22/04/2024,112000,188200,0,1,0,47,,0,,20000,,3,0,78,
6194,13/02/2024,260000,482800,0,1,0,41,,1,,62067,,2,0,60,25/02/2024
6195,27/02/2022,149000,204900,,2,0,51,,1,,20000,,1,0,37,
6196,16/10/2021,73000,92700,0,2,0,33,,0,,20000,,2,1,10,
6197,04/05/2024,904000,1730800,0,1,0,45,,0,,154459,,2,0,94,16/05/2024
6198,15/05/2023,91000,247100,0,2,0,47,,0,,21170,,2,0,193,
6199,08/12/2023,121000,174800,0,1,0,46,,1,,20000,,3,,203,
6200,01/06/2023,275000,476800,0,1,1,35,63,1,0,35501,18051,2,0,11,
6201,17/05/2024,174000,295100,0,1,1,19,62,1,0,10573,18330,2,1,53,
6202,21/08/2024,294000,355800,0,1,1,30,58,0,1,9225,17521,3,0,88,
6203,17/07/2022,64000,132900,0,2,1,36,45,0,1,7073,12927,3,1,248,27/08/2022
6204,02/03/2023,81000,216500,0,2,1,41,42,0,1,10933,10928,,0,226,
6205,14/08/2022,137000,310100,0,,0,64,,0,,29991,,2,1,13,
6206,17/03/2023,61000,77400,0,1,0,54,,1,,20000,,2,1,146,
6207,09/09/2021,26000,62800,0,1,0,27,,0,,20000,,2,2,2,07/09/2021
6208,25/02/2024,150000,257500,0,1,1,64,59,0,1,12797,12110,3,0,173,23/03/2024
6209,16/02/2023,386000,575400,0,2,0,33,,1,,38919,,2,0,79,10/03/2023
6210,27/08/2023,66000,138700,0,1,1,41,46,0,1,3716,16284,2,0,69,21/09/2023
6211,13/04/2022,697000,930200,0,1,0,50,,0,,73034,,,0,179,23/05/2022
6212,29/01/2024,186000,258300,0,1,0,36,,0,,20692,,2,2,209,
6213,01/09/2023,390000,600800,0,2,0,18,,0,,44862,,2,0,71,
6214,13/03/2022,467000,921400,0,1,0,33,,0,,77289,,2,0,70,20/03/2022
6215,06/08/2024,202000,223600,0,1,0,62,,0,,23100,,2,0,198,
6216,28/04/2024,885000,1064800,0,1,0,75,,0,,90866,,2,0,83,11/06/2024
6217,17/11/2023,98000,161200,0,2,0,44,,1,,20000,,2,0,69,
6218,05/09/2023,378000,549200,0,,1,48,49,0,1,32004,12140,2,0,53,
6219,16/02/2022,60000,93900,0,1,1,55,56,0,1,9487,10513,2,2,85,
6220,15/03/2023,167000,201200,0,2,1,47,43,0,1,6675,13325,3,0,142,
6221,19/08/2022,114000,218600,0,2,0,57,,0,,21367,,2,0,44,
6222,28/07/2022,145000,206500,0,2,1,74,41,0,1,12681,7319,1,0,154,
6223,05/12/2021,273000,361800,0,1,1,55,55,0,1,10276,18132,3,0,2,
6224,13/08/2023,150000,200600,0,2,0,61,,0,,20000,,0,0,0,
6225,12/01/2024,84000,122200,0,1,1,59,63,1,0,11285,8715,2,0,225,
6226,20/08/2024,125000,185000,0,1,0,51,,1,,23211,,0,0,,
6227,05/04/2022,285000,545000,0,2,0,30,,0,,38417,,,0,65,
6228,05/05/2022,101000,203000,0,1,0,47,,1,,20000,,0,2,145,
6229,30/08/2024,265000,423100,0,2,0,20,,0,,37949,,,0,35,
6230,28/04/2022,61000,96800,1,1,0,50,,0,,20000,,2,0,188,26/05/2022
6231,23/06/2024,155000,206900,,1,0,44,,1,,20000,,1,0,24,
6232,10/10/2021,123000,206500,2,1,1,61,32,1,0,12865,9168,1,1,58,
6233,27/08/2023,120000,151000,0,1,0,66,,0,,20000,,2,0,89,
6234,02/05/2024,248000,413200,0,1,1,48,35,0,1,25097,12794,3,0,16,15/05/2024
6235,08/09/2022,315000,494100,3,1,0,27,,1,,35967,,2,0,,
6236,08/02/2022,135000,305800,0,1,1,34,56,0,1,15944,8864,3,2,,
6237,22/07/2024,829000,1126200,0,2,1,74,19,0,1,58506,39707,2,1,84,
6238,18/03/2023,803000,1122100,0,2,0,39,,0,,132590,,2,1,16,17/04/2023
6239,25/04/2024,98000,279700,1,2,0,50,,0,,26256,,3,0,36,
6240,25/06/2024,76000,135500,0,2,1,47,42,1,0,10820,9180,,1,28,
6241,30/05/2023,149000,181800,0,0,0,50,,0,,20000,,2,0,161,
6242,12/08/2023,141000,281100,0,,0,45,,0,,27082,,3,0,84,
6243,04/09/2022,88000,137700,0,1,0,51,,0,,20000,,2,0,206,
6244,20/01/2024,62000,82300,0,1,0,58,,1,,20000,,2,0,61,
6245,18/08/2023,219000,414000,0,,0,45,,0,,37244,,3,1,64,
6246,15/02/2023,33000,101100,0,2,0,39,,1,,20000,,2,2,56,
6247,01/07/2024,345000,402100,0,1,0,60,,1,,37103,,3,0,81,12/08/2024
6248,25/02/2024,24000,47600,2,1,0,30,,1,,20000,,2,0,33,
6249,06/05/2023,37000,53600,,1,1,51,57,1,0,9185,10815,2,1,60,
6250,27/08/2023,373000,601700,0,0,1,58,33,1,0,33542,25674,2,1,222,
6251,07/09/2021,491000,789700,0,1,1,45,44,1,0,14605,58405,3,0,15,15/10/2021
6252,17/08/2023,299000,474500,0,2,0,67,,0,,46458,,3,0,14,
6253,20/08/2022,60000,81800,2,0,1,56,25,1,0,11913,8087,2,1,13,
6254,22/05/2022,78000,103400,2,1,1,38,42,0,1,14306,5694,2,0,85,18/06/2022
6255,24/08/2024,76000,126000,0,2,0,57,,0,,20000,,2,0,55,
6256,22/04/2022,193000,386000,0,1,0,53,,0,,33578,,2,0,59,
6257,25/01/2023,831000,1320800,0,1,0,73,,0,,127172,,3,0,14,
6258,12/08/2024,232000,295400,0,1,0,20,,1,,26641,,3,0,79,
6259,19/05/2024,101000,192200,0,0,1,51,53,1,0,11394,8606,2,0,37,04/06/2024
6260,16/09/2022,145000,208600,0,1,0,53,,1,,20000,,1,0,92,
6261,14/08/2024,174000,202000,0,1,1,40,30,1,0,11941,8059,1,2,89,
6262,24/09/2022,157000,484500,3,1,0,33,,1,,37161,,2,0,9,
6263,20/05/2023,121000,207300,0,1,0,36,,1,,21838,,1,0,35,
6264,13/08/2024,493000,718500,0,2,1,28,47,0,1,52759,28573,3,1,14,
6265,15/11/2023,120000,157600,0,1,0,39,,0,,20000,,2,1,38,
6266,12/04/2022,197000,273500,0,1,0,54,,1,,27431,,3,1,7,10/05/2022
6267,01/06/2023,258000,463600,0,0,0,60,,1,,40813,,3,0,76,
6268,05/10/2021,229000,1007800,0,1,0,18,,0,,106653,,3,0,9,
6269,10/05/2024,151000,250500,0,1,0,20,,1,,26651,,2,0,10,
6270,18/10/2021,51000,71800,0,0,1,75,53,1,0,3555,16445,2,,54,07/11/2021
6271,23/05/2023,435000,889200,2,2,1,49,44,1,0,44242,23536,2,0,67,08/06/2023
6272,22/11/2023,87000,164700,1,2,0,33,,1,,20000,,2,0,203,
6273,22/07/2022,155000,352100,0,0,0,23,,1,,28281,,2,1,15,
6274,30/08/2024,635000,963000,2,1,0,18,,0,,100097,,3,0,85,
6275,26/10/2022,133000,210400,0,1,1,33,27,1,0,5733,14896,2,0,,
6276,06/04/2024,47000,89900,0,2,0,34,,1,,20000,,2,0,177,01/06/2024
6277,14/02/2022,19000,27900,0,2,0,58,,1,,20000,,2,,55,
6278,27/10/2021,87000,146300,0,1,1,41,43,0,1,10185,9815,2,0,5,08/11/2021
6279,03/04/2023,148000,285500,0,1,0,46,,0,,34883,,2,2,216,02/05/2023
6280,02/09/2022,214000,417600,0,2,1,21,56,0,1,11643,25335,2,0,278,
6281,11/06/2023,157000,302000,0,1,0,29,,0,,28014,,2,,76,07/07/2023
6282,12/06/2024,88000,208400,0,1,0,24,,1,,20000,,1,0,79,
6283,17/03/2024,250000,401000,0,1,0,29,,1,,40820,,2,0,116,
6284,05/12/2022,213000,320900,0,2,1,48,39,1,0,9248,22419,3,0,219,
6285,24/02/2022,383000,482400,0,1,0,23,,0,,34992,,,0,214,
6286,16/08/2024,67000,154200,0,1,1,18,56,1,0,8096,11904,2,0,78,19/08/2024
6287,06/07/2023,530000,816900,0,,1,29,36,0,1,58828,29500,3,0,63,
6288,25/06/2024,909000,1450700,0,1,0,32,,0,,132366,,3,1,86,
6289,30/03/2023,269000,488900,0,2,0,67,,1,,50023,,3,0,12,
6290,14/02/2023,86000,207500,0,1,0,35,,1,,20169,,1,0,82,
6291,05/03/2024,195000,286000,0,1,0,60,,0,,20916,,2,2,32,10/04/2024
6292,26/02/2022,440000,504100,0,0,0,68,,1,,40602,,2,0,77,
6293,04/09/2021,116000,187600,0,2,0,75,,0,,22035,,3,0,185,
6294,03/04/2022,36000,53100,0,1,1,38,18,1,1,10005,9995,2,1,34,
6295,16/04/2024,220000,349900,0,1,1,39,53,1,0,15085,16654,3,0,53,
6296,11/10/2022,88000,149300,0,1,0,38,,1,,20000,,2,2,54,04/11/2022
6297,08/04/2023,207000,410300,0,1,1,43,58,1,0,8903,24964,,0,6,
6298,24/05/2022,253000,391500,2,2,1,49,36,1,0,8997,20059,2,0,87,23/06/2022
6299,14/12/2022,81000,162100,0,,0,42,,1,,20000,,2,0,69,
6300,11/02/2023,45000,89000,0,2,1,43,54,1,0,5416,14584,2,0,,
6301,03/06/2022,309000,571800,0,1,0,53,,0,,53559,,3,0,73,02/07/2022
6302,04/11/2021,188000,322600,0,2,1,51,20,0,1,15562,10841,2,0,35,
6303,20/11/2021,174000,279200,0,2,0,54,,0,,29426,,2,0,79,16/12/2021
6304,09/07/2022,90000,134300,0,,1,28,53,0,1,15267,4733,3,0,13,
6305,08/12/2022,309000,492900,0,1,1,70,50,1,0,23193,13867,3,0,1,
6306,08/02/2022,302000,478300,2,2,0,48,,1,,40945,,3,2,32,
6307,13/12/2023,324000,839200,0,2,0,74,,0,,64226,,3,0,237,05/01/2024
6308,09/02/2023,157000,362900,0,0,0,57,,0,,25150,,2,0,193,
6309,08/09/2022,158000,216300,0,1,0,47,,0,,20000,,1,1,14,
6310,27/07/2022,111000,206100,0,1,1,43,75,0,0,14919,5081,1,1,2,05/08/2022
6311,13/07/2022,54000,198600,2,1,1,18,30,1,0,6313,13687,1,1,43,16/07/2022
6312,11/01/2022,226000,296900,0,2,1,75,56,0,1,16830,10973,2,1,36,
6313,05/02/2023,130000,177500,3,1,1,20,40,1,0,4757,15243,2,0,181,
6314,17/01/2022,96000,198500,0,1,0,75,,0,,20000,,0,2,5,
6315,01/09/2024,402000,537800,0,,1,51,26,0,0,25635,11254,3,0,52,
6316,30/12/2022,143000,208000,3,1,0,49,,1,,25089,,2,0,33,
6317,08/10/2022,104000,221800,0,2,0,59,,0,,22725,,3,1,54,25/10/2022
6318,20/02/2022,199000,368100,0,2,0,70,,1,,36256,,2,1,81,
6319,08/08/2022,112000,196600,0,1,1,24,47,0,1,8681,11319,2,0,14,01/09/2022
6320,23/05/2022,167000,229100,0,2,1,26,64,0,1,9825,12048,2,0,15,
6321,16/03/2022,171000,245200,0,2,1,69,36,0,1,8363,16760,2,1,224,07/05/2022
6322,18/03/2024,131000,202800,0,1,1,75,62,1,0,2720,20543,2,0,65,
6323,25/11/2021,111000,197200,0,1,1,47,44,0,1,10188,10506,2,0,78,
6324,09/09/2021,167000,224600,0,1,1,18,65,1,0,11774,9214,2,0,74,07/10/2021
6325,18/02/2023,113000,198200,0,1,1,33,71,0,1,11935,17352,0,0,15,
6326,06/09/2022,112000,217900,2,0,1,42,42,0,0,11665,8335,2,1,88,
6327,25/03/2024,170000,279800,0,1,1,65,38,0,1,20847,7013,2,1,58,21/04/2024
6328,18/04/2024,152000,218200,0,1,0,53,,0,,20000,,1,0,167,28/05/2024
6329,15/08/2024,387000,548900,0,1,0,40,,0,,55296,,3,0,70,
6330,05/07/2023,365000,583600,0,2,1,47,46,0,1,40503,32568,3,0,59,
6331,24/10/2021,394000,1138300,0,1,1,36,54,1,0,33554,62249,3,0,85,
6332,21/06/2022,167000,211400,0,1,0,75,,1,,20000,,1,1,80,
6333,13/06/2023,479000,805400,0,1,0,56,,1,,77260,,2,,70,01/07/2023
6334,09/05/2022,56000,85900,0,2,1,23,28,0,1,12578,7422,2,2,32,
6335,20/03/2023,117000,142500,0,1,0,34,,1,,20000,,2,0,70,
6336,12/04/2023,353000,600000,0,2,0,37,,1,,42654,,3,0,126,
6337,21/08/2022,84000,117200,0,1,1,57,39,0,1,8346,11654,2,1,40,
6338,22/06/2023,135000,233600,0,,0,48,,1,,20000,,3,0,15,05/07/2023
6339,21/07/2023,145000,187100,0,2,0,75,,1,,20000,,2,0,86,
6340,18/05/2022,81000,116200,0,0,0,23,,1,,20000,,,2,91,
6341,19/11/2022,68000,83900,0,2,1,51,75,0,1,10744,9256,2,1,99,
6342,15/03/2024,189000,287000,0,1,1,39,27,1,1,7494,13442,2,0,240,
6343,09/09/2021,37000,84100,0,2,0,18,,1,,20000,,3,0,0,
6344,14/09/2021,345000,554000,0,1,0,46,,0,,53775,,3,1,145,28/10/2021
6345,15/08/2022,446000,794200,0,1,0,70,,0,,56767,,3,0,172,
6346,12/05/2022,163000,654900,0,,0,75,,0,,55783,,3,0,59,22/05/2022
6347,17/04/2024,114000,204300,0,1,0,42,,1,,20000,,1,0,221,
6348,15/02/2023,135000,234400,0,1,0,18,,0,,29305,,3,0,233,
6349,23/03/2022,62000,70000,0,1,1,63,20,0,1,12087,7913,2,0,162,
6350,25/02/2023,296000,545800,0,2,0,66,,0,,39380,,3,1,94,
6351,30/05/2023,142000,206700,0,1,1,52,47,0,1,4029,15971,1,0,,
6352,30/11/2023,111000,270600,0,2,0,75,,1,,30967,,2,0,14,
6353,03/09/2023,155000,163100,0,1,0,28,,1,,20000,,2,0,84,10/10/2023
6354,15/07/2024,122000,196700,0,1,1,20,58,0,1,9550,10450,0,0,,
6355,09/03/2024,114000,207500,1,1,0,31,,0,,20000,,1,0,80,
6356,05/03/2023,170000,204800,0,1,0,74,,0,,21894,,1,0,81,
6357,02/08/2022,144000,370500,2,0,0,32,,0,,29188,,2,1,208,
6358,25/06/2022,404000,558600,2,2,1,18,57,1,0,13273,33013,3,1,19,
6359,18/08/2024,100000,221200,,2,0,41,,1,,21425,,3,0,75,
6360,30/10/2023,36000,88200,0,2,0,25,,0,,20000,,2,0,56,
6361,07/04/2023,159000,298900,3,1,1,38,66,1,0,8751,18848,3,1,82,06/05/2023
6362,20/08/2024,275000,356500,0,1,1,53,75,1,0,9164,27451,3,1,189,
6363,24/03/2022,359000,476900,0,1,0,42,,1,,47886,,3,0,174,
6364,23/08/2022,127000,206600,3,1,0,43,,0,,22496,,1,0,78,05/09/2022
6365,28/02/2023,128000,259900,0,,0,42,,1,,21510,,3,,51,
6366,19/02/2022,445000,642600,0,1,0,37,,0,,45583,,2,0,60,
6367,12/09/2023,156000,262100,0,0,0,46,,1,,29074,,3,0,80,
6368,02/05/2024,620000,981700,0,2,0,55,,1,,76845,,3,1,211,
6369,22/07/2023,393000,509800,0,2,1,55,49,1,0,33960,12667,2,0,76,24/08/2023
6370,08/05/2022,432000,575000,0,2,0,62,,0,,48760,,2,,34,
6371,22/09/2023,120000,169300,0,1,1,24,51,1,0,19233,7479,2,0,52,26/10/2023
6372,01/08/2022,47000,57200,0,2,0,26,,1,,20000,,2,0,1,15/08/2022
6373,11/08/2023,31000,73600,0,1,0,41,,1,,20000,,2,2,71,
6374,27/06/2022,47000,112500,0,1,0,57,,0,,20000,,2,2,0,
6375,22/07/2024,97000,196600,0,1,0,47,,0,,20000,,0,0,13,
6376,04/03/2024,191000,365900,0,2,0,33,,0,,22111,,2,1,87,05/04/2024
6377,29/10/2021,237000,274400,0,1,0,66,,1,,20378,,2,0,53,
6378,29/08/2024,124000,208300,0,1,1,61,38,1,0,6026,16332,1,0,35,
6379,14/04/2024,112000,207300,0,1,0,37,,1,,20000,,,0,10,14/04/2024
6380,30/12/2022,338000,473200,0,1,0,40,,1,,57047,,3,0,7,
6381,07/09/2021,123000,212000,0,1,0,19,,0,,20000,,1,0,31,
6382,07/07/2024,82000,121600,0,2,0,56,,0,,20000,,3,0,83,
6383,20/04/2022,178000,244700,,1,1,59,18,1,1,8725,14864,3,0,89,28/05/2022
6384,23/11/2023,119000,245800,2,1,0,47,,1,,21825,,2,0,,04/12/2023
6385,26/10/2021,191000,334800,0,1,1,63,48,0,1,12884,7615,2,0,88,24/11/2021
6386,18/08/2024,67000,126000,0,,0,26,,1,,20000,,2,0,75,
6387,24/03/2024,37000,65600,0,1,1,54,59,1,0,9505,10495,2,0,39,
6388,01/04/2022,168000,346500,,2,1,25,39,1,0,5060,26085,2,0,56,
6389,22/08/2022,259000,469700,0,1,1,33,18,1,0,16256,28570,2,0,,
6390,05/09/2021,84000,143900,0,2,0,41,,1,,20000,,3,0,88,17/09/2021
6391,10/06/2024,255000,517100,0,2,0,52,,1,,56689,,3,0,77,
6392,25/02/2023,136000,199100,0,2,0,28,,1,,20000,,2,2,51,
6393,17/07/2024,48000,67200,1,1,0,33,,0,,20000,,2,2,60,
6394,19/04/2022,259000,367400,2,1,0,53,,0,,28097,,2,0,58,
6395,09/03/2024,34000,51000,0,2,0,39,,0,,20000,,3,2,0,29/03/2024
6396,14/08/2024,515000,740700,0,2,0,49,,1,,90922,,3,0,41,
6397,20/08/2024,157000,261600,0,2,0,45,,0,,32371,,2,1,0,
6398,14/04/2022,160000,250700,3,1,1,60,50,0,1,9158,16089,3,1,176,
6399,13/08/2023,113000,195000,0,1,0,45,,0,,31260,,0,0,52,
6400,10/12/2021,165000,265100,0,2,0,67,,0,,25999,,2,0,75,
6401,30/05/2024,115000,157000,0,0,1,52,61,0,1,15071,4929,2,1,74,
6402,13/02/2023,41000,69100,0,1,1,54,39,1,0,13484,6516,2,1,230,
6403,23/02/2022,310000,495400,0,,0,53,,0,,42808,,2,0,73,
6404,21/12/2022,153000,244800,0,1,1,32,18,0,1,11851,8633,2,0,17,
6405,06/03/2023,460000,716400,0,2,0,48,,1,,56926,,3,0,10,
6406,26/06/2023,29000,58100,0,2,1,18,45,0,1,8189,11811,2,2,33,
6407,30/11/2023,128000,207900,0,1,0,57,,1,,20000,,1,1,57,
6408,03/09/2022,364000,517300,0,2,0,75,,0,,41674,,2,2,86,
6409,10/05/2022,118000,209300,0,0,1,48,38,0,1,12732,7268,1,1,78,
6410,12/04/2022,245000,328200,0,1,1,18,45,1,0,13491,20369,3,0,187,
6411,11/08/2024,155000,195400,0,1,0,47,,1,,20000,,0,0,72,
6412,30/08/2024,314000,564900,0,1,0,29,,0,,55339,,2,1,20,
6413,27/06/2024,199000,354700,0,0,1,37,18,0,1,21468,37601,2,0,63,
6414,23/02/2024,107000,192400,0,2,1,50,48,0,1,2998,17002,3,2,56,16/04/2024
6415,06/05/2023,261000,477000,0,1,1,18,53,1,1,18719,20509,3,,80,
6416,02/10/2022,210000,312300,0,1,1,52,46,1,0,9439,18019,3,2,60,
6417,08/04/2024,102000,208500,0,0,0,38,,1,,20355,,1,0,85,
6418,26/04/2024,60000,100000,0,1,1,52,51,1,0,14502,5498,3,0,215,
6419,03/06/2023,118000,153200,0,2,1,56,27,0,1,8570,11430,2,0,87,
6420,14/04/2022,32000,51800,0,1,0,52,,1,,20000,,2,0,,06/05/2022
6421,11/08/2024,124000,187400,0,0,0,37,,0,,20000,,0,0,87,31/08/2024
6422,04/01/2022,193000,284100,0,1,0,47,,0,,43535,,3,1,5,
6423,25/12/2023,114000,203200,3,1,1,45,37,1,0,11855,8145,1,0,79,
6424,13/12/2021,119000,165100,0,1,1,56,37,0,1,8699,11301,2,0,216,
6425,30/05/2023,171000,204500,0,0,1,55,42,1,0,8953,11047,1,0,6,
6426,11/04/2023,99000,203500,0,0,0,70,,0,,27656,,0,0,212,
6427,11/08/2022,77000,97900,0,2,1,37,48,0,1,9584,10416,2,0,173,
6428,15/11/2023,51000,82900,0,,0,67,,0,,20000,,2,1,220,
6429,10/08/2024,117000,175400,0,1,1,35,47,0,1,9256,10744,2,0,41,
6430,26/02/2024,201000,462300,,1,0,57,,0,,71682,,2,0,15,
6431,23/06/2023,193000,314500,,0,0,43,,0,,42093,,2,0,218,
6432,01/04/2024,128000,286800,0,2,0,36,,1,,25272,,2,,208,
6433,21/04/2022,171000,202400,0,2,0,58,,1,,20000,,,0,82,16/06/2022
6434,17/08/2024,169000,216100,0,2,0,68,,1,,20000,,3,0,202,
6435,24/05/2024,234000,268100,0,1,1,45,32,1,0,4495,21713,3,0,12,
6436,04/07/2024,76000,206300,0,2,0,53,,0,,20000,,1,0,,09/07/2024
6437,16/05/2023,93000,127800,0,,0,21,,1,,20000,,2,0,26,03/06/2023
6438,06/09/2023,182000,305500,0,1,1,46,61,0,1,10657,17038,2,1,8,
6439,23/03/2024,199000,317100,0,1,0,59,,0,,25152,,3,0,59,
6440,23/03/2022,336000,614500,,2,1,46,54,0,1,21289,27983,2,0,54,
6441,05/09/2022,52000,76300,0,1,0,68,,1,,20000,,2,0,60,
6442,09/01/2022,128000,196700,0,2,1,49,25,1,0,19052,3309,0,0,13,
6443,05/03/2024,126000,166200,0,1,1,37,42,0,1,5288,14712,2,0,84,
6444,03/03/2022,28000,46000,0,1,0,75,,1,,20000,,2,0,57,
6445,20/11/2021,224000,324400,0,1,0,43,,0,,29858,,2,0,13,21/12/2021
6446,21/02/2023,168000,256800,0,1,0,67,,1,,20958,,2,0,86,
6447,23/06/2022,605000,901500,0,1,1,31,38,1,0,52171,38760,2,1,185,09/08/2022
6448,17/07/2024,58000,102000,0,1,1,56,43,0,1,7758,12242,2,0,90,
6449,22/08/2024,936000,1456800,0,2,0,39,,0,,146509,,2,1,76,
6450,05/04/2022,316000,374700,0,2,1,32,67,0,1,36963,8676,2,0,62,
6451,03/11/2023,106000,155900,0,1,0,26,,0,,20000,,2,0,10,28/11/2023
6452,30/10/2023,60000,118500,0,1,0,51,,0,,20000,,2,0,156,
6453,12/02/2022,75000,214700,0,1,0,29,,1,,20000,,2,0,197,
6454,10/03/2022,127000,199900,0,2,1,47,25,1,0,7074,14250,0,1,86,28/04/2022
6455,17/08/2022,172000,347700,0,1,1,43,37,1,1,15131,23602,2,0,219,
6456,27/12/2021,140000,245800,0,0,0,35,,1,,20913,,2,0,72,
6457,07/09/2022,175000,303400,0,2,1,36,64,1,0,22917,8889,2,0,56,
6458,11/06/2024,318000,386100,0,1,1,57,51,0,1,33601,16105,2,0,77,09/07/2024
6459,19/11/2023,127000,383700,0,2,1,31,41,1,0,24177,10000,3,1,72,
6460,17/12/2022,129000,191100,0,1,0,71,,0,,20000,,0,0,82,10/01/2023
6461,03/10/2021,306000,579900,0,1,0,75,,1,,60320,,2,0,83,
6462,14/12/2023,155000,210100,0,1,0,46,,1,,20593,,1,0,76,
6463,21/05/2022,122000,203200,0,0,0,25,,1,,20000,,3,0,9,
6464,06/05/2023,270000,305000,0,1,0,72,,1,,29249,,2,2,84,
6465,08/08/2023,411000,637900,0,1,1,64,37,1,0,19457,38800,3,0,75,
6466,09/02/2022,33000,45800,0,1,0,58,,1,,20000,,2,1,216,
6467,17/08/2024,100000,141100,0,2,1,31,44,0,1,13721,6279,2,0,70,
6468,02/01/2024,227000,277200,0,1,0,44,,1,,25551,,3,0,207,11/02/2024
6469,10/02/2024,148000,212800,0,0,1,38,38,1,0,7964,12376,1,0,55,10/03/2024
6470,15/08/2023,254000,393400,0,0,0,33,,1,,40144,,2,0,85,
6471,10/08/2022,253000,336200,2,2,0,57,,0,,26811,,2,0,231,
6472,12/02/2022,145000,196100,0,1,1,34,38,0,1,13653,6347,3,0,14,19/03/2022
6473,25/04/2024,55000,102300,0,2,0,41,,1,,20000,,2,0,222,27/05/2024
6474,29/04/2023,361000,441900,0,1,1,44,23,0,1,18376,16622,3,0,54,
6475,27/12/2021,59000,87000,2,1,1,36,47,1,0,12676,7324,2,2,200,
6476,25/04/2024,69000,132400,0,1,0,23,,0,,20000,,,0,52,17/05/2024
6477,13/06/2022,240000,269100,0,1,1,18,30,0,1,11439,20285,2,1,179,
6478,06/04/2022,69000,128000,0,1,0,61,,1,,20000,,2,0,35,
6479,13/09/2022,75000,108000,0,0,0,31,,0,,20000,,2,0,80,
6480,29/03/2024,177000,291100,0,1,1,35,44,0,1,12797,7203,3,1,32,
6481,25/08/2024,57000,73000,0,2,0,58,,1,,20000,,2,2,53,
6482,15/06/2022,1046000,1708500,0,,0,46,,1,,156188,,3,0,177,
6483,16/04/2023,44000,111700,0,1,1,39,50,1,0,9778,10222,2,0,16,
6484,16/04/2023,49000,121400,0,0,0,40,,0,,20000,,2,0,,
6485,23/08/2024,95000,126900,0,1,1,50,35,0,1,15158,4842,2,,80,
6486,27/06/2024,952000,1585300,0,1,1,55,49,1,1,85127,46034,2,0,16,
6487,18/08/2024,173000,256700,3,2,0,33,,1,,20000,,2,0,86,
6488,08/08/2024,123000,208500,0,1,1,25,56,0,1,11383,8617,1,0,80,
6489,29/05/2022,141000,334200,1,1,1,36,25,0,1,18831,14951,3,1,82,
6490,18/02/2024,205000,261900,0,1,1,18,56,1,0,12483,13462,2,0,72,
6491,09/08/2022,253000,466100,0,1,0,75,,1,,32919,,3,1,,21/08/2022
6492,11/08/2023,127000,323900,0,1,0,36,,0,,25367,,3,0,77,27/08/2023
6493,23/11/2023,37000,93100,0,1,0,27,,0,,20000,,2,1,213,30/11/2023
6494,24/09/2023,144000,231500,0,1,0,31,,0,,20075,,2,0,55,18/10/2023
6495,11/04/2022,311000,485400,0,1,0,62,,0,,46451,,2,,208,12/05/2022
6496,29/05/2024,112000,194300,3,2,1,56,45,0,1,7020,13609,2,1,77,
6497,16/08/2022,168000,214200,0,2,0,39,,1,,20000,,1,0,216,
6498,28/11/2021,668000,1099100,0,2,1,28,51,1,0,50365,53899,3,0,73,25/12/2021
6499,20/08/2023,146000,254400,0,1,0,68,,1,,29241,,2,0,7,31/08/2023
6500,04/08/2024,60000,107100,0,2,1,60,42,1,0,11449,8551,2,0,217,
6501,12/08/2022,267000,355200,0,2,1,34,42,0,1,11703,16467,3,1,68,06/10/2022
6502,03/02/2023,390000,560500,2,1,0,63,,0,,52517,,3,1,269,25/02/2023
6503,06/04/2024,221000,516500,0,1,1,18,27,1,0,16025,23202,2,0,68,
6504,25/11/2022,164000,200400,0,0,0,27,,0,,20000,,0,1,59,
6505,08/10/2022,313000,411200,0,2,0,50,,0,,40357,,2,0,154,05/11/2022
6506,07/02/2024,569000,878500,0,1,0,26,,1,,67773,,3,0,7,
6507,12/08/2023,158000,278600,0,1,0,35,,0,,25412,,3,2,88,
6508,21/02/2022,30000,57200,2,1,1,52,58,0,1,6687,13313,2,0,203,18/03/2022
6509,30/10/2023,131000,202000,0,1,1,18,18,1,1,11318,8682,0,0,79,
6510,04/08/2023,164000,320100,0,1,1,55,69,0,1,11802,12035,2,1,249,
6511,20/08/2023,315000,436800,0,2,1,60,53,0,1,11241,27219,3,1,212,
6512,12/04/2022,253000,529400,1,2,0,36,,0,,50755,,2,0,5,
6513,22/08/2022,81000,110800,,1,0,31,,1,,20000,,2,2,199,01/10/2022
6514,17/11/2023,173000,215600,0,0,0,57,,1,,20000,,2,0,8,
6515,17/02/2023,193000,234100,1,1,1,61,49,1,0,9142,10858,2,2,6,
6516,19/12/2021,134000,263700,0,1,0,45,,0,,24816,,2,0,112,
6517,02/03/2022,129000,203300,2,1,0,18,,1,,20864,,2,0,3,
6518,31/08/2023,260000,447700,0,1,0,29,,0,,37881,,3,0,185,
6519,11/12/2022,139000,287400,0,1,0,68,,0,,24470,,2,2,211,
6520,03/06/2024,43000,93700,0,1,1,40,56,0,1,8287,11713,2,0,77,07/06/2024
6521,18/08/2024,179000,470600,0,2,0,24,,0,,38214,,3,0,9,
6522,24/05/2024,542000,777900,3,1,0,28,,1,,84304,,2,1,37,
6523,26/02/2024,1131000,1426400,0,1,1,61,49,1,1,42225,61196,2,0,60,
6524,20/06/2022,120000,198900,0,1,0,54,,0,,20000,,0,0,35,30/06/2022
6525,10/01/2024,150000,303500,0,2,0,45,,0,,26770,,2,0,175,
6526,24/10/2023,157000,188100,0,1,1,56,51,0,1,11067,8933,2,,7,
6527,28/04/2023,49000,72200,0,1,0,44,,0,,20000,,2,0,10,
6528,24/05/2023,166000,240500,0,2,0,61,,1,,20000,,3,0,87,
6529,03/03/2022,267000,356900,0,1,1,56,46,0,1,18569,6188,2,0,11,23/03/2022
6530,04/06/2022,378000,563900,3,1,1,43,48,0,1,24492,30753,2,0,196,
6531,24/08/2022,131000,207500,2,2,1,55,41,0,1,10963,9037,2,0,16,
6532,11/05/2023,276000,449800,0,0,0,54,,1,,39739,,2,0,89,27/05/2023
6533,20/02/2022,126000,170000,0,2,1,75,54,0,1,10854,9146,2,2,14,13/03/2022
6534,11/12/2023,34000,56300,0,2,0,33,,0,,20000,,2,0,78,
6535,03/04/2023,98000,168000,0,,0,45,,0,,20000,,2,1,68,
6536,30/08/2022,103000,119100,0,1,0,50,,0,,20000,,2,,76,
6537,28/03/2023,324000,476300,0,1,0,34,,1,,54283,,2,0,85,
6538,25/12/2022,278000,398700,0,2,0,62,,1,,53092,,2,1,73,
6539,11/02/2024,105000,194300,0,1,1,48,58,1,0,12646,8005,2,0,17,
6540,19/08/2023,53000,116400,0,1,0,46,,0,,20000,,2,0,122,17/09/2023
6541,09/01/2022,192000,349700,0,1,0,48,,0,,40593,,3,0,72,
6542,13/12/2021,70000,120600,0,0,0,55,,0,,20000,,3,0,18,
6543,23/07/2024,650000,858800,0,2,0,30,,1,,84571,,2,0,42,20/08/2024
6544,27/03/2023,475000,644500,3,1,1,21,43,0,1,34750,29387,2,2,85,
6545,26/12/2021,70000,121600,2,1,0,60,,0,,20000,,2,0,54,
6546,30/04/2024,417000,519000,0,1,1,67,33,1,0,25522,23001,3,0,185,
6547,13/12/2023,129000,212400,0,2,1,39,75,1,0,8813,16866,1,1,189,
6548,23/04/2022,327000,450300,0,1,1,31,50,0,1,38821,32330,3,1,177,
6549,28/08/2022,186000,467200,0,1,0,67,,1,,43152,,3,1,13,12/09/2022
6550,16/08/2024,126000,185200,0,2,1,65,33,0,1,14982,5018,2,0,15,
6551,21/04/2023,316000,440900,0,1,0,18,,0,,37190,,2,0,63,
6552,08/08/2023,158000,205400,0,1,0,35,,1,,20473,,1,0,16,
6553,16/02/2022,157000,202000,0,1,0,18,,0,,20000,,1,1,11,
6554,11/02/2023,99000,184300,0,2,0,64,,1,,20000,,3,2,56,23/02/2023
6555,23/05/2022,140000,173900,0,1,1,31,62,1,0,10282,9718,3,1,53,
6556,25/08/2023,635000,843100,0,1,0,37,,1,,87426,,2,1,49,
6557,29/07/2024,87000,124000,,1,0,68,,0,,20000,,2,1,54,
6558,16/08/2022,377000,647600,0,0,0,49,,0,,87919,,,0,72,11/09/2022
6559,30/08/2023,749000,892200,0,1,1,46,42,1,0,50566,45328,2,0,16,
6560,07/08/2022,78000,138000,0,2,1,38,54,0,1,13230,6770,3,0,221,
6561,28/02/2022,311000,480200,,2,0,59,,0,,53506,,2,0,78,
6562,25/01/2024,101000,207100,0,2,1,34,36,1,0,9137,10863,1,1,6,
6563,27/01/2022,175000,292000,0,0,1,31,29,1,0,11733,22634,2,0,66,
6564,03/08/2022,126000,198100,0,1,0,26,,0,,20000,,0,1,228,
6565,29/07/2023,91000,151600,0,2,1,33,29,0,1,6259,13741,3,0,16,
6566,10/01/2024,54000,88400,2,1,0,57,,1,,20000,,2,0,61,
6567,15/01/2023,228000,462300,0,1,0,62,,0,,45823,,2,0,62,
6568,01/08/2022,183000,295100,0,1,0,44,,0,,25438,,2,0,58,
6569,04/04/2023,136000,206400,0,1,1,75,29,1,0,6806,13194,1,0,85,
6570,04/04/2023,423000,539300,0,2,1,39,40,1,0,21680,23559,2,0,215,
6571,13/12/2021,73000,146400,2,2,0,18,,0,,20000,,2,2,6,
6572,22/05/2023,180000,257400,,1,0,53,,0,,20000,,3,0,5,
6573,12/04/2023,135000,283600,0,1,0,75,,0,,29136,,2,1,54,
6574,06/04/2023,103000,145800,0,1,0,59,,1,,20000,,2,0,76,
6575,12/04/2022,147000,176700,0,1,0,51,,0,,20000,,3,,83,
6576,10/08/2023,182000,237700,0,1,0,42,,0,,20000,,3,0,88,
6577,09/06/2023,148000,188300,0,2,1,65,18,1,0,6694,14214,2,0,58,
6578,24/05/2022,172000,212500,0,1,0,36,,0,,22005,,3,0,53,
6579,15/10/2021,132000,175700,0,,0,25,,1,,20000,,2,0,92,
6580,04/08/2024,178000,307600,2,2,1,60,19,1,0,6248,23013,3,2,55,
6581,04/05/2024,195000,550400,0,1,0,28,,1,,42295,,3,2,14,
6582,31/10/2022,198000,340400,0,2,1,32,39,1,0,15112,16231,3,0,14,
6583,08/12/2023,188000,306400,0,2,1,67,23,0,1,18710,10950,2,0,16,
6584,21/04/2022,49000,161900,0,1,0,63,,0,,20000,,2,1,65,
6585,29/01/2024,112000,162600,0,0,0,20,,1,,20000,,2,0,245,28/02/2024
6586,21/03/2022,132000,198800,0,1,0,61,,1,,20000,,2,0,173,03/05/2022
6587,27/07/2024,47000,140500,3,2,1,53,47,1,0,10835,9165,2,2,58,
6588,21/08/2022,245000,556200,0,1,1,55,54,1,0,21234,22947,2,0,76,
6589,25/09/2023,467000,723500,0,2,1,59,35,1,0,27712,33164,3,0,83,
6590,20/03/2023,870000,1265700,0,2,0,39,,0,,130878,,3,0,4,
6591,11/10/2021,81000,126500,0,1,1,51,45,0,1,5916,14084,,1,71,
6592,17/08/2024,107000,192500,0,1,1,72,36,0,1,8113,11887,2,0,137,
6593,23/03/2023,164000,258000,0,1,1,39,49,0,1,9598,12140,3,0,,
6594,10/04/2024,90000,206100,0,1,1,59,58,0,1,7140,12860,1,0,13,
6595,14/08/2024,176000,250900,0,1,1,62,43,1,0,3778,17165,2,0,85,
6596,12/05/2022,20000,35400,2,2,0,45,,0,,20000,,2,1,54,
6597,12/08/2023,153000,223000,0,2,0,62,,1,,20000,,3,0,50,16/09/2023
6598,07/03/2024,347000,639000,0,1,0,52,,0,,59019,,2,0,0,
6599,05/05/2023,67000,113400,0,1,1,40,31,1,0,11244,8756,2,0,79,20/05/2023
6600,14/08/2022,135000,192600,0,1,0,38,,1,,22055,,0,0,18,23/09/2022
6601,26/02/2023,296000,633800,0,0,1,31,20,0,1,37384,21228,2,0,52,
6602,23/04/2023,677000,1138800,0,1,1,58,75,1,0,66912,45338,2,0,173,
6603,27/02/2023,579000,884200,0,,0,38,,0,,82284,,2,2,11,31/03/2023
6604,13/02/2024,103000,211400,0,0,0,47,,0,,25232,,1,0,178,
6605,02/04/2024,354000,450900,0,1,0,55,,1,,40119,,3,2,14,20/05/2024
6606,24/02/2022,220000,289100,3,1,0,61,,0,,32850,,3,0,51,07/04/2022
6607,15/07/2022,35000,83100,0,1,0,38,,1,,20000,,2,1,19,03/08/2022
6608,15/01/2023,443000,612000,0,0,0,54,,0,,57647,,3,0,191,
6609,14/03/2024,117000,210600,3,2,1,56,45,1,0,5992,14008,1,0,195,30/04/2024
6610,06/09/2022,186000,204100,0,1,0,60,,1,,20000,,1,1,,
6611,06/04/2024,87000,206600,2,1,1,61,53,1,0,12346,7654,1,0,0,
6612,08/12/2023,91000,208000,0,1,0,55,,1,,20000,,2,0,76,
6613,14/08/2023,88000,181900,0,0,0,75,,0,,20000,,2,0,,06/09/2023
6614,07/09/2023,113000,204100,0,0,1,53,55,1,0,10640,9360,2,0,83,
6615,27/06/2024,47000,119900,0,1,0,55,,1,,20000,,2,1,57,
6616,25/11/2022,240000,359500,0,,0,40,,0,,45552,,2,1,7,
6617,05/05/2023,45000,107400,,1,0,62,,0,,20000,,2,1,13,
6618,10/03/2023,201000,232700,0,1,0,30,,1,,20406,,2,0,17,
6619,02/03/2024,167000,205300,0,1,0,35,,0,,20000,,1,0,80,14/04/2024
6620,17/01/2024,146000,299800,0,1,0,23,,1,,21588,,2,0,67,30/01/2024
6621,17/06/2023,219000,301100,0,2,1,26,52,0,1,26516,8058,2,0,53,
6622,26/03/2024,305000,477500,0,1,0,41,,0,,42892,,3,0,14,
6623,04/01/2022,36000,48100,0,1,0,57,,1,,20000,,2,1,72,
6624,12/04/2022,175000,211600,0,2,1,48,41,1,1,5255,16490,1,2,83,08/06/2022
6625,05/09/2022,137000,196200,,0,1,74,22,0,1,15002,4998,2,1,4,
6626,30/05/2023,138000,211000,0,0,1,46,75,0,1,11269,8731,1,0,35,
6627,13/08/2023,175000,278700,0,,1,47,36,1,0,12268,7732,2,,54,
6628,13/07/2024,313000,494800,0,1,0,26,,1,,35853,,3,0,258,
6629,17/11/2021,116000,262800,0,0,0,26,,0,,20000,,2,0,57,19/11/2021
6630,14/01/2024,41000,79600,0,1,0,46,,1,,20000,,2,1,16,20/01/2024
6631,29/08/2022,19000,33600,0,1,0,32,,1,,20000,,2,,15,
6632,15/10/2021,34000,81400,0,1,0,55,,0,,20000,,2,1,68,21/10/2021
6633,18/08/2023,438000,636300,0,1,1,27,31,1,0,30084,45027,2,1,222,
6634,19/10/2023,409000,754600,0,1,0,20,,0,,79309,,2,2,,
6635,23/07/2023,219000,459600,2,2,0,66,,0,,41233,,2,0,4,
6636,07/08/2023,139000,280800,0,1,0,37,,0,,23015,,2,0,190,
6637,19/08/2024,800000,1180000,0,1,0,30,,0,,139276,,3,0,35,
6638,24/08/2024,468000,623700,0,2,0,40,,0,,62168,,2,0,34,
6639,02/08/2023,45000,79300,0,2,1,34,49,0,1,10507,9493,,0,89,12/09/2023
6640,20/08/2023,137000,199600,,1,1,39,49,1,0,11342,12298,0,0,5,26/09/2023
6641,11/04/2022,276000,405500,0,1,1,45,23,0,1,29324,11752,3,1,183,
6642,12/02/2022,155000,279300,0,,1,27,36,0,1,16789,8407,2,0,76,
6643,17/01/2024,132000,230800,2,1,0,48,,0,,20000,,2,0,183,
6644,20/08/2022,133000,273700,0,2,0,56,,0,,24278,,3,0,174,
6645,25/02/2024,379000,603600,0,1,0,44,,1,,39866,,3,1,49,
6646,06/03/2024,299000,526000,0,2,1,44,48,1,0,25186,15728,2,0,16,
6647,30/11/2021,227000,349200,2,1,0,65,,0,,31656,,2,0,209,06/01/2022
6648,31/08/2023,212000,378600,0,2,1,50,46,0,1,24069,22664,3,0,82,23/09/2023
6649,10/09/2021,144000,207800,0,0,1,30,38,0,1,15818,4182,1,,214,
6650,05/09/2021,268000,293200,0,1,1,59,66,0,1,12487,9845,2,0,172,08/11/2021
6651,20/08/2024,150000,256000,0,1,1,38,53,1,0,5321,19654,2,0,72,
6652,26/04/2022,126000,202800,,1,1,52,56,0,1,11840,8160,,0,34,
6653,30/08/2022,230000,330900,0,2,1,51,34,0,0,24277,16915,2,1,58,
6654,26/04/2023,294000,435900,0,0,0,66,,1,,49376,,2,0,,
6655,26/02/2022,148000,198400,1,1,1,25,54,1,0,12548,7452,0,1,88,
6656,04/05/2024,259000,343900,0,1,1,75,35,0,1,10109,26660,2,0,199,
6657,02/02/2022,286000,373900,0,2,0,44,,0,,42636,,3,0,47,
6658,02/02/2023,81000,172000,2,2,0,75,,0,,20000,,2,0,197,03/03/2023
6659,13/08/2023,66000,116200,0,1,0,61,,0,,20000,,2,2,39,
6660,28/04/2023,99000,153800,0,2,0,38,,1,,20000,,2,,17,
6661,02/04/2024,364000,533200,,1,0,59,,0,,56056,,2,0,160,
6662,08/04/2022,219000,285900,0,2,0,72,,0,,20476,,2,1,197,
6663,28/01/2024,137000,208500,0,1,0,41,,0,,20000,,1,0,88,
6664,03/09/2022,148000,180300,0,1,1,38,65,0,1,5801,14199,2,1,206,04/11/2022
6665,14/03/2024,406000,886100,0,2,0,18,,1,,66963,,3,0,17,
6666,27/08/2023,301000,412300,0,0,1,48,22,1,0,15775,21336,2,1,,
6667,11/08/2022,93000,196800,0,2,1,22,68,1,0,14632,5368,0,0,87,13/08/2022
6668,15/06/2022,110000,140100,0,2,0,66,,1,,20000,,2,1,186,04/08/2022
6669,28/05/2023,638000,1416300,2,1,0,48,,1,,108914,,2,0,84,
6670,19/08/2023,51000,89300,0,2,0,75,,0,,20000,,2,0,58,
6671,22/11/2021,95000,202200,0,1,1,40,40,1,1,10723,9277,1,0,12,
6672,08/08/2023,147000,208300,0,2,0,53,,0,,20000,,3,0,99,
6673,23/07/2023,162000,212100,0,2,1,73,54,1,1,14208,9887,2,2,75,
6674,02/10/2021,272000,576700,0,2,0,50,,1,,55137,,3,0,2,
6675,11/09/2022,86000,131800,0,1,1,19,40,0,1,9677,10323,2,,17,
6676,08/08/2024,630000,984100,1,1,0,46,,1,,83534,,3,1,85,
6677,17/09/2022,108000,138200,0,2,1,38,19,0,1,6871,13129,3,1,51,07/10/2022
6678,27/02/2024,86000,117000,0,1,0,48,,1,,20000,,2,0,209,
6679,13/09/2021,105000,189200,0,1,0,46,,0,,20000,,2,0,4,
6680,12/09/2021,137000,200500,0,1,0,20,,1,,20000,,0,2,61,15/10/2021
6681,11/05/2024,326000,869700,2,1,1,29,40,0,1,39863,65224,2,0,55,
6682,06/12/2021,222000,343500,0,1,1,63,50,0,1,21327,14556,3,2,88,
6683,21/12/2022,34000,67500,0,2,0,37,,0,,20000,,2,1,57,
6684,11/08/2023,71000,174400,0,1,0,36,,1,,20000,,2,0,40,14/08/2023
6685,12/08/2023,192000,258000,0,2,0,47,,1,,32614,,3,0,52,14/09/2023
6686,23/05/2022,145000,228700,0,0,0,42,,1,,20000,,2,0,57,
6687,29/10/2021,110000,224300,0,2,0,58,,1,,20000,,3,2,66,
6688,24/09/2022,105000,195300,0,0,1,53,42,0,1,11746,8254,0,0,226,
6689,19/09/2021,158000,317600,0,2,0,23,,0,,30333,,2,1,90,01/10/2021
6690,29/03/2022,164000,383600,0,1,0,27,,1,,29090,,3,0,13,
6691,30/08/2024,67000,217800,2,1,1,39,24,0,1,4899,15101,,0,14,
6692,24/02/2022,174000,331400,,,1,18,41,0,1,20874,4917,3,0,9,
6693,15/08/2023,143000,209800,3,1,1,46,67,1,0,12910,7090,,0,58,11/09/2023
6694,15/07/2024,109000,150100,3,2,1,62,40,1,0,11875,8125,3,1,177,
6695,18/05/2024,460000,560800,0,0,1,48,61,0,1,39739,18731,3,0,4,
6696,14/05/2023,138000,208500,,1,1,35,32,0,1,8920,11080,1,1,19,03/06/2023
6697,17/12/2022,167000,244600,0,2,0,75,,0,,20000,,2,1,67,
6698,02/09/2023,110000,141600,0,1,0,43,,0,,20000,,2,1,67,
6699,14/01/2022,157000,207800,0,2,0,42,,0,,20000,,1,1,214,07/02/2022
6700,05/03/2024,173000,208400,0,1,0,71,,0,,20000,,,0,61,
6701,09/09/2021,164000,332700,0,2,1,51,26,1,0,28994,20399,2,0,78,20/09/2021
6702,20/06/2022,177000,246600,0,1,0,73,,1,,32150,,3,0,54,
6703,28/04/2022,293000,485700,0,1,0,30,,1,,53853,,2,2,64,
6704,07/06/2023,324000,351300,0,0,1,54,42,1,0,11303,22233,3,0,9,18/07/2023
6705,08/08/2024,247000,404900,0,1,0,35,,0,,36975,,2,0,82,
6706,29/06/2024,120000,190800,0,1,0,29,,1,,20000,,0,0,79,
6707,12/09/2021,100000,218400,0,1,0,46,,1,,22934,,3,0,,
6708,27/10/2023,105000,178900,0,1,1,47,24,0,1,11231,8769,2,0,197,
6709,07/05/2024,144000,286800,0,1,0,59,,1,,31335,,3,1,61,05/06/2024
6710,19/11/2023,325000,472800,0,1,0,50,,0,,44269,,2,2,15,
6711,13/04/2022,155000,233600,0,1,0,18,,1,,21376,,2,1,52,
6712,16/04/2023,116000,261900,0,1,0,27,,1,,23118,,3,1,247,01/05/2023
6713,30/07/2023,322000,608300,0,1,1,47,25,1,0,47903,21721,2,0,94,
6714,29/09/2021,164000,362800,1,1,0,69,,0,,30057,,2,0,13,
6715,10/04/2023,356000,578100,0,2,0,49,,1,,43941,,2,0,182,
6716,03/10/2022,108000,211800,0,0,0,56,,1,,20800,,1,0,72,23/10/2022
6717,07/07/2022,120000,250500,0,0,1,44,43,0,1,8417,12257,3,0,87,
6718,13/08/2022,115000,171000,0,1,0,75,,1,,20000,,2,2,78,29/09/2022
6719,04/08/2022,95000,203100,0,1,1,61,19,1,0,3220,16780,1,1,78,
6720,14/12/2022,57000,95400,1,2,1,49,58,0,0,6196,13804,2,0,244,
6721,22/03/2023,62000,113800,0,2,1,27,42,1,0,6513,13487,2,0,80,
6722,10/02/2022,83000,108100,0,2,1,57,35,0,1,11664,8336,3,1,76,
6723,01/01/2022,221000,293400,0,2,0,34,,0,,24460,,3,0,88,
6724,08/09/2023,336000,688300,2,1,0,47,,0,,161566,,3,,188,23/09/2023
6725,12/09/2022,323000,842000,0,1,0,57,,0,,71394,,3,1,210,
6726,06/11/2022,109000,207300,0,1,1,25,34,1,0,8969,11031,2,0,73,
6727,05/04/2024,136000,232200,0,0,0,49,,0,,20000,,3,1,10,10/04/2024
6728,12/03/2024,181000,205700,0,2,0,32,,0,,20000,,3,0,60,
6729,10/03/2023,150000,209800,0,2,0,32,,0,,24304,,1,0,51,
6730,26/07/2022,24000,55700,0,2,0,47,,0,,20000,,,1,73,
6731,24/02/2022,69000,164500,0,1,1,63,30,1,0,8992,11008,2,1,194,
6732,27/03/2024,49000,75400,0,1,0,18,,0,,20000,,2,0,81,27/04/2024
6733,03/03/2024,115000,221700,3,1,1,58,56,0,1,14236,9265,2,0,,
6734,20/04/2022,201000,385100,0,0,0,32,,0,,33095,,2,1,46,
6735,29/05/2024,215000,269200,2,0,1,49,30,0,1,15073,10176,3,2,213,
6736,05/06/2023,124000,190700,0,1,1,58,36,1,0,12427,9263,0,0,15,01/07/2023
6737,12/09/2021,115000,284500,0,1,0,49,,1,,30378,,,2,94,
6738,14/06/2022,213000,377900,0,1,1,35,23,1,0,17634,17449,3,0,188,
6739,22/11/2023,226000,380700,0,2,0,33,,0,,36996,,3,1,163,
6740,20/03/2023,139000,210900,0,2,0,67,,1,,22630,,3,0,30,
6741,02/09/2022,244000,341700,3,1,0,47,,0,,24171,,2,0,8,
6742,14/11/2023,160000,214200,,2,1,41,35,1,0,8547,11453,,1,80,
6743,27/01/2022,60000,83200,0,1,0,46,,0,,20000,,2,0,57,
6744,15/01/2023,120000,204800,0,1,1,43,35,0,1,7622,13873,1,0,28,
6745,03/07/2024,57000,93700,0,1,1,36,39,1,0,9785,10215,2,2,80,
6746,14/03/2023,183000,233700,,,0,39,,0,,26182,,3,0,208,
6747,23/08/2022,156000,269700,,2,1,51,40,1,0,5748,18868,2,1,57,
6748,07/01/2023,112000,197400,0,1,0,46,,1,,20000,,0,0,16,06/02/2023
6749,10/09/2022,64000,82600,0,1,0,52,,1,,20000,,2,2,57,
6750,02/08/2022,158000,215600,0,2,1,18,65,1,0,11314,8686,2,0,39,
6751,23/03/2023,113000,207200,0,2,0,32,,1,,26536,,,0,76,
6752,18/10/2021,359000,574700,2,2,0,37,,0,,59726,,2,0,79,28/10/2021
6753,02/07/2023,35000,77600,0,2,0,28,,1,,20000,,2,1,240,
6754,05/10/2022,92000,188100,3,1,0,69,,1,,22793,,2,1,229,
6755,05/05/2023,273000,408600,0,2,0,33,,0,,37016,,2,0,71,
6756,30/05/2022,196000,319800,0,2,0,62,,1,,26572,,3,0,215,23/06/2022
6757,16/10/2022,244000,359300,,2,1,43,28,1,0,11828,16698,2,2,154,
6758,14/02/2024,67000,214300,0,2,1,61,75,0,1,11059,8941,1,1,229,
6759,27/05/2023,128000,229500,0,1,0,27,,0,,20879,,2,0,57,30/05/2023
6760,31/08/2023,445000,835700,,1,1,58,68,0,1,44264,29370,3,0,84,
6761,19/08/2023,91000,135900,,2,0,52,,1,,20000,,2,,83,
6762,03/07/2023,281000,367500,0,2,1,18,34,0,1,3621,24967,3,0,87,
6763,16/06/2023,190000,373100,0,,0,55,,1,,44550,,3,0,82,
6764,01/11/2021,455000,672900,0,2,0,64,,1,,66702,,3,0,18,
6765,16/03/2022,74000,109000,3,1,1,22,46,1,0,4383,15617,2,0,,
6766,11/08/2023,62000,165000,0,0,0,60,,0,,20000,,3,0,79,14/08/2023
6767,30/08/2022,178000,301200,,2,0,36,,0,,26682,,2,0,14,
6768,06/02/2024,117000,197400,0,1,0,65,,0,,20000,,1,0,14,07/03/2024
6769,20/02/2023,159000,211800,0,1,0,64,,1,,20000,,2,0,12,
6770,13/08/2023,160000,289600,0,2,0,58,,1,,32764,,2,0,,01/09/2023
6771,06/03/2024,310000,480700,0,1,1,56,45,0,1,28869,21981,2,0,16,23/03/2024
6772,20/03/2022,161000,387700,0,1,0,62,,1,,35456,,3,1,211,
6773,08/03/2023,162000,271300,0,1,1,57,54,1,0,11459,12688,,0,22,
6774,05/09/2022,121000,183700,0,2,0,37,,0,,20000,,2,0,92,01/10/2022
6775,02/03/2023,42000,198400,0,1,1,60,46,1,0,4868,15132,0,0,63,
6776,16/03/2024,85000,142000,0,1,0,39,,0,,20000,,,0,58,
6777,12/05/2024,40000,49600,0,1,0,35,,1,,20000,,2,0,21,03/06/2024
6778,29/10/2021,314000,391700,0,1,1,39,59,1,0,12461,20704,2,1,8,13/12/2021
6779,07/02/2022,210000,341500,0,2,0,58,,1,,24992,,2,0,,
6780,03/09/2023,224000,317400,1,0,1,20,45,0,1,17805,6597,2,,59,
6781,08/06/2023,123000,177200,0,1,0,62,,1,,20000,,3,0,68,
6782,28/07/2024,171000,204000,0,1,0,75,,1,,20303,,1,2,120,
6783,04/01/2024,36000,61500,0,2,1,38,33,1,0,4271,15729,2,1,87,
6784,10/08/2023,81000,206200,0,2,1,52,75,1,0,10506,9494,1,0,12,16/08/2023
6785,17/06/2024,274000,431300,0,1,0,53,,1,,33550,,2,0,14,16/06/2024
6786,08/04/2024,130000,176000,0,1,1,46,71,1,0,14334,5666,2,0,55,23/05/2024
6787,17/09/2023,134000,153200,1,1,0,49,,1,,20000,,2,0,177,12/10/2023
6788,06/06/2024,81000,119400,0,1,0,26,,0,,20000,,2,0,13,04/07/2024
6789,18/08/2022,286000,372000,,2,1,29,45,1,0,27446,9743,2,0,77,
6790,06/01/2022,260000,474900,3,2,1,21,38,0,1,20030,12817,2,0,41,
6791,18/10/2021,250000,612700,0,1,0,72,,1,,55353,,2,0,46,
6792,22/04/2022,159000,304000,0,1,1,23,39,0,1,12528,16203,,0,12,
6793,02/07/2023,219000,273200,0,1,0,44,,1,,25575,,2,,184,
6794,21/08/2024,104000,222300,0,1,0,38,,1,,20000,,2,0,90,
6795,14/10/2023,71000,154600,0,1,1,47,35,0,1,5312,14688,3,0,82,
6796,21/10/2022,762000,1239300,0,1,0,34,,0,,85253,,2,1,14,
6797,02/07/2023,178000,245100,0,1,0,70,,1,,24255,,3,0,11,
6798,15/10/2022,62000,93400,0,1,0,43,,0,,20000,,3,0,14,
6799,15/08/2024,158000,243400,0,,0,46,,0,,22415,,2,0,196,
6800,14/05/2022,157000,304200,0,1,0,55,,1,,24737,,2,,32,
6801,04/06/2022,177000,310400,0,1,0,25,,0,,24851,,2,2,39,17/06/2022
6802,02/04/2022,400000,509200,0,2,0,18,,0,,40226,,2,0,78,18/05/2022
6803,20/02/2024,144000,191500,0,1,0,75,,0,,20000,,0,2,18,13/04/2024
6804,26/07/2022,168000,283400,0,1,0,26,,0,,32336,,2,0,83,22/08/2022
6805,25/01/2022,114000,317300,0,1,1,55,48,1,0,14467,19176,2,0,37,
6806,03/10/2022,235000,338200,0,1,1,62,41,0,1,15912,22195,3,1,53,
6807,06/09/2023,79000,149000,0,1,0,22,,0,,20889,,2,0,29,
6808,15/05/2022,194000,308500,0,1,0,31,,0,,27340,,2,0,41,
6809,15/08/2023,151000,203500,3,1,0,50,,1,,20000,,0,0,157,04/10/2023
6810,08/08/2024,152000,199200,0,1,1,41,18,0,1,12996,7004,0,1,75,
6811,12/09/2022,64000,103000,0,2,0,63,,1,,20000,,2,1,247,
6812,25/03/2024,134000,265700,0,1,0,38,,0,,34257,,2,0,57,
6813,02/08/2022,174000,263200,0,2,1,27,51,0,1,14541,5718,2,2,,05/09/2022
6814,14/08/2024,360000,470200,0,2,1,51,47,0,1,10964,24785,2,2,81,
6815,14/01/2024,128000,207700,0,1,0,74,,1,,23196,,1,0,90,
6816,01/06/2024,73000,140200,0,0,0,48,,1,,20000,,2,0,228,
6817,19/03/2023,168000,384700,0,1,1,57,34,1,1,19423,15587,3,2,,06/04/2023
6818,07/09/2022,163000,297900,0,,0,35,,1,,23290,,,0,6,
6819,05/03/2022,143000,335000,0,2,0,65,,0,,21999,,3,0,49,19/03/2022
6820,29/04/2024,87000,144300,0,1,0,58,,1,,20000,,2,0,12,
6821,15/08/2024,259000,367800,0,1,1,65,51,0,0,16720,23422,2,,70,
6822,10/04/2024,77000,127600,0,0,0,42,,1,,20000,,2,2,83,
6823,22/03/2023,132000,214100,0,1,1,49,24,0,1,15318,4682,1,0,37,
6824,27/04/2023,233000,497900,0,1,1,18,34,0,1,38034,36312,2,0,80,
6825,24/09/2023,456000,643700,0,1,1,75,50,1,0,20451,26618,2,1,170,
6826,09/12/2022,152000,232700,3,0,0,52,,0,,28241,,3,0,9,
6827,18/08/2022,155000,203000,0,1,1,52,67,1,0,11058,8942,1,1,49,
6828,17/07/2022,91000,122300,0,1,0,61,,1,,20000,,,0,56,
6829,25/11/2023,117000,148900,0,1,0,49,,0,,20928,,2,0,49,
6830,19/02/2022,261000,416200,0,1,0,48,,1,,33843,,2,0,192,
6831,14/08/2023,218000,410000,0,1,0,28,,0,,38252,,2,,4,26/08/2023
6832,20/04/2022,60000,92800,0,,1,58,41,0,1,10706,9294,2,0,56,01/06/2022
6833,27/11/2023,217000,463100,0,2,0,55,,0,,38597,,2,1,2,20/11/2023
6834,16/05/2022,163000,445800,1,,0,48,,0,,42996,,2,1,92,
6835,03/09/2023,93000,104700,0,1,1,38,47,0,1,6326,13674,3,0,85,
6836,02/04/2022,87000,205900,0,1,0,33,,1,,24763,,2,0,13,
6837,11/02/2023,81000,102900,3,1,1,47,38,1,0,5078,14922,2,0,15,
6838,18/02/2024,76000,132400,0,1,0,42,,0,,20000,,3,1,80,
6839,23/04/2024,126000,209800,3,1,0,41,,1,,22096,,1,1,89,
6840,28/01/2022,381000,443200,,2,1,48,55,1,0,24310,18300,,0,81,
6841,08/09/2022,179000,286500,0,1,0,53,,0,,31564,,2,0,14,
6842,21/08/2024,31000,69900,0,1,0,36,,0,,20000,,2,,77,
6843,04/07/2023,447000,626200,0,1,0,50,,1,,86481,,3,0,16,
6844,29/09/2022,342000,475500,0,1,1,18,46,0,1,16780,38836,2,1,72,
6845,14/04/2022,198000,304400,0,2,0,56,,1,,26365,,2,0,192,
6846,06/09/2021,165000,408300,0,1,0,51,,1,,40006,,3,1,71,
6847,10/04/2024,109000,145300,0,1,1,20,75,0,0,12742,7258,2,0,10,
6848,27/12/2022,106000,149400,0,1,1,51,26,0,1,9545,10455,3,0,15,22/01/2023
6849,14/12/2022,172000,207500,0,0,0,53,,1,,24654,,,0,19,23/01/2023
6850,01/09/2024,117000,256400,3,2,0,55,,1,,20000,,3,2,34,
6851,06/08/2024,210000,346000,,1,1,47,18,1,0,19859,6300,2,0,82,
6852,16/02/2022,184000,304000,0,0,0,29,,0,,30625,,3,1,70,
6853,03/09/2022,79000,124800,0,2,1,43,41,0,1,15021,4979,2,0,80,
6854,25/09/2022,145000,209700,0,1,0,27,,1,,20000,,1,0,84,
6855,19/10/2022,167000,291000,0,2,0,42,,0,,34987,,2,0,,16/10/2022
6856,19/02/2022,259000,362200,0,1,1,68,63,1,0,10265,15314,2,0,13,
6857,07/08/2024,360000,411700,0,1,1,41,46,0,1,22321,18131,2,0,77,
6858,05/04/2023,216000,330900,,,0,51,,1,,33692,,3,0,12,16/04/2023
6859,13/09/2022,52000,73300,0,2,1,59,18,1,0,10567,9433,2,2,213,
6860,17/07/2024,102000,212700,0,1,0,44,,1,,20051,,2,0,56,
6861,05/12/2021,130000,205300,0,1,1,32,34,1,0,13402,13720,1,0,17,
6862,10/06/2022,197000,477000,0,2,0,26,,1,,48259,,2,1,254,
6863,19/09/2022,134000,314200,0,1,0,18,,0,,28429,,3,0,13,13/09/2022
6864,15/07/2024,92000,134500,0,1,0,52,,0,,20000,,2,0,48,
6865,04/11/2022,74000,110600,0,1,0,56,,0,,20000,,2,0,50,
6866,05/02/2023,232000,433500,0,0,0,55,,0,,31917,,2,,90,
6867,02/06/2023,122000,228800,2,1,0,62,,1,,23928,,3,2,17,
6868,06/09/2022,239000,361700,0,1,1,34,40,0,1,16880,12931,2,0,81,
6869,22/03/2022,77000,126400,1,1,0,68,,1,,20000,,2,1,82,
6870,16/08/2024,303000,367600,0,1,0,56,,1,,27942,,2,0,59,
6871,28/04/2024,65000,90100,0,1,0,45,,1,,20000,,3,0,79,
6872,31/08/2024,138000,366100,0,1,0,42,,1,,30900,,,0,53,
6873,10/04/2024,272000,431200,0,,0,45,,0,,51529,,,0,202,
6874,18/06/2024,89000,158800,0,1,0,43,,0,,20000,,2,0,74,
6875,12/09/2022,214000,275700,0,1,1,30,37,0,1,9232,13836,,0,8,30/09/2022
6876,10/01/2024,154000,274000,0,1,1,35,44,1,0,15314,4686,3,0,51,
6877,24/10/2023,287000,558400,,2,1,40,37,1,0,26072,19269,2,2,82,
6878,07/09/2021,774000,949400,0,1,0,18,,0,,86350,,2,0,87,
6879,26/08/2023,90000,154900,0,1,1,47,38,0,1,8197,11803,2,1,,
6880,24/08/2024,44000,88100,0,1,1,18,43,0,1,3954,16046,2,2,14,
6881,24/02/2022,137000,205900,0,2,1,44,39,0,1,17569,6591,1,0,66,
6882,31/08/2022,369000,781500,0,1,0,54,,0,,67710,,3,0,55,
6883,02/02/2022,190000,237100,0,,1,37,32,0,1,17347,3500,2,0,47,
6884,27/04/2022,83000,133400,0,0,0,44,,1,,20000,,2,0,35,12/05/2022
6885,30/04/2022,207000,579200,0,2,1,24,31,0,1,31421,22695,3,0,52,
6886,06/06/2024,169000,437800,0,1,1,23,36,1,0,19865,37246,3,0,81,
6887,03/08/2022,253000,379700,0,2,1,43,47,0,1,22832,6567,,0,173,
6888,22/12/2021,31000,64700,0,2,0,55,,1,,20000,,2,1,208,06/01/2022
6889,26/10/2023,71000,162700,0,1,1,68,52,0,0,10025,9975,2,0,75,
6890,14/08/2024,326000,599200,0,1,0,49,,0,,50648,,3,,82,19/08/2024
6891,13/06/2023,76000,121400,0,1,0,52,,0,,20000,,2,2,188,
6892,16/04/2022,166000,219900,2,2,0,19,,1,,20000,,2,0,184,02/06/2022
6893,26/08/2022,280000,507500,0,2,1,23,51,0,1,24549,18999,2,0,48,
6894,06/03/2022,251000,450700,0,0,1,69,24,0,1,25419,13600,2,1,90,
6895,01/12/2023,56000,88600,0,1,0,23,,1,,20000,,2,0,233,
6896,18/02/2022,145000,258900,0,2,0,45,,1,,27756,,3,1,82,
6897,01/08/2023,102000,181100,0,1,0,23,,0,,20000,,3,0,77,
6898,26/04/2022,405000,597700,0,2,0,49,,1,,50846,,2,0,,22/05/2022
6899,17/04/2022,188000,295700,3,2,1,61,39,0,1,16189,11794,3,1,224,
6900,07/04/2022,168000,214000,0,1,1,61,58,0,1,22067,6426,1,0,51,
6901,01/01/2023,270000,379700,0,2,1,42,18,0,1,21289,11786,2,2,174,
6902,28/01/2024,606000,925300,0,1,1,38,40,0,1,40774,42395,3,0,82,14/02/2024
6903,15/06/2022,309000,476800,2,0,1,75,35,1,0,19976,12935,2,0,70,
6904,11/08/2023,128000,208200,0,2,0,47,,1,,20000,,1,0,189,
6905,11/03/2022,77000,99300,0,1,1,36,39,0,1,7428,12572,2,0,9,
6906,05/10/2023,166000,273400,0,1,0,48,,1,,20494,,3,2,0,
6907,09/05/2022,597000,683200,0,,0,41,,1,,102621,,2,0,202,
6908,29/12/2022,166000,268800,0,,0,40,,0,,23178,,2,0,208,
6909,20/07/2023,153000,205100,0,1,0,49,,0,,35954,,2,0,54,15/08/2023
6910,08/09/2023,35000,67500,0,1,0,33,,1,,20000,,2,,13,20/09/2023
6911,14/04/2024,115000,247200,0,1,0,62,,0,,20000,,3,1,13,
6912,31/08/2022,65000,75500,0,0,1,22,62,1,0,10893,9107,2,0,12,
6913,18/05/2024,160000,273500,0,2,1,46,41,0,1,18553,13702,3,1,47,
6914,20/01/2024,185000,209500,1,1,1,64,63,0,1,12327,7673,1,0,83,
6915,08/08/2022,165000,265200,0,1,1,51,33,1,0,9943,10057,2,0,83,04/09/2022
6916,21/03/2024,99000,149500,0,1,0,35,,1,,20000,,2,0,11,
6917,29/12/2022,76000,165400,0,2,0,29,,1,,20000,,3,2,,
6918,23/03/2024,102000,165600,0,1,0,47,,1,,20000,,2,0,84,29/04/2024
6919,21/03/2024,221000,388700,2,1,0,41,,0,,31736,,3,0,175,23/04/2024
6920,19/08/2023,75000,140400,0,1,1,45,49,1,0,7776,12224,2,0,10,08/09/2023
6921,24/03/2022,113000,195400,0,1,0,36,,1,,20000,,2,0,17,
6922,26/04/2023,124000,134700,0,1,0,45,,0,,20000,,2,2,75,
6923,23/03/2022,228000,483700,0,1,1,47,61,1,0,37020,17625,3,0,77,
6924,13/08/2022,149000,234600,0,1,0,37,,1,,20978,,3,0,75,
6925,11/11/2023,1037000,1389500,0,2,1,60,28,1,0,53506,52102,2,0,84,02/01/2024
6926,16/08/2024,295000,552600,0,2,0,47,,0,,58636,,3,0,12,
6927,14/08/2024,354000,632200,0,2,0,62,,0,,59332,,3,0,86,
6928,14/02/2024,158000,303100,0,1,0,48,,1,,26896,,2,0,88,
6929,02/12/2021,175000,262200,0,2,1,57,71,0,0,13275,6725,2,1,47,
6930,09/02/2024,157000,217900,0,1,0,36,,0,,20000,,2,0,94,19/03/2024
6931,05/05/2024,499000,837000,0,2,1,23,72,0,1,42694,21843,2,0,34,
6932,05/09/2021,162000,293600,0,1,0,47,,0,,24352,,2,0,174,28/09/2021
6933,08/07/2022,99000,118700,1,1,0,51,,0,,20000,,2,0,58,
6934,07/08/2023,170000,287200,0,2,0,58,,0,,23500,,2,2,153,
6935,19/11/2022,304000,504700,0,,1,40,18,1,0,8360,37585,3,2,75,
6936,01/06/2023,108000,182700,0,1,0,69,,1,,20000,,2,2,228,25/06/2023
6937,12/06/2024,122000,337100,0,2,0,61,,1,,26916,,2,0,80,
6938,24/09/2022,288000,390900,0,1,1,45,51,1,0,22377,14394,2,0,169,17/11/2022
6939,02/06/2023,209000,359000,0,1,1,36,46,1,0,13023,17385,3,1,80,12/06/2023
6940,20/11/2022,417000,575500,0,2,1,36,50,0,1,29838,12520,2,0,39,
6941,07/06/2023,140000,212600,0,2,0,25,,0,,20000,,1,0,86,
6942,23/07/2023,105000,204900,0,1,0,44,,0,,20000,,1,0,11,03/08/2023
6943,29/06/2023,528000,809600,0,1,0,67,,1,,79741,,3,1,83,30/07/2023
6944,20/02/2024,57000,81700,0,1,0,43,,0,,20000,,2,0,219,
6945,16/08/2023,145000,199300,0,1,0,54,,0,,20000,,2,0,12,
6946,10/09/2023,500000,739600,0,1,0,18,,0,,66714,,3,0,83,12/10/2023
6947,14/06/2023,286000,480200,0,1,1,50,43,0,1,16259,22169,2,0,48,
6948,02/09/2022,167000,210500,0,1,1,59,58,1,1,12693,7307,2,1,246,
6949,19/09/2021,139000,202600,0,1,0,32,,0,,20041,,1,0,6,
6950,29/12/2022,158000,216100,0,1,1,54,60,1,0,9803,10197,1,0,90,25/02/2023
6951,19/09/2021,158000,205100,0,2,0,44,,0,,20000,,,1,8,17/10/2021
6952,07/01/2024,113000,213300,0,0,1,22,39,1,0,11622,11987,3,0,60,
6953,10/07/2024,138000,197600,2,2,0,65,,1,,21072,,0,0,88,
6954,27/12/2023,155000,203700,0,1,1,45,66,0,1,14462,9607,2,0,60,
6955,27/04/2022,89000,199700,0,2,1,39,55,1,0,5155,14845,3,0,82,
6956,09/08/2023,232000,358200,0,1,0,75,,0,,35138,,2,0,167,
6957,11/09/2021,56000,85800,0,1,1,53,63,0,1,10271,9729,2,1,5,
6958,07/08/2022,473000,705100,0,1,0,40,,1,,56114,,3,0,19,
6959,23/08/2024,241000,473900,0,2,1,46,59,1,0,25101,14885,2,0,207,
6960,09/02/2023,55000,85000,3,1,0,27,,1,,20000,,2,0,0,
6961,26/02/2024,60000,127000,0,1,0,49,,0,,20000,,3,0,175,
6962,10/03/2022,88000,158100,0,,0,43,,1,,20000,,3,2,201,
6963,01/11/2023,130000,201200,3,1,1,28,35,1,1,10087,9913,2,2,95,
6964,06/01/2024,129000,189100,2,1,0,75,,0,,20000,,2,0,83,12/02/2024
6965,24/10/2022,95000,182900,0,1,0,48,,0,,20000,,3,0,58,
6966,19/09/2021,45000,132000,0,2,0,37,,0,,20000,,2,0,33,
6967,19/12/2023,74000,129800,0,,1,36,42,1,0,7700,12300,2,0,53,
6968,20/05/2023,98000,185900,0,1,1,63,45,0,1,7078,12922,2,0,83,
6969,19/08/2023,164000,250000,0,0,0,66,,0,,20000,,2,0,211,23/09/2023
6970,17/05/2022,237000,310700,0,2,0,40,,1,,31955,,3,0,86,08/06/2022
6971,29/09/2022,126000,176000,0,1,0,49,,0,,20000,,2,0,20,24/10/2022
6972,31/01/2022,155000,358800,0,0,1,29,49,0,1,11760,22736,2,0,215,27/02/2022
6973,19/01/2022,396000,641400,0,2,0,75,,0,,45225,,3,,80,
6974,28/04/2024,319000,403000,0,0,0,27,,1,,44706,,,0,58,13/06/2024
6975,24/08/2024,94000,170800,0,1,0,64,,0,,20000,,2,2,10,
6976,05/09/2022,580000,1486400,0,1,1,63,36,1,0,73487,90930,2,1,11,
6977,22/11/2022,103000,355500,0,2,0,68,,1,,32051,,,0,39,07/12/2022
6978,08/09/2021,230000,357600,0,1,1,47,28,0,1,33112,6401,3,1,57,
6979,19/02/2024,54000,85500,1,1,1,55,43,0,1,18783,1217,2,0,93,05/03/2024
6980,23/03/2023,143000,207700,0,1,0,56,,0,,20000,,1,0,236,
6981,29/04/2022,291000,622000,,1,0,47,,0,,68118,,2,0,74,
6982,20/01/2022,137000,255300,2,2,0,38,,0,,28060,,2,1,96,
6983,16/11/2021,201000,328900,0,2,0,29,,1,,23374,,2,2,91,21/12/2021
6984,11/11/2022,291000,449700,0,1,1,73,61,1,0,15583,22993,2,0,18,15/12/2022
6985,08/05/2023,19000,37100,0,1,1,39,41,1,0,9366,10634,2,0,9,
6986,24/11/2021,107000,208600,0,1,1,47,37,0,1,12544,7843,1,0,73,01/12/2021
6987,09/03/2023,340000,551600,0,2,0,23,,0,,41032,,2,0,74,
6988,26/03/2022,103000,207000,3,2,0,58,,1,,20000,,2,,217,
6989,14/03/2023,172000,227300,0,2,0,29,,1,,20000,,2,0,49,14/04/2023
6990,10/02/2024,65000,117100,,1,0,57,,1,,20000,,2,0,,
6991,17/12/2023,125000,166000,0,0,0,42,,1,,20000,,2,0,222,16/02/2024
6992,08/03/2023,128000,170400,1,1,0,42,,1,,20000,,3,0,79,
6993,04/09/2023,267000,413300,0,1,0,26,,1,,68791,,2,0,246,
6994,28/02/2023,275000,429000,2,1,1,69,58,1,0,28240,5926,2,0,228,25/03/2023
6995,02/05/2023,335000,898500,0,2,0,57,,1,,75772,,3,0,13,
6996,11/11/2021,171000,254000,2,0,0,55,,0,,23843,,2,0,210,
6997,08/05/2024,272000,375000,0,2,0,49,,0,,30553,,3,0,0,17/05/2024
6998,07/01/2022,62000,118600,0,2,0,18,,0,,20000,,2,0,187,
6999,05/07/2024,106000,130300,0,1,0,27,,1,,20000,,2,0,70,30/07/2024
7000,28/08/2024,41000,81900,2,1,0,39,,0,,20000,,2,1,74,
7001,12/04/2024,364000,529700,0,,0,33,,0,,48162,,2,0,191,
7002,17/08/2022,102000,175200,0,1,0,56,,1,,20000,,2,0,199,
7003,11/12/2023,126000,196000,0,2,1,54,31,0,1,12093,7907,0,0,35,
7004,12/08/2022,141000,191100,,2,1,65,18,0,0,12485,7515,0,1,78,
7005,17/07/2023,143000,197900,0,1,0,44,,1,,20000,,1,1,,07/08/2023
7006,31/07/2022,94000,193700,0,1,1,43,46,0,1,6364,13636,0,,,
7007,28/05/2024,434000,562000,0,2,1,60,48,1,0,9778,37468,3,0,62,26/07/2024
7008,05/06/2022,93000,206900,2,1,1,49,66,0,0,9771,10229,2,1,31,
7009,06/04/2024,293000,572100,,0,0,54,,1,,52534,,2,0,194,
7010,04/09/2021,57000,72600,0,1,1,40,53,1,0,10161,9839,2,0,215,
7011,12/09/2022,310000,516900,3,1,0,60,,0,,52123,,,1,36,
7012,28/06/2023,106000,195900,0,0,1,33,52,0,0,15169,4831,0,2,79,
7013,14/08/2022,1010000,1356800,1,2,1,18,21,1,0,45029,63183,3,0,7,
7014,28/08/2022,122000,216800,0,1,0,24,,1,,27861,,2,2,256,
7015,27/08/2024,176000,425100,0,1,0,31,,1,,46423,,2,0,57,
7016,11/05/2022,127000,194500,0,1,1,37,64,0,1,8618,11382,2,,17,
7017,30/05/2024,891000,1261300,0,1,0,57,,0,,105152,,3,1,92,
7018,28/03/2023,335000,459400,0,1,1,54,42,1,0,18569,17696,2,0,183,
7019,13/08/2023,75000,135200,0,1,0,44,,1,,20000,,2,0,49,
7020,16/08/2023,91000,148900,0,1,0,25,,1,,20000,,2,0,26,
7021,14/07/2023,61000,120100,0,1,1,52,62,1,1,13217,6783,2,0,59,
7022,16/08/2023,61000,92200,0,2,1,52,29,0,1,6460,13540,2,1,74,
7023,10/08/2023,204000,522900,3,0,1,50,57,0,1,19948,40805,2,2,51,27/08/2023
7024,09/07/2022,199000,321100,3,2,0,36,,1,,33211,,2,2,55,19/08/2022
7025,17/04/2022,96000,175700,0,2,1,18,18,0,1,17110,7987,2,0,54,
7026,21/08/2023,115000,219800,,1,0,55,,1,,20927,,3,,193,
7027,09/08/2024,96000,169200,0,2,0,41,,0,,20000,,,1,264,
7028,08/11/2021,149000,371600,0,,0,26,,0,,34571,,3,0,70,
7029,17/08/2022,221000,301000,0,1,0,57,,1,,24211,,3,0,77,
7030,13/10/2022,101000,217300,0,0,1,29,37,0,0,20193,7948,1,0,81,02/11/2022
7031,18/08/2022,77000,125900,0,1,0,39,,1,,20000,,,1,31,
7032,11/09/2022,123000,150300,,2,0,28,,1,,20000,,2,0,177,
7033,27/10/2022,138000,197800,0,1,0,35,,0,,20000,,0,2,231,
7034,23/03/2024,91000,164600,0,1,0,55,,0,,20000,,3,0,3,13/04/2024
7035,24/06/2024,172000,233900,2,2,1,75,53,1,0,10405,14697,2,,235,
7036,02/02/2024,446000,833700,3,1,1,28,57,1,0,64263,37247,3,1,91,
7037,28/08/2024,39000,59600,0,1,1,18,35,1,0,10682,9318,2,0,80,
7038,07/08/2023,191000,364000,0,0,0,58,,0,,43303,,3,0,13,
7039,22/06/2022,195000,321200,0,1,0,58,,1,,27501,,2,0,11,31/07/2022
7040,25/01/2022,92000,170700,0,2,0,23,,0,,20000,,2,0,240,
7041,19/12/2023,112000,210400,0,1,1,46,42,1,0,6427,13573,1,2,210,
7042,23/01/2024,68000,127600,1,2,0,62,,0,,20000,,3,0,75,
7043,23/11/2022,549000,955400,0,1,1,18,18,0,1,32434,49167,3,0,219,
7044,17/08/2023,129000,175800,0,1,1,25,44,0,0,16188,3812,2,0,9,08/09/2023
7045,20/01/2023,90000,145000,2,1,0,44,,0,,20000,,3,0,15,
7046,11/02/2024,530000,678700,0,2,0,46,,0,,67416,,3,1,60,05/03/2024
7047,18/04/2022,168000,227100,2,2,0,37,,0,,34183,,2,1,18,
7048,10/10/2021,173000,201100,0,1,1,40,51,1,0,5941,14059,2,0,54,
7049,08/03/2022,41000,81900,0,1,0,35,,1,,20000,,2,0,175,
7050,04/07/2023,341000,698200,0,0,0,55,,1,,54165,,2,,84,
7051,05/04/2022,165000,206200,0,2,0,53,,1,,20000,,1,0,81,14/05/2022
7052,15/04/2023,45000,80500,0,0,0,63,,1,,20000,,2,0,50,
7053,09/08/2023,143000,239700,1,0,1,35,35,0,1,10109,13373,2,1,,
7054,14/03/2024,128000,225100,0,,1,65,54,0,1,9781,13447,2,0,18,
7055,05/06/2023,35000,56100,0,2,1,43,23,0,0,16067,3933,2,0,6,24/06/2023
7056,30/01/2022,227000,408900,0,1,0,18,,1,,40679,,2,,39,
7057,10/04/2024,115000,187400,0,2,0,38,,1,,20000,,0,2,84,
7058,28/08/2022,220000,459600,0,2,1,54,29,1,1,13109,18850,2,1,75,
7059,08/12/2023,166000,204800,0,1,0,52,,0,,20008,,1,0,19,
7060,23/08/2022,94000,170500,0,1,1,69,24,0,1,10177,9823,2,0,171,
7061,16/05/2022,32000,103100,0,0,0,75,,1,,20000,,2,0,8,20/05/2022
7062,17/08/2022,29000,48100,0,1,0,57,,0,,20000,,2,0,88,27/08/2022
7063,16/09/2022,495000,753100,0,1,1,54,35,0,1,36495,24744,2,0,6,18/10/2022
7064,24/03/2023,112000,203000,0,1,1,43,18,0,1,9690,10310,0,0,212,
7065,08/12/2021,30000,64200,0,2,1,62,68,1,0,8137,11863,,0,17,
7066,27/06/2023,341000,486300,1,1,1,24,42,0,1,18667,30152,2,0,12,16/07/2023
7067,11/01/2022,121000,224700,0,2,1,59,35,0,1,8089,11911,2,1,86,22/02/2022
7068,18/12/2021,47000,66600,0,1,0,62,,1,,20000,,2,0,72,19/01/2022
7069,16/10/2021,282000,449100,0,2,1,55,69,0,1,16186,23223,2,0,9,
7070,14/08/2022,102000,164800,0,0,1,38,64,1,0,8482,11518,3,0,34,
7071,16/02/2022,82000,152300,0,1,0,50,,0,,20000,,2,2,224,
7072,25/08/2023,90000,205500,0,1,1,56,59,0,1,12901,7099,1,1,240,
7073,05/07/2022,140000,186700,0,1,0,66,,0,,20000,,2,0,15,03/08/2022
7074,07/03/2023,122000,194900,0,2,0,37,,0,,20000,,2,0,35,
7075,17/09/2022,139000,201600,0,1,1,54,18,1,0,12059,7941,2,0,188,
7076,31/01/2024,133000,227000,0,1,0,48,,1,,20000,,2,2,84,
7077,12/02/2023,38000,46600,2,1,1,53,46,0,1,7336,12664,2,0,63,
7078,11/08/2023,86000,145900,0,1,1,61,49,1,0,10279,9721,2,2,56,
7079,27/03/2022,66000,106800,,1,0,65,,1,,20000,,2,0,55,
7080,09/09/2022,457000,703300,0,2,1,49,29,0,1,37874,15125,2,1,82,
7081,24/04/2022,59000,120800,0,2,1,57,18,1,0,10444,9556,2,0,83,
7082,22/01/2023,263000,409000,3,2,0,30,,0,,34166,,2,1,11,
7083,11/11/2022,137000,199000,0,2,1,66,18,1,0,9702,10298,1,1,34,04/12/2022
7084,27/09/2021,470000,621800,1,0,1,22,54,1,0,37547,15800,2,0,220,
7085,12/04/2023,112000,167400,0,1,0,66,,0,,20000,,2,1,69,
7086,28/08/2024,94000,202000,0,1,0,43,,0,,22267,,1,0,89,
7087,11/05/2022,145000,270200,,1,1,70,35,1,0,11322,15802,2,2,220,05/06/2022
7088,10/10/2022,127000,277500,0,2,0,52,,0,,20000,,2,0,83,
7089,26/03/2024,117000,219100,0,1,1,23,75,1,0,6528,15027,2,1,13,
7090,07/09/2022,81000,158000,0,1,1,53,23,0,1,7044,12956,2,1,77,
7091,09/11/2021,153000,203500,0,2,0,33,,1,,20000,,2,,198,
7092,29/05/2022,103000,193000,0,2,1,39,48,0,1,2406,17594,0,0,55,
7093,07/10/2021,110000,175800,0,1,0,47,,1,,20000,,3,0,17,17/10/2021
7094,06/03/2022,46000,86600,1,1,1,34,27,1,0,7015,12985,2,0,78,
7095,24/09/2022,102000,138600,0,1,1,59,30,0,1,10746,9254,2,0,59,
7096,05/08/2023,62000,121600,0,2,1,60,70,1,0,10303,9697,2,2,70,
7097,06/01/2024,153000,202900,0,1,0,18,,1,,20000,,1,0,60,01/02/2024
7098,18/04/2024,129000,208400,0,1,0,48,,0,,24144,,3,0,12,
7099,03/06/2024,80000,170200,0,1,1,30,47,0,1,25186,1743,2,1,52,
7100,25/08/2022,122000,185600,0,1,1,42,55,1,0,8609,11391,2,0,84,
7101,05/05/2023,217000,285600,0,1,1,27,50,1,0,5097,14903,2,0,6,
7102,21/06/2023,331000,545700,0,1,1,40,47,1,0,47616,17370,3,0,182,06/07/2023
7103,28/01/2023,209000,319200,0,0,1,61,50,0,1,16958,10004,2,2,220,
7104,25/12/2023,64000,85600,0,2,0,42,,0,,20000,,2,0,8,09/02/2024
7105,26/06/2023,152000,245000,0,1,0,56,,1,,21489,,2,0,80,
7106,31/08/2023,51000,102800,2,1,0,28,,1,,20000,,3,1,72,18/09/2023
7107,25/08/2023,207000,556100,0,,1,40,46,1,0,27617,21861,2,0,148,
7108,10/05/2023,268000,408400,,2,0,25,,1,,41460,,3,0,14,18/05/2023
7109,18/08/2023,78000,136600,0,1,0,50,,0,,20000,,2,0,61,
7110,29/06/2023,342000,454600,,2,0,73,,1,,55348,,2,0,202,06/08/2023
7111,07/11/2023,407000,497400,0,1,0,20,,1,,30080,,2,0,84,
7112,17/05/2022,98000,122900,0,1,1,38,18,1,0,10439,9561,2,0,92,
7113,02/01/2024,161000,331400,0,1,0,32,,1,,26903,,2,0,37,
7114,01/09/2022,115000,159900,,1,0,39,,0,,20000,,2,0,15,
7115,06/04/2023,124000,196300,0,2,1,61,49,1,0,6399,13601,0,0,30,
7116,08/03/2022,149000,211700,0,2,0,62,,0,,23838,,1,0,44,26/03/2022
7117,11/10/2021,105000,170500,0,1,0,18,,0,,20000,,2,0,14,
7118,28/04/2023,205000,306600,0,1,0,33,,1,,21765,,2,0,17,
7119,18/03/2022,88000,173800,0,1,0,68,,1,,20000,,2,1,176,
7120,14/04/2023,117000,166000,0,1,1,34,50,0,1,16246,3754,2,0,59,01/05/2023
7121,10/08/2023,149000,224700,0,1,0,54,,1,,20247,,2,0,16,30/08/2023
7122,08/10/2022,90000,146600,0,1,1,34,35,0,1,14701,5299,2,0,12,
7123,27/12/2022,124000,196100,0,1,0,45,,0,,20000,,3,0,14,
7124,08/04/2023,241000,412000,0,0,0,56,,1,,47042,,2,1,37,22/04/2023
7125,11/08/2023,169000,209700,0,1,0,57,,0,,24327,,2,0,78,07/09/2023
7126,10/10/2021,127000,192400,0,1,0,26,,1,,20000,,0,0,49,
7127,11/09/2023,44000,137100,0,2,1,53,18,1,0,7540,12460,2,,54,
7128,25/09/2021,133000,202000,0,2,0,35,,0,,20462,,2,1,54,
7129,26/08/2024,131000,262800,0,1,0,40,,1,,26096,,2,0,7,
7130,04/05/2023,175000,265100,1,1,0,48,,1,,26219,,3,0,91,
7131,09/07/2024,97000,195600,0,2,0,43,,1,,24883,,2,0,46,27/07/2024
7132,16/04/2024,91000,150500,0,,1,30,55,1,0,9393,10652,2,0,67,18/05/2024
7133,23/02/2023,383000,684500,0,1,0,72,,1,,61373,,,0,86,25/03/2023
7134,29/06/2022,871000,1356600,0,2,0,58,,1,,116383,,2,0,51,
7135,13/04/2023,107000,226400,0,1,1,29,18,0,1,10485,17332,2,,92,25/04/2023
7136,07/08/2023,165000,208900,0,1,0,54,,1,,20000,,2,0,4,16/09/2023
7137,03/03/2022,612000,939600,0,2,0,18,,0,,118147,,2,0,82,
7138,19/10/2023,121000,204600,0,2,0,47,,1,,20000,,2,0,81,
7139,13/07/2024,63000,94800,0,2,1,36,50,0,1,7204,12796,2,0,91,
7140,21/06/2023,83000,129100,0,1,1,57,44,0,1,9599,10401,2,2,10,
7141,30/08/2023,287000,382700,0,1,0,57,,0,,33839,,2,0,7,
7142,05/09/2022,160000,199000,0,1,0,42,,1,,27350,,0,,78,
7143,26/02/2023,240000,409600,0,,0,50,,1,,47968,,2,0,13,
7144,29/03/2023,232000,404800,0,2,1,33,34,0,1,13467,16481,2,0,119,
7145,08/10/2021,333000,585300,0,2,0,53,,0,,57245,,2,1,102,
7146,05/03/2024,98000,204000,0,1,0,61,,1,,21225,,1,0,40,
7147,03/03/2024,267000,469900,0,2,1,26,29,1,0,32677,16767,2,0,74,
7148,01/03/2024,192000,303300,0,1,0,42,,0,,30180,,2,1,202,
7149,09/06/2023,76000,121900,0,1,0,44,,1,,20000,,2,0,81,
7150,01/06/2024,173000,237300,,0,0,43,,1,,33798,,2,0,223,02/07/2024
7151,30/08/2022,48000,112500,0,1,1,67,39,0,1,6362,13638,2,0,41,
7152,18/04/2024,264000,338100,0,1,1,58,26,0,1,13893,12180,3,0,202,
7153,25/05/2024,120000,200400,0,1,0,27,,0,,20000,,0,,13,10/06/2024
7154,14/01/2022,167000,323400,0,1,1,48,55,0,1,10678,15225,3,2,14,
7155,28/07/2022,477000,523700,2,1,1,36,30,1,0,18337,22128,3,1,239,
7156,31/01/2023,98000,172800,0,1,0,28,,0,,20000,,,0,196,06/02/2023
7157,09/02/2023,48000,70600,0,1,0,52,,1,,20000,,2,0,17,
7158,12/03/2024,232000,299400,0,1,0,39,,1,,31747,,2,1,9,
7159,01/03/2023,118000,184400,2,1,0,39,,0,,20000,,,1,56,
7160,24/08/2023,199000,281200,0,1,0,61,,0,,24717,,3,2,83,
7161,27/03/2024,574000,846000,0,,0,40,,0,,58354,,2,0,31,
7162,14/12/2021,109000,206500,0,1,0,22,,0,,26540,,1,0,84,
7163,09/08/2023,376000,511400,0,0,1,41,66,1,0,30138,2984,2,0,54,16/09/2023
7164,10/06/2023,95000,130700,0,1,0,30,,0,,20000,,2,0,10,
7165,03/10/2021,216000,247000,0,2,0,51,,0,,23642,,2,2,86,
7166,31/05/2024,27000,37300,0,1,1,18,52,1,0,10805,9195,2,0,11,04/07/2024
7167,12/04/2023,174000,239900,0,0,0,43,,0,,22759,,2,0,51,06/05/2023
7168,06/09/2023,144000,220700,0,1,1,41,36,1,0,8655,11993,2,0,74,24/09/2023
7169,11/07/2022,229000,489900,0,2,1,67,54,1,1,25612,27745,3,1,18,
7170,20/04/2023,118000,195500,1,2,0,29,,1,,20000,,0,0,12,
7171,08/10/2022,290000,372800,0,1,0,43,,1,,25668,,2,0,208,
7172,01/09/2022,89000,288300,,2,1,25,61,1,0,9587,12099,2,0,254,
7173,04/05/2024,267000,352000,0,,1,25,31,1,0,5868,19999,2,0,91,
7174,23/04/2022,139000,358700,0,2,1,56,59,0,1,16223,21558,2,1,179,
7175,20/05/2022,132000,219700,0,2,0,32,,0,,26660,,1,0,91,
7176,09/09/2022,307000,447800,0,1,0,33,,0,,40554,,,,80,
7177,09/09/2022,176000,359500,1,0,0,32,,0,,30968,,3,2,,
7178,10/02/2022,38000,79400,,1,0,43,,0,,20000,,2,0,69,23/01/2022
7179,06/09/2023,111000,193200,0,2,0,54,,0,,20000,,2,2,236,25/09/2023
7180,08/12/2022,235000,401200,0,0,1,31,33,0,1,21396,22918,3,0,54,
7181,15/01/2022,64000,212300,2,2,0,57,,1,,21930,,1,0,63,
7182,11/02/2024,143000,197800,0,1,1,18,43,0,1,12394,7606,,1,18,16/03/2024
7183,28/01/2022,328000,547000,0,2,0,49,,1,,53353,,2,0,221,
7184,18/08/2024,453000,620900,0,1,0,48,,1,,49284,,2,0,45,
7185,21/08/2022,225000,258300,0,2,0,63,,0,,20940,,2,2,82,
7186,28/01/2023,136000,204400,0,1,1,49,33,0,1,11808,8192,0,0,55,
7187,10/08/2023,110000,164800,0,1,1,35,25,1,0,14773,5227,2,0,87,
7188,16/08/2022,137000,222000,0,2,0,44,,1,,20000,,2,0,73,
7189,17/09/2023,126000,203700,0,1,1,27,69,1,0,12264,7736,2,0,74,12/10/2023
7190,17/08/2023,96000,145300,0,2,1,38,73,1,0,9934,10066,,0,52,06/10/2023
7191,01/11/2021,157000,189400,0,1,0,18,,0,,20000,,3,0,68,
7192,24/08/2023,49000,119700,0,2,0,48,,0,,20000,,2,0,193,15/09/2023
7193,10/03/2023,296000,364900,0,1,1,75,50,0,0,6810,20424,2,0,5,14/05/2023
7194,17/07/2022,146000,218900,0,2,1,67,58,0,1,8576,11546,2,0,175,
7195,20/08/2023,112000,189700,0,2,1,33,25,0,0,15257,4743,3,1,198,
7196,09/09/2021,98000,119500,0,1,1,64,35,1,0,5996,14004,2,0,12,
7197,09/11/2022,338000,567300,0,1,0,55,,0,,72351,,3,0,63,03/12/2022
7198,02/07/2022,56000,79300,0,1,1,55,33,0,1,10485,9515,2,0,14,
7199,23/03/2022,103000,148600,0,1,0,44,,1,,20000,,2,1,65,
7200,24/08/2023,407000,479400,0,0,0,62,,1,,44425,,3,0,0,
7201,02/02/2024,161000,203200,0,2,0,37,,1,,22313,,1,0,184,
7202,10/06/2022,143000,232900,1,1,0,35,,1,,21488,,3,0,174,16/07/2022
7203,07/08/2022,225000,292400,0,1,0,57,,0,,35054,,3,2,139,
7204,29/03/2024,236000,353800,0,1,1,47,45,1,0,12910,14301,2,0,225,
7205,30/01/2022,50000,87700,0,0,0,44,,0,,20000,,2,0,193,13/02/2022
7206,11/09/2022,128000,204600,0,2,0,46,,1,,24060,,1,0,,
7207,19/12/2021,69000,109800,0,1,0,54,,1,,20000,,2,0,49,
7208,30/08/2024,325000,530300,0,2,0,55,,1,,64602,,2,0,218,
7209,16/12/2021,254000,408700,0,1,0,44,,0,,58003,,3,0,77,
7210,09/12/2022,155000,216200,0,2,0,22,,1,,20000,,2,2,85,12/01/2023
7211,29/04/2023,207000,292400,,2,1,53,44,1,0,9069,14892,3,0,72,08/06/2023
7212,29/01/2024,62000,88900,0,1,1,18,19,1,0,7046,12954,2,1,88,
7213,13/03/2022,46000,97400,0,1,0,49,,0,,20000,,2,0,74,26/03/2022
7214,17/01/2022,171000,341300,0,0,0,32,,1,,28421,,3,0,84,
7215,03/01/2022,91000,208100,2,,1,62,35,0,1,6572,13428,1,0,182,07/02/2022
7216,03/05/2022,176000,239900,0,1,0,44,,0,,20000,,2,0,205,29/05/2022
7217,07/09/2022,105000,141600,0,1,1,70,42,0,1,9487,10513,3,0,12,
7218,19/08/2023,124000,156800,0,1,1,46,52,0,1,14318,5682,2,0,133,
7219,29/10/2022,230000,459000,0,2,0,32,,0,,41553,,3,0,51,
7220,05/06/2023,216000,273300,0,1,0,53,,1,,20000,,3,,9,
7221,18/12/2021,188000,423000,0,1,0,53,,0,,54397,,3,2,86,
7222,09/09/2022,105000,199100,0,1,1,18,49,0,1,4452,18709,0,0,249,
7223,07/09/2021,218000,377700,0,2,0,33,,0,,54785,,2,0,38,17/09/2021
7224,21/08/2022,109000,146900,0,2,1,43,47,0,0,15536,4464,2,1,10,
7225,08/05/2022,93000,174200,0,2,0,42,,1,,20000,,2,2,216,
7226,04/06/2023,54000,98700,0,1,0,51,,1,,20000,,2,0,166,
7227,08/08/2024,104000,152200,0,1,0,29,,0,,20000,,2,0,56,
7228,22/07/2023,58000,75100,0,0,1,41,20,0,1,4694,15306,2,0,4,
7229,04/09/2023,239000,276600,0,,0,52,,0,,31520,,2,0,188,08/10/2023
7230,11/08/2024,140000,262100,2,1,1,74,34,0,1,14355,9176,2,0,91,
7231,14/09/2023,106000,209200,0,0,0,53,,1,,20000,,1,0,67,
7232,18/12/2021,68000,150300,0,1,1,51,44,1,0,11748,8252,2,0,192,09/01/2022
7233,01/09/2024,341000,444500,0,2,1,70,66,0,1,22554,46054,2,0,245,
7234,14/01/2023,158000,177300,0,2,0,58,,1,,20000,,2,0,54,
7235,31/01/2023,102000,151700,0,2,1,46,34,0,0,10379,9621,2,0,68,
7236,26/08/2024,215000,356300,0,1,1,53,62,0,1,19678,12069,2,0,15,
7237,21/12/2022,149000,198300,0,1,0,48,,1,,20000,,0,0,86,29/01/2023
7238,16/08/2022,415000,500300,0,,1,27,32,0,1,12320,28296,2,0,36,
7239,19/08/2024,124000,207400,0,0,0,48,,1,,22215,,2,0,72,
7240,31/03/2023,128000,335200,0,1,1,75,53,0,1,18184,6891,2,0,4,26/03/2023
7241,09/09/2023,117000,158000,0,1,0,38,,0,,20000,,2,0,191,
7242,21/05/2023,192000,286500,2,1,1,70,56,0,1,9081,16918,2,0,223,11/07/2023
7243,19/11/2023,105000,196900,0,1,1,37,44,1,1,5054,14946,2,0,62,
7244,19/08/2023,174000,253700,0,1,1,75,40,0,1,9436,12719,2,0,166,
7245,13/08/2023,18000,30800,3,2,1,66,75,1,0,12191,7809,2,0,87,14/08/2023
7246,17/04/2024,90000,116500,0,2,0,55,,1,,20000,,2,,57,
7247,27/07/2023,107000,146600,0,1,1,67,36,1,0,9152,10848,2,2,36,
7248,19/06/2022,151000,222600,0,0,0,50,,0,,20555,,2,0,14,15/07/2022
7249,10/05/2024,31000,48800,3,0,1,59,28,1,0,2864,17136,2,0,72,
7250,27/06/2023,125000,241700,0,,0,56,,1,,21080,,3,0,43,18/07/2023
7251,24/10/2022,301000,652200,0,1,0,45,,0,,63544,,3,1,91,
7252,08/12/2022,87000,198000,0,0,1,48,56,1,0,16750,3250,0,0,85,
7253,10/02/2023,219000,369000,0,2,0,33,,1,,34481,,3,2,11,
7254,22/09/2022,275000,423100,0,2,0,38,,1,,25483,,2,1,8,
7255,10/04/2023,60000,110600,0,2,1,46,41,0,1,9083,10917,2,0,39,11/05/2023
7256,17/09/2021,56000,105900,0,0,0,34,,1,,20000,,2,0,167,
7257,23/11/2023,157000,203100,2,2,0,55,,1,,21246,,2,0,193,
7258,10/08/2022,74000,135500,0,2,0,21,,0,,20000,,2,0,62,
7259,04/01/2024,414000,609400,0,2,1,25,31,1,1,31696,13610,2,2,58,
7260,06/01/2022,302000,346400,0,1,1,50,53,1,1,23865,7823,2,0,51,
7261,02/07/2022,158000,199200,0,0,0,39,,0,,20000,,0,,81,
7262,20/09/2023,110000,197600,0,1,0,62,,0,,21625,,0,1,10,
7263,09/03/2024,64000,100800,0,2,1,42,20,0,1,12568,7432,3,1,85,
7264,18/06/2024,50000,70000,3,1,1,18,31,0,1,14178,5822,2,2,92,22/07/2024
7265,09/09/2022,103000,130400,0,1,1,50,22,0,1,14989,5011,2,2,217,
7266,18/05/2024,143000,204600,2,1,0,27,,1,,20000,,1,0,17,
7267,27/06/2024,32000,51700,0,1,0,38,,1,,20000,,2,1,7,
7268,01/09/2022,107000,192500,0,1,0,49,,0,,20000,,2,0,8,
7269,20/08/2024,538000,814000,0,1,0,37,,0,,83977,,2,0,40,
7270,10/03/2022,333000,376500,0,1,0,65,,1,,31598,,2,0,207,26/04/2022
7271,17/01/2022,223000,426800,3,1,1,45,26,1,0,13751,20857,,0,85,07/02/2022
7272,12/04/2023,171000,207600,3,2,0,18,,1,,20813,,1,0,61,30/05/2023
7273,01/08/2023,133000,205100,,1,0,43,,0,,20000,,1,0,11,
7274,03/04/2022,375000,736300,0,1,0,58,,1,,70896,,2,0,54,18/04/2022
7275,16/08/2022,120000,284000,0,2,1,39,45,0,1,13029,10487,2,0,63,
7276,21/12/2023,349000,408700,2,2,1,31,48,1,0,14533,15492,2,1,75,
7277,01/11/2022,172000,398700,0,2,0,32,,1,,32602,,2,1,204,
7278,13/02/2024,107000,205000,0,1,1,53,45,0,1,9570,10801,1,0,49,
7279,30/04/2024,142000,194600,0,1,1,43,45,0,1,8420,11580,0,,39,
7280,26/08/2024,110000,160200,0,,0,51,,1,,20000,,2,0,34,
7281,06/09/2021,127000,202100,,2,1,22,40,0,1,6234,13766,0,0,224,06/10/2021
7282,03/06/2024,235000,339400,0,1,1,44,45,1,0,9947,17798,3,0,44,
7283,16/06/2024,198000,372900,0,1,1,69,49,0,1,12377,15638,2,1,13,21/07/2024
7284,20/11/2023,289000,471700,0,2,0,66,,1,,49320,,3,,197,
7285,23/01/2023,358000,618600,0,1,0,70,,1,,73994,,3,0,5,
7286,14/08/2022,148000,194300,0,2,1,37,35,0,1,8304,11696,2,0,55,
7287,06/08/2022,295000,384200,0,1,0,27,,0,,30204,,3,0,159,
7288,30/07/2024,85000,166300,0,1,0,31,,1,,20000,,2,2,77,
7289,02/02/2024,385000,595300,2,1,0,45,,1,,62520,,2,1,60,
7290,30/11/2021,144000,203200,0,0,1,61,74,1,0,12780,7220,0,0,86,10/12/2021
7291,10/08/2022,80000,202300,0,1,0,48,,0,,20000,,0,,75,
7292,23/04/2022,426000,671200,0,1,0,22,,1,,80614,,3,0,178,
7293,17/11/2021,486000,662800,3,1,1,33,29,0,1,20569,34302,3,0,56,16/12/2021
7294,18/05/2023,118000,384500,0,1,0,46,,0,,32386,,2,0,80,04/06/2023
7295,27/08/2022,297000,448100,0,1,0,42,,0,,32444,,2,,13,
7296,13/08/2023,157000,205900,0,0,0,55,,1,,20000,,2,0,7,26/09/2023
7297,27/08/2022,108000,167500,,1,1,65,47,1,0,5701,14299,3,1,77,
7298,19/09/2023,308000,408300,2,1,0,66,,1,,43696,,3,0,56,
7299,29/03/2024,114000,216100,0,1,1,35,31,0,1,11481,8519,2,0,57,
7300,14/05/2022,548000,754900,,1,0,52,,1,,102275,,2,0,82,
7301,12/11/2022,132000,243400,1,2,0,58,,0,,20253,,2,0,51,
7302,03/05/2023,103000,150200,0,1,0,30,,1,,20000,,3,2,,11/06/2023
7303,03/09/2023,96000,151000,0,1,1,25,56,1,1,11330,8670,2,0,72,
7304,17/08/2024,146000,257200,0,1,1,30,37,1,1,15753,12398,,0,233,
7305,15/03/2024,136000,195000,3,1,1,42,52,0,1,3752,16248,0,0,228,16/05/2024
7306,07/10/2022,249000,457900,2,1,0,49,,0,,40651,,2,,,14/11/2022
7307,14/08/2024,122000,194300,0,0,1,56,53,1,0,8880,11120,0,0,89,
7308,08/08/2022,420000,523800,0,1,0,43,,1,,41176,,2,0,84,
7309,05/09/2021,99000,139100,0,1,1,51,64,0,1,11004,8996,2,0,84,
7310,02/03/2022,204000,290200,1,2,0,71,,0,,27575,,2,0,69,
7311,18/03/2024,127000,220800,0,1,1,28,55,0,0,11903,8097,,1,16,
7312,19/08/2024,328000,621300,0,1,0,39,,0,,62579,,2,2,73,
7313,14/09/2023,257000,366300,0,1,1,45,42,0,1,41731,4673,2,0,84,
7314,14/08/2022,151000,266000,3,1,0,56,,0,,37868,,3,0,15,
7315,18/08/2022,96000,165400,0,1,0,59,,0,,29607,,3,0,66,
7316,23/10/2022,188000,216200,0,1,0,39,,1,,20000,,,0,74,27/11/2022
7317,14/02/2023,119000,157600,3,2,0,51,,0,,21284,,2,0,45,
7318,09/08/2022,103000,194500,0,1,0,66,,0,,20000,,0,2,71,
7319,21/04/2023,91000,200200,0,1,1,30,24,1,0,17726,5623,,0,60,
7320,31/01/2023,516000,662800,0,2,0,49,,1,,59924,,3,0,51,12/03/2023
7321,06/03/2023,159000,209100,0,1,1,26,55,0,1,14495,5853,1,1,4,
7322,08/09/2023,348000,430200,0,0,0,38,,0,,35804,,3,0,170,
7323,06/11/2022,268000,367600,0,1,0,44,,1,,39426,,2,,6,
7324,28/03/2023,673000,1142000,0,1,1,31,61,1,0,60100,51100,2,1,61,
7325,15/07/2023,52000,82800,0,1,1,28,34,1,0,7143,12857,,0,78,
7326,06/09/2021,328000,557600,0,1,0,30,,0,,38197,,,1,193,
7327,05/07/2022,144000,240900,,2,1,29,57,0,1,15856,8858,2,0,78,04/08/2022
7328,10/10/2022,143000,217800,2,1,1,57,42,0,0,9469,15703,2,0,16,
7329,06/04/2024,152000,261000,2,1,1,34,52,0,1,12593,13066,2,0,19,
7330,13/10/2021,618000,898300,0,1,0,48,,1,,115163,,3,1,69,
7331,03/10/2023,236000,397800,0,1,0,47,,1,,40181,,3,1,56,
7332,09/09/2021,146000,205400,2,2,0,52,,0,,22430,,1,1,212,
7333,09/08/2023,193000,246400,0,1,1,38,47,0,1,17672,16950,2,0,82,
7334,08/02/2023,63000,121400,1,1,0,19,,0,,20000,,2,2,45,
7335,29/06/2024,1925000,3136700,0,1,1,49,26,1,0,166138,101261,2,0,239,28/07/2024
7336,03/07/2023,151000,328300,0,1,0,44,,0,,34106,,2,0,73,
7337,22/04/2023,168000,242900,0,2,1,36,38,1,1,7521,13025,2,0,58,20/05/2023
7338,21/10/2023,211000,260900,1,1,0,52,,0,,26817,,2,0,0,05/11/2023
7339,05/09/2021,273000,494500,0,2,1,28,51,1,0,42957,10781,,0,74,01/10/2021
7340,08/07/2022,99000,239000,0,1,1,42,52,0,1,9873,10127,2,0,67,
7341,14/05/2024,34000,45400,0,0,0,30,,0,,20000,,2,,242,
7342,31/08/2024,156000,194900,0,0,0,37,,1,,21576,,2,0,84,
7343,20/08/2023,131000,169900,0,0,1,34,57,1,0,8841,11159,2,0,8,
7344,05/03/2024,113000,337000,0,1,0,42,,0,,31986,,3,1,91,
7345,19/04/2023,135000,210000,0,1,1,57,63,1,1,14622,5378,2,0,55,
7346,10/10/2022,178000,306200,0,1,0,44,,1,,22792,,2,0,,
7347,30/10/2023,108000,148700,0,0,0,64,,0,,20000,,2,0,196,15/12/2023
7348,03/11/2022,79000,105400,0,1,0,55,,1,,20000,,2,0,96,14/12/2022
7349,18/07/2023,174000,363100,0,2,1,61,35,1,0,7546,25662,3,1,218,
7350,04/05/2022,129000,181900,0,2,0,39,,0,,21020,,2,0,58,
7351,09/08/2023,138000,212300,0,1,0,24,,1,,20811,,2,2,47,
7352,06/04/2024,57000,118000,0,2,0,43,,1,,20000,,2,0,41,20/04/2024
7353,14/11/2023,136000,195400,2,1,1,40,52,1,0,8106,11894,0,0,44,
7354,24/11/2021,247000,331600,0,1,0,57,,0,,42291,,3,0,59,27/12/2021
7355,30/09/2022,78000,149500,0,2,1,50,32,0,1,10435,9565,2,0,88,
7356,11/07/2024,78000,116600,2,1,1,55,62,1,0,15596,4404,3,0,54,
7357,09/06/2023,128000,201600,2,0,1,65,18,0,1,3628,16372,,0,63,
7358,27/03/2022,320000,491400,0,2,1,34,60,0,1,8214,37776,2,0,209,
7359,01/04/2022,86000,162100,0,1,0,30,,1,,20202,,3,0,83,23/04/2022
7360,30/11/2021,97000,191400,0,0,0,58,,0,,20000,,0,0,187,
7361,21/06/2022,184000,360400,0,2,1,41,51,0,1,19595,17610,3,0,121,11/07/2022
7362,30/03/2023,351000,466500,0,1,1,40,35,0,1,21048,21622,2,0,203,
7363,04/09/2022,229000,303700,0,2,0,40,,0,,24468,,,0,150,
7364,15/04/2024,99000,204400,0,2,0,34,,0,,20000,,1,0,55,
7365,21/06/2024,258000,311500,3,1,1,46,47,0,0,6432,15231,3,2,12,
7366,04/04/2024,264000,324000,3,1,1,52,72,1,0,10580,10197,2,0,203,
7367,13/06/2024,203000,300400,0,1,0,52,,1,,31702,,3,1,221,
7368,31/01/2024,161000,268500,2,1,0,50,,0,,23517,,2,,69,05/03/2024
7369,14/10/2023,164000,208500,0,1,0,52,,1,,20000,,1,0,87,
7370,23/01/2024,109000,298300,2,2,1,18,40,1,0,10025,11755,,0,3,30/01/2024
7371,10/07/2022,288000,410800,0,1,1,41,52,1,0,33400,22013,3,2,53,
7372,19/02/2022,163000,230000,3,1,0,39,,0,,22081,,2,0,90,
7373,04/03/2023,442000,758300,0,1,1,37,39,1,0,36403,34130,2,1,131,
7374,27/02/2022,47000,113800,,1,1,59,65,1,0,14090,5910,3,1,215,
7375,06/11/2023,79000,104800,0,2,0,44,,0,,20000,,2,0,178,
7376,05/05/2024,64000,119500,0,1,0,37,,0,,20000,,2,0,17,
7377,11/05/2024,63000,203600,0,1,1,51,44,1,0,6309,13691,1,0,56,
7378,11/06/2024,64000,140600,0,1,0,46,,1,,20000,,2,1,,
7379,15/11/2023,297000,765800,0,1,1,36,48,0,1,41394,16598,3,,220,
7380,03/10/2022,70000,85500,0,0,0,49,,0,,20000,,2,0,10,
7381,24/08/2023,53000,135400,3,2,0,48,,0,,20000,,2,0,174,15/09/2023
7382,04/09/2023,147000,204400,,,0,40,,1,,20154,,1,0,89,
7383,21/05/2022,286000,414700,0,2,1,41,51,0,1,36970,18309,2,0,169,02/06/2022
7384,10/09/2023,144000,202300,2,1,0,58,,0,,26609,,1,0,15,
7385,26/01/2023,223000,343000,,1,1,66,51,1,0,23270,6529,3,0,7,
7386,28/11/2022,109000,202100,0,0,0,66,,1,,20000,,3,0,156,
7387,03/09/2023,340000,516900,2,1,1,35,45,0,1,19752,40390,3,0,81,
7388,08/03/2022,636000,945700,0,1,0,44,,1,,64453,,2,0,89,
7389,19/06/2024,146000,180800,0,1,0,60,,0,,25874,,2,0,53,
7390,10/05/2022,85000,205400,0,1,0,51,,1,,20000,,1,0,85,
7391,04/03/2023,77000,187800,0,2,1,37,37,1,0,15728,12033,2,0,80,
7392,02/10/2021,100000,118200,0,1,1,29,51,1,0,12364,7636,2,1,1,
7393,26/04/2022,124000,284400,0,1,0,64,,0,,26080,,2,0,51,08/05/2022
7394,27/06/2023,37000,76100,0,0,1,25,44,0,1,7064,12936,2,1,200,05/08/2023
7395,06/01/2023,56000,108900,0,0,1,35,48,0,1,7955,12045,3,0,213,
7396,17/08/2022,61000,106200,0,2,0,61,,0,,20000,,2,2,59,15/09/2022
7397,11/09/2023,79000,95500,0,1,1,42,52,1,0,14214,5786,2,0,77,10/10/2023
7398,24/09/2021,367000,617300,0,1,0,49,,1,,61107,,,0,133,
7399,24/10/2022,215000,443900,0,1,0,34,,1,,44901,,3,0,232,15/11/2022
7400,04/09/2023,81000,134500,0,2,0,29,,1,,20000,,2,0,91,
7401,23/10/2021,235000,408200,0,0,0,46,,0,,31194,,2,0,84,
7402,10/09/2023,150000,297600,0,1,0,64,,1,,21652,,2,2,205,
7403,24/05/2024,63000,83300,0,2,0,24,,0,,20000,,2,0,,
7404,14/02/2022,29000,87300,0,1,0,52,,1,,20000,,2,1,78,
7405,27/11/2023,109000,205500,0,1,0,46,,0,,23002,,1,1,47,04/12/2023
7406,11/04/2022,280000,530500,0,0,0,61,,1,,41218,,2,1,185,
7407,17/08/2023,33000,44700,1,0,0,65,,1,,20000,,2,0,51,12/09/2023
7408,20/04/2024,366000,473900,0,1,1,43,43,1,0,26998,19072,3,0,30,
7409,05/05/2024,501000,794700,0,1,1,46,45,1,1,42758,42232,2,1,,04/06/2024
7410,17/07/2022,250000,422100,,1,1,18,63,1,0,23770,14396,2,1,222,
7411,29/08/2022,86000,110100,0,1,0,53,,0,,20000,,2,0,78,06/10/2022
7412,12/04/2022,248000,355400,0,1,0,18,,0,,29102,,3,0,15,
7413,06/09/2022,123000,207100,0,1,0,33,,1,,21591,,1,0,,
7414,25/11/2021,58000,85500,0,0,1,53,27,0,1,11381,8619,2,0,82,
7415,27/09/2023,465000,994100,0,2,1,66,39,1,1,34210,45812,3,0,18,05/10/2023
7416,18/10/2022,199000,304800,0,1,0,51,,0,,27190,,2,1,73,
7417,28/05/2024,95000,212000,1,,1,50,39,1,0,8260,19010,1,0,49,
7418,09/12/2023,73000,107200,0,1,0,31,,1,,20000,,2,0,51,
7419,13/04/2023,306000,598600,0,1,1,45,39,0,0,11801,29671,3,0,225,
7420,29/03/2022,93000,203800,3,,0,32,,1,,20000,,1,0,90,
7421,01/03/2024,50000,135600,1,1,1,52,56,1,0,9436,10564,2,0,63,
7422,25/08/2022,46000,71400,2,1,0,31,,1,,20000,,2,0,79,
7423,11/05/2024,38000,110300,0,0,1,43,20,0,1,9817,10183,2,0,227,02/06/2024
7424,14/04/2024,95000,208200,0,0,1,53,26,1,0,3946,16054,1,0,17,
7425,05/02/2022,285000,453600,0,1,0,51,,1,,38862,,3,1,194,18/03/2022
7426,16/09/2021,412000,446900,0,1,1,57,30,1,0,16273,13138,3,1,15,30/10/2021
7427,22/12/2023,162000,373500,3,1,1,41,61,0,1,24369,9567,3,2,182,04/02/2024
7428,06/03/2022,165000,326700,0,1,0,58,,0,,25538,,3,0,87,23/03/2022
7429,08/12/2022,288000,551900,0,2,1,27,41,0,1,44845,16576,3,0,,
7430,10/08/2024,167000,389300,0,1,0,21,,1,,32545,,3,,62,
7431,11/08/2022,507000,1067100,0,1,1,38,34,0,1,14132,50007,3,0,165,
7432,02/07/2023,127000,214200,0,1,0,33,,0,,23017,,2,0,10,
7433,12/06/2024,141000,243400,0,2,1,41,46,0,1,8156,13234,3,0,15,
7434,29/06/2022,328000,581700,0,1,1,23,31,1,0,30197,12029,3,1,221,10/08/2022
7435,30/08/2022,118000,132800,0,2,0,66,,1,,20000,,2,0,20,
7436,06/11/2023,155000,230100,0,1,1,59,31,1,0,14033,7974,2,1,80,
7437,20/08/2024,61000,108600,0,2,1,49,24,0,1,9156,10844,2,0,174,
7438,20/02/2022,157000,265100,0,1,0,42,,0,,33405,,2,1,81,16/03/2022
7439,19/06/2023,103000,199800,0,1,0,36,,1,,26084,,2,0,53,20/06/2023
7440,07/03/2022,56000,98700,0,1,1,33,40,0,0,13364,6636,2,0,229,
7441,07/09/2023,217000,317500,0,2,0,41,,1,,21172,,2,1,,
7442,30/01/2023,213000,235400,,2,1,37,43,0,1,10260,11185,,0,51,
7443,28/08/2023,156000,268100,0,1,0,35,,0,,20828,,2,2,71,
7444,10/10/2021,127000,200800,0,1,1,46,40,1,0,16340,3660,1,0,53,14/10/2021
7445,05/09/2022,112000,195900,0,1,1,41,54,0,1,13134,6866,0,0,77,
7446,03/12/2023,510000,736800,0,1,0,48,,0,,71219,,2,0,11,
7447,02/02/2024,34000,91300,0,0,1,18,48,0,1,13640,6360,,2,53,
7448,24/02/2023,100000,122200,0,2,1,74,36,0,1,6085,13915,2,1,83,
7449,02/08/2023,278000,432900,3,1,0,53,,0,,35488,,,2,85,
7450,30/08/2023,47000,87300,0,,1,25,42,0,0,9159,10841,2,0,82,
7451,11/03/2023,99000,208100,0,2,1,46,38,0,1,7843,12157,1,0,83,
7452,11/01/2022,220000,246800,,2,0,32,,1,,20000,,3,0,,
7453,25/03/2024,364000,467400,0,1,0,46,,0,,46154,,2,0,55,
7454,13/08/2023,120000,196900,0,1,0,55,,1,,20000,,0,0,10,
7455,01/11/2022,278000,467400,,1,0,50,,1,,37734,,3,0,93,22/11/2022
7456,29/07/2022,265000,408100,3,1,0,21,,1,,28922,,2,1,32,18/08/2022
7457,27/12/2021,302000,539400,0,1,1,43,24,0,1,27609,19776,3,0,79,
7458,10/09/2023,73000,89400,2,1,0,44,,0,,20000,,2,0,14,
7459,14/02/2022,154000,316700,0,0,1,47,50,1,0,4131,21047,2,0,8,31/03/2022
7460,16/04/2022,48000,87600,0,0,0,65,,1,,20000,,3,0,13,
7461,25/06/2022,125000,164900,0,2,1,55,36,1,0,4833,15167,2,0,54,
7462,04/09/2023,244000,728500,3,,0,18,,1,,70034,,3,,208,
7463,23/08/2023,564000,709900,0,1,0,64,,1,,54998,,3,0,83,12/10/2023
7464,10/07/2022,145000,206600,0,,0,28,,0,,20000,,1,0,14,01/08/2022
7465,07/09/2023,335000,461600,2,2,0,39,,1,,46288,,2,0,8,
7466,17/11/2021,180000,211300,0,2,0,33,,1,,20000,,3,0,17,
7467,03/06/2024,264000,349300,0,0,1,44,42,0,1,22946,5935,3,1,171,
7468,29/08/2024,71000,129500,,1,1,46,63,0,1,13495,6505,2,0,28,
7469,01/03/2023,184000,396100,0,0,0,36,,1,,38569,,3,0,15,03/03/2023
7470,02/10/2022,130000,161900,0,2,1,25,21,0,1,10881,9119,3,0,213,
7471,12/01/2022,173000,204400,0,2,0,65,,1,,20000,,1,0,17,
7472,13/09/2021,113000,145100,2,2,0,48,,1,,20000,,2,0,12,
7473,19/08/2024,131000,205000,2,2,0,52,,1,,20000,,1,0,89,
7474,07/06/2023,359000,624900,0,,0,53,,0,,135488,,2,0,79,
7475,09/01/2022,113000,192800,2,1,1,53,53,1,0,9250,10750,1,2,213,24/02/2022
7476,19/01/2022,187000,333800,0,1,0,54,,1,,39766,,3,0,52,
7477,27/10/2023,141000,207100,0,2,0,58,,0,,22590,,1,,83,
7478,12/09/2023,165000,195600,0,1,1,57,29,0,1,8272,11728,0,0,86,
7479,15/01/2024,143000,208500,3,1,0,28,,0,,20301,,1,1,18,06/02/2024
7480,09/09/2023,112000,255700,0,1,0,56,,1,,30309,,2,0,17,18/09/2023
7481,22/12/2023,87000,145300,3,1,0,29,,0,,20000,,2,1,18,10/01/2024
7482,24/08/2024,44000,81100,0,1,1,64,24,1,0,14192,5808,2,1,11,29/08/2024
7483,28/06/2024,72000,106100,2,2,1,34,42,1,0,14683,5317,2,0,57,
7484,28/01/2024,86000,110300,0,2,0,36,,1,,20000,,2,0,14,
7485,01/11/2021,44000,113000,0,1,0,38,,1,,20000,,2,0,160,
7486,06/03/2022,112000,169200,0,1,0,34,,0,,20000,,3,0,17,
7487,12/09/2022,128000,298400,0,1,0,53,,1,,28768,,2,0,7,
7488,06/03/2023,173000,208300,0,1,0,39,,1,,20000,,1,0,76,
7489,27/03/2024,90000,140200,0,2,1,75,23,0,1,13301,6699,2,1,48,
7490,08/08/2024,110000,197300,0,,1,61,53,1,0,6978,13022,0,1,151,
7491,13/02/2024,215000,269900,0,1,0,51,,1,,20000,,2,1,54,
7492,17/08/2023,156000,209300,0,1,0,71,,1,,20000,,1,0,82,27/09/2023
7493,11/08/2022,191000,240800,0,1,1,49,35,1,0,12546,9062,3,1,19,11/09/2022
7494,26/04/2022,123000,207000,2,2,1,39,70,1,0,11077,8923,1,0,87,
7495,15/04/2023,101000,181500,0,1,0,47,,0,,20000,,2,0,77,
7496,09/06/2022,169000,200900,1,1,1,67,43,1,0,8032,16286,1,0,11,
7497,01/03/2024,127000,207900,0,1,0,48,,0,,20000,,1,0,40,23/03/2024
7498,17/08/2023,859000,1225100,0,2,1,66,41,1,0,36925,76977,2,0,80,18/09/2023
7499,19/03/2023,284000,421400,3,2,1,46,45,0,1,19966,8752,2,0,184,
7500,26/01/2023,158000,204200,0,1,1,57,24,0,1,14803,5197,,1,36,
7501,05/03/2022,174000,204700,0,1,0,50,,0,,20000,,1,1,59,24/04/2022
7502,19/03/2023,233000,436100,3,2,0,47,,0,,50394,,3,0,35,03/04/2023
7503,16/04/2023,153000,175200,0,1,1,54,34,1,0,10104,9896,2,0,54,
7504,10/09/2021,164000,204400,0,1,1,37,31,1,0,11682,8318,0,1,84,17/10/2021
7505,06/09/2023,130000,159200,0,1,1,75,46,0,0,13514,8155,2,0,89,
7506,24/02/2023,399000,543900,0,1,1,39,34,1,0,26091,36163,2,2,83,20/03/2023
7507,17/02/2024,215000,386100,0,2,0,62,,0,,40211,,2,0,183,
7508,10/03/2022,435000,637200,0,1,0,45,,0,,52822,,3,1,90,
7509,14/12/2021,216000,338400,0,1,0,24,,1,,29821,,2,0,167,
7510,22/05/2022,162000,212600,0,1,0,51,,1,,20000,,1,0,161,11/07/2022
7511,28/02/2022,175000,324500,0,1,0,42,,0,,31095,,2,0,198,
7512,30/06/2024,156000,189400,0,1,0,68,,1,,20000,,2,1,63,
7513,12/04/2022,216000,294700,0,1,1,54,41,1,0,9212,16931,2,2,179,
7514,06/09/2023,37000,49200,0,,0,64,,0,,20000,,2,0,61,
7515,14/09/2021,426000,660900,0,1,1,40,37,1,0,65389,28515,2,0,77,14/10/2021
7516,16/05/2024,366000,510300,3,2,1,66,27,0,1,21922,24402,2,0,8,24/06/2024
7517,07/02/2022,55000,78600,0,2,0,55,,0,,20000,,2,1,29,
7518,28/08/2022,65000,112700,0,1,1,41,29,1,0,8745,11255,2,0,39,08/10/2022
7519,24/10/2021,160000,248900,0,1,0,20,,0,,21151,,3,0,13,24/11/2021
7520,08/03/2022,72000,207600,0,1,1,47,42,1,0,6652,13348,1,0,,
7521,14/09/2022,348000,726700,0,1,0,38,,0,,50262,,3,0,245,26/09/2022
7522,20/08/2023,166000,276900,2,2,0,59,,1,,21946,,2,2,54,24/09/2023
7523,19/04/2022,188000,206700,0,2,1,40,35,0,1,9199,10801,1,0,65,
7524,08/02/2022,137000,176500,0,2,0,53,,0,,20000,,2,0,72,
7525,05/10/2023,87000,138200,0,1,0,32,,0,,20000,,2,1,170,06/11/2023
7526,23/01/2023,112000,202800,0,1,1,57,53,0,1,7820,12521,2,0,53,08/02/2023
7527,17/08/2024,125000,152300,0,1,1,45,38,0,1,6360,13640,2,0,86,
7528,08/06/2023,202000,251800,0,1,0,43,,1,,25006,,,1,168,12/07/2023
7529,02/12/2021,48000,97200,0,1,0,40,,1,,20000,,2,2,38,15/12/2021
7530,20/08/2022,47000,109300,0,2,0,34,,0,,20000,,2,1,72,
7531,23/07/2023,88000,110100,0,0,1,44,43,0,1,8144,11856,2,0,7,
7532,15/08/2023,40000,77400,0,1,0,27,,0,,20000,,3,0,216,
7533,23/07/2024,31000,39500,0,1,1,58,46,0,1,7802,12198,2,,195,
7534,23/06/2023,153000,224800,0,1,0,40,,0,,20000,,2,0,204,
7535,13/02/2022,100000,157200,0,2,0,46,,0,,20000,,2,0,198,
7536,16/02/2023,87000,208100,0,2,0,19,,1,,20000,,1,,6,
7537,21/08/2023,60000,85900,0,1,0,33,,0,,20000,,2,0,62,
7538,22/08/2024,138000,244600,0,1,0,53,,1,,21644,,2,1,14,
7539,06/04/2023,437000,842700,0,2,0,67,,1,,80086,,3,0,93,
7540,12/07/2023,324000,471400,3,2,0,74,,1,,37176,,3,2,42,
7541,17/06/2024,123000,210700,0,1,1,33,57,0,1,4278,15722,1,0,4,
7542,28/05/2023,140000,371600,0,0,0,58,,0,,34716,,3,0,156,
7543,10/08/2023,79000,107300,0,1,0,34,,1,,20000,,2,2,51,13/09/2023
7544,16/04/2023,138000,217600,0,1,1,73,18,1,0,6744,14324,2,0,78,
7545,14/08/2022,144000,237800,0,2,1,40,70,0,1,13332,6668,2,1,88,
7546,05/08/2024,134000,235500,0,1,0,75,,1,,20000,,3,1,88,27/08/2024
7547,03/03/2023,153000,199000,1,1,1,46,48,1,0,10486,9514,2,2,77,11/04/2023
7548,08/09/2023,128000,272000,0,1,0,39,,1,,20000,,3,0,43,
7549,20/08/2024,132000,199500,0,2,1,71,60,1,0,9989,10011,0,0,,
7550,28/02/2022,153000,408700,0,2,0,45,,0,,36401,,3,0,201,
7551,12/09/2023,361000,602000,0,0,1,44,18,0,1,19279,30919,2,1,49,
7552,13/08/2023,106000,190900,0,1,1,38,39,1,1,10803,9197,,0,91,
7553,27/06/2023,229000,269600,0,2,0,49,,0,,25272,,2,0,188,
7554,16/03/2022,159000,203400,1,,0,46,,1,,20000,,1,0,49,22/04/2022
7555,03/03/2023,125000,224300,0,1,0,66,,0,,21092,,2,0,74,02/04/2023
7556,27/07/2024,191000,333100,0,1,1,41,51,0,1,15981,18249,2,0,,
7557,24/08/2023,81000,177200,0,1,0,49,,1,,20000,,2,0,87,21/09/2023
7558,20/11/2021,103000,179500,0,0,1,33,26,0,1,10179,9821,3,1,210,
7559,13/07/2022,174000,263200,0,2,1,38,61,0,1,17485,20861,2,1,147,
7560,06/04/2023,113000,210400,0,1,0,50,,0,,22673,,2,0,76,
7561,29/03/2022,36000,75600,0,1,1,68,75,0,1,6018,13982,2,0,55,
7562,05/05/2022,61000,96300,0,1,1,42,32,1,0,14201,5799,3,0,8,
7563,27/08/2024,169000,304400,0,1,1,36,41,0,1,21296,5214,2,0,18,
7564,23/03/2023,85000,160400,0,,0,61,,1,,20000,,2,,11,
7565,27/09/2021,116000,212200,3,2,0,36,,0,,20000,,1,0,35,
7566,16/02/2022,196000,323900,0,1,0,45,,0,,27138,,3,0,93,
7567,29/10/2023,108000,206600,0,1,1,75,55,0,1,10441,10265,1,1,83,
7568,22/01/2024,62000,90900,0,1,1,59,64,1,1,5230,14770,2,1,80,
7569,19/06/2023,115000,178400,0,,1,57,27,0,1,11148,9447,2,0,83,
7570,23/01/2022,118000,144500,0,1,0,48,,1,,20000,,2,0,9,26/02/2022
7571,05/10/2022,79000,173700,,1,1,53,30,0,0,9849,10151,2,0,,
7572,11/09/2021,71000,100400,0,1,0,35,,0,,20000,,2,0,16,
7573,07/08/2022,83000,137200,0,0,1,75,56,0,1,5658,14342,2,0,90,
7574,15/01/2022,185000,388200,0,2,1,75,63,0,0,11711,14992,3,0,11,
7575,03/02/2024,143000,223700,0,1,0,71,,1,,20868,,2,0,,06/03/2024
7576,11/12/2021,142000,200900,0,1,0,42,,0,,20000,,1,0,,
7577,16/03/2022,110000,185600,0,1,1,58,29,0,1,12641,7359,3,1,18,
7578,01/09/2022,202000,330900,0,1,0,58,,0,,20818,,3,0,194,
7579,10/08/2023,76000,128500,0,1,0,56,,1,,20000,,2,0,18,
7580,10/08/2022,95000,125800,0,2,1,31,48,0,1,5858,14142,2,0,7,09/09/2022
7581,10/04/2024,66000,112300,0,1,0,45,,0,,20000,,2,0,83,21/04/2024
7582,20/06/2023,106000,196700,0,1,0,23,,0,,20000,,0,0,72,
7583,14/08/2023,108000,210400,,2,0,67,,1,,20000,,1,1,34,
7584,24/08/2024,307000,370100,0,1,1,44,29,0,1,13972,15174,2,0,48,
7585,12/08/2022,100000,175100,0,2,1,65,58,1,0,6157,13843,3,,188,
7586,30/08/2024,122000,189800,0,1,1,53,23,1,0,4482,15518,0,0,205,
7587,07/08/2022,37000,59400,2,2,0,43,,0,,20000,,2,0,36,28/08/2022
7588,22/08/2024,230000,345000,0,1,1,55,49,1,0,21047,21067,,0,193,
7589,27/03/2022,109000,167100,0,1,0,59,,0,,20000,,3,0,15,
7590,09/12/2022,116000,200300,0,1,1,32,19,0,1,8128,11872,0,0,,
7591,06/05/2024,51000,91600,0,0,0,54,,0,,20000,,2,0,18,
7592,12/01/2024,66000,95200,0,0,0,75,,0,,20000,,2,1,180,
7593,08/09/2023,212000,258700,0,1,1,40,70,0,1,10950,11766,3,0,34,01/10/2023
7594,01/01/2022,45000,75100,0,1,1,48,20,1,0,10940,9060,2,2,,
7595,04/06/2024,91000,203500,0,1,0,58,,0,,20000,,0,0,16,22/06/2024
7596,14/12/2021,282000,420700,0,0,1,35,27,0,1,32503,21373,3,2,223,
7597,19/08/2024,150000,225300,0,1,0,48,,1,,27336,,3,0,33,
7598,12/09/2023,680000,805800,0,1,0,18,,0,,108654,,2,1,57,
7599,23/11/2023,593000,992600,0,1,0,65,,1,,97671,,3,2,223,26/12/2023
7600,15/03/2023,72000,114500,,1,0,42,,1,,20000,,2,0,84,
7601,07/04/2022,61000,109100,0,2,0,59,,0,,20000,,2,1,12,26/04/2022
7602,23/03/2023,331000,725900,0,1,1,36,26,1,0,43438,44124,2,0,3,04/04/2023
7603,08/09/2021,145000,196100,0,1,0,67,,0,,20000,,2,0,,11/10/2021
7604,07/04/2024,30000,55500,0,1,0,36,,0,,20000,,2,0,77,
7605,19/04/2024,65000,156700,0,1,0,39,,1,,20000,,2,2,24,
7606,16/03/2022,550000,823400,3,1,0,20,,0,,60426,,3,0,14,
7607,05/02/2024,332000,541400,2,1,1,29,37,0,1,11494,36252,3,,199,10/04/2024
7608,06/01/2023,147000,202700,0,1,0,60,,1,,20582,,0,0,200,
7609,23/02/2024,82000,115800,0,1,1,64,59,0,1,8925,11075,3,0,55,
7610,26/04/2024,185000,268300,0,0,1,35,49,1,0,11080,8920,2,0,20,04/06/2024
7611,03/04/2023,206000,364300,2,1,0,18,,0,,27364,,2,0,81,30/04/2023
7612,11/06/2022,91000,162500,0,2,1,21,75,0,1,4503,15497,3,0,154,16/07/2022
7613,14/08/2024,58000,77200,0,0,1,30,41,1,0,10105,9895,2,0,74,
7614,20/08/2023,184000,379700,0,1,0,56,,0,,28387,,2,0,2,
7615,12/11/2021,78000,145600,2,0,1,34,47,0,1,8561,11439,2,0,89,06/12/2021
7616,08/03/2023,358000,559900,3,2,0,19,,1,,55530,,2,0,83,
7617,10/04/2024,392000,527300,0,0,1,58,38,0,1,35175,21722,2,1,54,
7618,27/02/2022,169000,262100,0,1,0,73,,1,,22810,,3,,10,
7619,30/08/2022,274000,319300,0,1,0,40,,0,,30653,,2,0,148,26/10/2022
7620,04/03/2022,112000,206200,0,1,0,61,,0,,20000,,0,1,91,13/03/2022
7621,11/02/2024,164000,230400,0,1,0,20,,1,,20000,,2,,175,
7622,14/04/2023,147000,204400,0,1,0,50,,1,,24945,,1,0,208,
7623,21/07/2022,247000,360400,0,1,0,34,,0,,29529,,,0,18,14/08/2022
7624,06/09/2022,139000,161700,0,1,0,20,,1,,20000,,2,,86,
7625,08/09/2022,126000,224300,0,2,0,51,,0,,25135,,2,0,245,05/10/2022
7626,17/02/2024,105000,198600,0,2,0,51,,0,,22004,,2,0,5,
7627,25/12/2022,284000,393600,,1,1,40,37,1,0,10109,22049,3,1,191,
7628,04/11/2021,219000,413900,0,2,1,40,62,0,0,19630,20265,3,0,83,
7629,16/03/2023,465000,708900,0,1,0,47,,0,,73663,,2,0,70,
7630,03/07/2023,83000,121600,0,0,0,37,,0,,20000,,2,2,73,20/08/2023
7631,21/07/2023,94000,228800,0,2,0,45,,0,,20000,,2,0,275,
7632,23/02/2022,41000,87200,0,2,1,75,18,1,0,9547,10453,2,1,7,
7633,17/08/2023,59000,147900,0,1,0,29,,0,,20000,,2,0,91,
7634,18/08/2024,282000,395100,0,1,1,18,74,1,0,29092,9641,,0,225,
7635,23/08/2024,22000,31400,1,2,0,27,,0,,20000,,2,0,72,
7636,05/03/2024,233000,257200,0,2,0,64,,0,,20000,,2,0,39,
7637,31/03/2023,112000,227000,0,0,0,35,,1,,20000,,3,1,,
7638,19/07/2022,164000,305300,0,1,1,65,47,1,0,12159,15460,3,1,78,
7639,29/09/2021,80000,213800,0,1,0,62,,1,,20000,,1,1,1,
7640,07/08/2024,134000,208500,0,2,1,27,20,1,1,1458,18707,1,1,37,
7641,28/08/2024,130000,246500,0,2,0,69,,0,,25840,,3,0,63,
7642,05/03/2023,162000,272400,0,1,1,27,37,0,1,8002,14649,3,0,46,
7643,08/02/2022,366000,620600,0,2,0,41,,1,,61988,,3,0,143,
7644,19/09/2021,277000,428200,,1,0,59,,0,,35834,,2,2,75,19/10/2021
7645,27/09/2021,105000,212400,0,2,1,23,54,1,0,7638,12362,1,0,32,
7646,14/03/2022,299000,531800,0,2,0,49,,0,,46257,,3,0,13,
7647,17/11/2023,336000,445200,0,1,0,74,,0,,41595,,3,0,52,
7648,31/03/2024,226000,450100,0,0,0,57,,0,,36746,,2,0,13,22/04/2024
7649,24/06/2023,253000,307700,0,2,0,30,,0,,33249,,,0,56,
7650,04/09/2023,168000,191400,0,1,1,70,33,0,1,11087,8913,2,0,73,
7651,10/12/2021,85000,120800,2,2,1,62,43,0,1,8880,11120,3,0,52,
7652,16/12/2021,94000,197900,0,1,0,35,,1,,21197,,0,1,77,
7653,17/12/2023,118000,163700,3,1,1,35,33,0,1,6014,13986,3,2,11,23/01/2024
7654,04/03/2023,312000,415100,,1,0,27,,1,,34891,,2,,85,30/03/2023
7655,05/09/2021,181000,255900,0,2,0,65,,0,,22906,,2,1,81,
7656,07/10/2022,230000,351300,0,2,1,22,46,1,0,10025,17329,2,0,79,28/11/2022
7657,10/02/2023,79000,164200,0,0,0,30,,1,,20000,,3,2,78,
7658,13/06/2023,435000,872400,0,1,1,18,57,0,1,60514,16430,3,1,204,
7659,06/09/2023,108000,146000,3,1,0,25,,1,,20000,,2,2,243,10/10/2023
7660,17/05/2023,210000,332100,0,1,0,18,,1,,27781,,2,0,71,04/06/2023
7661,18/04/2023,41000,52000,0,1,1,61,69,1,0,6541,13459,2,0,,
7662,22/09/2023,103000,201200,0,2,0,66,,0,,20439,,0,1,38,
7663,12/09/2023,171000,206700,0,1,0,45,,0,,25395,,1,0,54,23/10/2023
7664,16/06/2023,124000,222300,0,2,0,18,,0,,36501,,2,0,89,
7665,15/03/2022,108000,142400,0,2,1,46,40,0,1,10472,9528,3,0,246,
7666,11/02/2024,132000,211100,0,1,0,59,,1,,20000,,1,0,196,
7667,28/05/2024,92000,125500,0,1,0,63,,1,,20000,,3,0,2,
7668,07/07/2024,122000,181700,2,2,0,55,,1,,23632,,2,1,176,
7669,31/03/2023,68000,113300,0,2,0,49,,0,,20000,,2,0,212,
7670,25/03/2024,165000,207600,0,,0,54,,1,,25115,,1,0,86,02/05/2024
7671,29/12/2021,362000,618400,0,1,0,38,,1,,50479,,3,1,55,
7672,28/07/2023,58000,88600,0,1,1,43,46,0,0,6046,13954,2,0,146,
7673,11/09/2023,390000,687300,0,2,0,41,,0,,80388,,2,0,87,
7674,14/06/2023,173000,304700,0,1,1,41,59,0,1,8080,15955,3,0,10,05/07/2023
7675,31/05/2024,123000,199600,3,1,1,42,42,0,1,7060,12940,0,2,202,10/07/2024
7676,11/09/2021,296000,444200,0,0,0,69,,0,,41595,,2,1,192,
7677,20/06/2023,25000,84100,0,1,1,47,46,0,1,10220,9780,2,0,83,
7678,27/03/2024,251000,364200,0,1,0,43,,1,,34132,,2,0,90,
7679,07/02/2023,82000,137200,0,2,0,30,,0,,20000,,2,0,63,
7680,05/09/2023,117000,205100,2,1,0,34,,1,,20000,,1,0,194,10/10/2023
7681,01/12/2023,230000,281300,0,,0,62,,0,,26591,,2,1,,
7682,20/08/2024,64000,72100,0,2,1,42,30,0,1,8639,11361,2,1,52,
7683,27/09/2022,344000,491300,0,1,1,60,49,0,0,21918,15671,3,0,5,
7684,11/09/2023,124000,205300,3,1,0,52,,0,,23317,,,2,8,
7685,22/11/2022,49000,123000,0,2,0,46,,1,,20000,,,1,75,
7686,08/09/2021,123000,152800,0,,0,45,,1,,20000,,2,,83,04/10/2021
7687,28/01/2024,107000,152700,0,,1,44,42,0,1,15570,7923,2,0,73,
7688,18/05/2023,444000,621400,0,2,1,51,34,0,1,33557,13177,3,0,,
7689,01/03/2023,102000,201400,0,2,1,61,37,1,0,10887,9113,0,0,83,08/03/2023
7690,19/12/2021,153000,246000,0,2,0,62,,0,,28046,,2,0,59,
7691,19/12/2022,132000,230600,,1,0,18,,1,,21471,,2,0,236,
7692,22/05/2024,165000,247900,0,1,0,51,,1,,22866,,2,0,188,
7693,12/08/2022,44000,76400,0,,0,43,,0,,20000,,2,0,16,
7694,12/07/2024,142000,213200,0,1,0,31,,1,,23729,,2,0,85,
7695,09/09/2023,165000,324200,0,1,0,64,,1,,27651,,2,0,15,18/09/2023
7696,27/08/2023,262000,363400,0,1,1,53,51,1,0,9552,19939,2,,81,
7697,21/08/2022,193000,338600,0,1,0,43,,0,,57737,,3,1,89,17/09/2022
7698,14/04/2022,693000,854000,0,2,0,40,,1,,100887,,2,1,213,31/05/2022
7699,15/05/2023,129000,199300,0,2,0,71,,1,,20000,,1,0,58,
7700,30/04/2024,134000,208600,0,2,1,37,68,0,1,9100,12793,2,0,7,
7701,12/08/2022,17000,43800,0,2,1,70,30,1,0,9373,10627,2,1,55,
7702,09/06/2024,102000,151500,0,0,1,35,75,1,0,6834,13166,2,1,246,
7703,11/08/2024,224000,356200,0,2,0,36,,1,,33490,,3,2,49,
7704,24/04/2024,95000,184500,0,1,0,65,,1,,20000,,2,,72,
7705,05/09/2022,172000,282000,0,2,0,75,,0,,23763,,3,0,50,
7706,21/12/2021,109000,149700,2,1,0,29,,0,,20000,,2,0,,
7707,20/03/2022,368000,670600,0,1,0,57,,0,,51055,,2,1,52,
7708,12/03/2022,117000,146600,0,1,1,18,38,0,1,11244,8756,2,0,204,
7709,26/03/2022,348000,546200,,1,0,53,,0,,66284,,2,0,33,
7710,15/08/2022,116000,198700,0,1,0,53,,0,,20000,,2,0,80,
7711,10/04/2023,404000,660700,0,1,1,42,51,1,0,23655,30519,2,1,160,
7712,05/07/2024,170000,201900,0,1,0,58,,1,,20000,,0,0,34,
7713,30/12/2022,121000,217500,0,0,0,48,,0,,25395,,3,0,72,
7714,14/01/2022,356000,619700,0,2,0,57,,1,,52849,,3,0,56,
7715,08/10/2021,88000,154400,0,2,0,29,,0,,20000,,2,1,13,
7716,26/10/2022,170000,282000,0,0,1,59,43,0,1,14601,12223,2,0,96,
7717,19/08/2024,32000,41900,0,2,0,58,,0,,20000,,2,0,183,
7718,18/10/2022,163000,242000,0,2,1,50,18,0,0,7979,12021,3,1,4,
7719,31/03/2024,72000,103900,0,1,0,50,,1,,20000,,3,0,41,02/05/2024
7720,25/08/2022,645000,786000,0,2,0,53,,0,,63567,,3,1,74,
7721,14/06/2023,151000,229200,0,2,0,35,,1,,20000,,2,0,2,22/06/2023
7722,21/09/2021,172000,233500,0,1,1,28,32,0,1,20427,5563,2,0,13,
7723,20/08/2022,194000,285300,2,1,1,28,59,1,0,12521,11065,3,1,75,
7724,16/02/2022,200000,314800,0,2,0,57,,0,,28255,,3,0,76,
7725,30/12/2021,308000,346600,0,1,1,45,50,0,1,15196,23829,3,1,51,
7726,25/11/2022,190000,248700,0,1,0,35,,1,,26379,,,0,16,
7727,15/10/2021,67000,107000,0,1,0,68,,1,,20000,,2,1,91,
7728,11/06/2022,483000,811200,1,0,0,40,,0,,86571,,3,0,20,
7729,22/01/2024,349000,561500,0,1,0,53,,0,,44375,,3,0,18,
7730,06/03/2024,187000,206800,0,1,1,34,46,0,1,7991,13583,1,,28,08/04/2024
7731,12/08/2023,134000,202000,,2,1,18,25,0,1,9955,10045,2,1,21,
7732,31/07/2024,197000,392600,0,1,1,46,18,1,0,16146,21359,2,0,,10/08/2024
7733,11/05/2023,261000,391000,0,2,1,60,55,1,0,24798,14653,3,0,196,07/06/2023
7734,11/05/2022,96000,228500,0,0,0,58,,0,,20000,,2,1,,14/05/2022
7735,11/08/2024,47000,135000,0,1,0,62,,1,,20000,,2,1,90,18/08/2024
7736,16/08/2024,430000,671100,0,1,0,65,,0,,57336,,3,0,9,
7737,18/10/2022,145000,273200,2,,0,75,,1,,25024,,,1,,04/11/2022
7738,27/03/2023,154000,201400,3,2,0,27,,0,,20000,,0,1,215,
7739,28/08/2024,255000,392700,0,1,0,20,,0,,36888,,2,0,159,
7740,20/05/2024,91000,202500,0,1,0,66,,1,,20000,,0,2,80,
7741,15/04/2022,266000,378400,0,1,1,23,35,0,1,20063,10742,3,0,221,
7742,18/03/2023,793000,1278700,2,,1,49,45,0,1,32916,68854,3,1,70,
7743,20/02/2022,330000,509900,0,1,1,25,74,1,0,29541,24054,2,2,13,
7744,28/08/2023,213000,270100,0,1,0,53,,1,,21513,,2,0,31,
7745,16/09/2022,155000,210000,0,1,1,58,54,0,1,3006,16994,0,1,50,
7746,04/01/2022,274000,383700,0,1,1,33,40,0,1,13547,17687,3,0,94,
7747,04/01/2023,41000,97500,0,0,0,48,,0,,20000,,2,0,57,
7748,09/09/2021,37000,70900,0,1,0,53,,1,,20000,,2,0,84,
7749,02/01/2023,197000,361200,0,2,0,36,,0,,25501,,2,2,73,
7750,01/12/2023,379000,730600,0,2,1,40,42,1,0,43201,38202,2,0,35,31/12/2023
7751,29/01/2024,37000,113900,0,1,1,51,25,1,0,10199,9801,3,0,63,
7752,24/05/2022,60000,118800,0,1,1,42,28,1,1,8306,11694,2,0,75,
7753,27/05/2022,219000,306500,0,1,0,37,,0,,34390,,3,,75,
7754,05/06/2022,162000,232600,0,1,1,18,31,0,1,6647,13353,2,0,208,
7755,13/08/2022,60000,102000,0,2,0,36,,0,,20000,,2,0,88,05/09/2022
7756,10/06/2023,100000,136900,0,1,1,50,31,0,1,12364,7636,2,0,67,
7757,31/07/2024,113000,215100,0,1,0,27,,0,,23661,,3,0,79,
7758,16/05/2024,116000,162400,3,1,0,20,,1,,20000,,2,2,74,
7759,10/06/2022,387000,546400,0,1,1,33,50,1,0,29537,14223,3,0,19,
7760,02/12/2021,121000,328700,0,1,0,75,,1,,31838,,3,0,241,
7761,05/06/2022,116000,190400,0,,0,58,,0,,20000,,2,2,214,
7762,29/10/2021,96000,198700,0,2,1,18,33,1,0,14575,11052,,0,2,
7763,01/11/2021,55000,112700,0,1,0,45,,0,,20000,,2,0,56,04/11/2021
7764,30/11/2023,45000,73700,2,1,0,49,,0,,20000,,2,1,14,
7765,13/08/2024,191000,232300,2,1,1,46,34,1,0,7521,12479,3,0,4,
7766,03/03/2024,27000,79600,0,1,1,66,43,0,1,12883,7117,2,0,43,
7767,23/04/2023,97000,215100,0,2,0,61,,0,,20000,,1,2,266,06/06/2023
7768,28/06/2023,762000,1003600,0,1,1,36,53,0,1,43169,44110,,0,9,
7769,16/07/2024,238000,457500,0,2,0,44,,0,,45209,,3,1,206,
7770,28/06/2023,379000,650200,0,2,1,25,73,0,1,37640,43888,2,0,52,24/07/2023
7771,08/04/2023,217000,268400,0,1,0,50,,1,,30503,,3,0,53,
7772,30/12/2022,367000,450800,0,1,0,38,,1,,41757,,3,0,186,
7773,05/05/2023,203000,296100,0,1,1,38,48,0,1,9412,10647,3,0,52,20/05/2023
7774,01/09/2023,244000,290900,0,2,0,29,,0,,24046,,3,2,78,
7775,21/02/2023,165000,251000,0,2,1,31,40,0,1,9940,13034,3,0,215,
7776,18/12/2021,149000,302600,0,1,0,43,,1,,20826,,,0,6,
7777,04/09/2022,327000,546600,0,1,0,50,,1,,38850,,2,,80,
7778,10/02/2024,133000,204900,0,1,1,41,39,0,1,21488,13201,0,0,79,
7779,20/05/2022,185000,704100,0,1,0,29,,1,,64503,,2,0,49,
7780,11/06/2024,41000,97500,3,1,0,38,,0,,20000,,2,0,0,10/06/2024
7781,06/04/2022,375000,681200,0,1,0,55,,1,,47267,,3,0,88,15/05/2022
7782,28/06/2024,605000,681200,0,0,0,61,,0,,69729,,3,1,,
7783,10/06/2023,180000,298100,,1,0,35,,0,,32693,,2,0,77,
7784,12/02/2022,160000,208400,0,1,1,27,52,1,0,6567,13433,3,1,5,
7785,26/04/2022,128000,157200,3,2,0,64,,1,,20000,,2,0,83,
7786,10/09/2023,277000,467900,0,1,1,34,18,1,1,16421,27879,2,1,10,
7787,11/07/2022,441000,622800,0,1,1,39,70,0,1,27162,20019,2,1,90,15/08/2022
7788,19/12/2021,114000,133500,0,1,0,21,,0,,20000,,2,0,91,
7789,10/08/2023,345000,516000,3,0,0,24,,1,,52814,,2,,72,
7790,08/10/2021,114000,382400,0,1,0,18,,0,,43622,,2,0,51,13/10/2021
7791,20/02/2023,106000,158600,2,1,1,58,63,0,1,8315,11685,2,0,50,
7792,02/07/2023,81000,139100,0,1,1,39,67,1,0,9655,10345,2,0,0,
7793,27/04/2023,56000,69900,0,1,1,36,39,1,0,4487,15513,2,1,193,15/06/2023
7794,12/08/2024,135000,211300,0,2,0,42,,0,,27051,,1,0,82,
7795,01/07/2024,91000,198800,0,1,0,57,,0,,24033,,2,0,203,
7796,05/04/2022,247000,336600,0,,0,32,,0,,24860,,3,0,55,18/05/2022
7797,02/08/2024,99000,197000,0,1,1,22,44,1,0,11377,8623,3,0,230,
7798,19/08/2023,114000,170300,0,1,0,52,,0,,20000,,2,0,61,
7799,01/03/2024,208000,310000,0,2,1,64,53,1,0,5272,27633,2,0,170,
7800,13/07/2024,307000,385200,0,1,1,48,44,1,0,23106,19225,2,0,36,05/08/2024
7801,30/08/2022,13000,26300,0,2,1,33,40,1,0,9062,10938,2,0,236,
7802,06/09/2023,98000,135700,0,1,1,58,54,0,1,9957,10043,2,2,13,
7803,26/08/2023,293000,394700,0,1,1,35,55,1,0,22731,32285,2,2,82,20/09/2023
7804,18/02/2024,155000,250800,,1,0,45,,0,,23037,,2,2,17,26/03/2024
7805,05/06/2022,147000,213500,2,1,1,38,19,0,1,14371,5629,2,2,9,30/06/2022
7806,10/05/2022,65000,119400,0,,0,51,,0,,20000,,2,0,1,31/05/2022
7807,30/11/2023,446000,661000,0,0,1,38,50,1,1,18381,34956,3,0,80,
7808,12/11/2022,135000,267500,0,1,0,34,,1,,20000,,2,1,89,
7809,20/08/2024,165000,351600,0,1,1,53,58,1,0,8045,18015,3,0,88,
7810,26/08/2024,112000,200300,0,1,1,27,43,0,1,6982,13018,0,0,10,
7811,08/08/2023,89000,161800,2,1,0,34,,0,,20000,,2,0,,
7812,15/10/2022,196000,250800,0,0,0,28,,1,,23262,,3,1,84,
7813,21/07/2024,203000,305400,0,1,1,39,27,1,0,13837,13245,2,0,13,
7814,02/09/2022,103000,120700,0,0,0,61,,0,,20000,,2,0,262,
7815,10/06/2023,173000,271300,0,1,1,43,39,1,0,5949,16102,3,,197,06/08/2023
7816,17/03/2024,176000,212200,0,1,0,26,,0,,20000,,1,0,56,
7817,27/02/2023,237000,385500,0,2,0,57,,0,,43190,,3,1,70,
7818,28/03/2023,275000,429700,0,2,1,42,42,1,0,20101,16764,3,0,55,
7819,12/01/2024,58000,110000,1,1,0,47,,1,,20000,,2,0,197,
7820,03/03/2023,120000,228900,0,1,1,45,47,1,0,12642,9987,2,0,80,
7821,12/04/2022,137000,230800,0,2,0,29,,1,,31934,,2,0,53,
7822,26/04/2024,45000,69300,0,1,0,18,,0,,20000,,2,1,12,
7823,27/07/2022,112000,296200,0,2,0,37,,1,,37982,,3,0,55,
7824,06/09/2022,53000,84500,0,1,1,54,39,1,0,4268,15732,2,1,222,
7825,19/10/2022,133000,208600,3,,1,48,32,1,0,8398,11602,2,1,231,09/11/2022
7826,03/08/2024,66000,140300,0,2,1,26,61,1,0,14607,5393,2,0,31,
7827,14/08/2024,27000,64800,0,2,1,20,56,0,1,4970,15030,2,2,76,25/08/2024
7828,09/02/2022,132000,206500,0,1,0,64,,0,,20000,,1,0,82,
7829,03/09/2021,97000,160200,0,1,1,45,18,1,0,7056,12944,3,0,179,19/10/2021
7830,30/04/2023,64000,197800,2,,1,50,36,1,0,13771,8582,0,0,9,
7831,08/04/2022,55000,137300,0,2,0,18,,1,,20000,,2,0,31,
7832,20/05/2023,253000,409600,0,0,0,49,,0,,33047,,3,0,217,
7833,19/03/2024,154000,198300,0,1,0,31,,0,,20000,,2,1,71,21/04/2024
7834,05/07/2023,144000,200800,2,1,0,54,,0,,20000,,1,0,187,
7835,20/04/2023,98000,162400,0,,0,45,,0,,20000,,2,0,8,07/05/2023
7836,11/09/2021,144000,202900,0,1,0,25,,0,,21098,,0,0,0,23/09/2021
7837,01/04/2022,136000,204900,0,2,0,31,,1,,20622,,2,2,94,23/05/2022
7838,15/11/2022,95000,177500,0,2,0,37,,1,,20000,,2,1,215,14/12/2022
7839,23/06/2024,158000,195100,0,1,0,55,,1,,20000,,0,0,29,
7840,23/10/2021,124000,215300,0,0,1,38,56,1,0,6281,14585,3,1,83,
7841,02/07/2022,25000,63700,0,0,0,54,,0,,20000,,3,1,41,05/07/2022
7842,28/06/2024,229000,495000,0,0,0,18,,1,,45251,,3,0,54,
7843,09/03/2024,190000,292000,0,2,1,53,51,1,0,16937,19123,3,0,72,24/03/2024
7844,14/02/2024,37000,75000,0,1,0,56,,1,,20000,,2,0,82,
7845,21/12/2023,211000,430600,0,,0,64,,0,,35148,,2,2,32,02/02/2024
7846,12/11/2023,187000,310100,0,2,1,32,35,0,1,20619,12162,3,0,57,
7847,06/01/2024,543000,770400,,2,0,74,,1,,79866,,3,0,26,
7848,22/04/2022,126000,259400,2,2,0,41,,0,,20000,,2,1,216,
7849,03/09/2023,264000,346200,0,,1,48,26,0,1,31298,17758,2,1,208,
7850,16/12/2023,36000,53300,0,1,1,54,19,0,1,8431,11569,2,0,94,
7851,23/06/2023,111000,154700,2,0,1,43,18,1,0,9582,10418,3,0,87,
7852,08/08/2022,133000,207400,0,2,0,75,,0,,20000,,1,1,94,
7853,12/03/2022,222000,450300,0,2,1,63,50,0,1,21408,15247,3,0,173,08/04/2022
7854,22/12/2023,101000,149100,2,1,0,39,,1,,20000,,2,0,,20/01/2024
7855,06/04/2022,138000,196400,0,1,1,45,48,0,1,8629,11371,,2,50,
7856,16/02/2022,345000,693600,3,1,0,43,,1,,66949,,3,1,11,
7857,11/02/2023,201000,266400,0,0,1,49,41,1,0,17536,6911,,1,16,
7858,29/05/2023,244000,350200,0,0,0,18,,0,,39383,,2,0,51,
7859,17/08/2023,334000,597400,0,1,1,39,42,1,0,25644,28334,2,1,193,
7860,09/06/2024,103000,190800,0,2,0,42,,1,,21128,,0,0,70,17/06/2024
7861,14/03/2023,42000,64300,0,1,0,39,,0,,20000,,2,1,5,
7862,31/07/2024,78000,127300,0,2,1,29,45,1,0,4589,15411,2,0,30,
7863,14/03/2024,172000,355300,0,2,0,43,,1,,35444,,2,0,11,28/03/2024
7864,07/06/2024,67000,123700,0,2,1,50,29,1,0,15588,4412,2,0,214,
7865,28/11/2023,110000,204400,0,1,0,43,,0,,20000,,0,,84,
7866,12/02/2022,127000,198600,0,1,1,38,18,0,1,9401,10599,0,0,88,
7867,26/02/2024,209000,337400,0,2,0,37,,1,,37556,,,0,50,
7868,04/09/2023,112000,447700,0,0,0,68,,0,,41157,,2,0,4,
7869,12/09/2022,147000,194500,0,0,0,69,,1,,20358,,0,1,10,06/10/2022
7870,22/07/2024,76000,152000,0,1,0,56,,1,,20000,,2,0,258,
7871,26/10/2023,295000,615500,0,1,0,49,,0,,40243,,2,0,184,08/11/2023
7872,22/08/2023,107000,209300,0,2,0,67,,1,,20000,,1,0,182,
7873,05/12/2023,155000,205500,0,1,0,57,,1,,20000,,1,0,34,10/01/2024
7874,22/06/2024,125000,186000,0,1,0,38,,0,,20000,,2,0,4,
7875,18/04/2023,123000,203500,0,2,1,23,33,0,1,12828,7383,1,0,34,
7876,04/01/2022,503000,767500,0,2,0,64,,1,,72022,,3,0,87,
7877,12/04/2022,113000,197300,0,1,0,32,,1,,22154,,0,0,8,
7878,31/03/2023,365000,549700,3,2,1,55,51,1,0,19926,19884,2,1,88,
7879,11/08/2023,83000,160000,,1,0,41,,1,,20000,,2,1,,
7880,22/12/2023,111000,193900,2,2,0,53,,1,,20000,,1,1,4,
7881,12/07/2024,106000,151400,2,1,0,53,,0,,20000,,2,1,7,
7882,10/04/2022,455000,617300,0,1,1,49,35,0,1,34762,21836,3,0,11,
7883,20/01/2023,74000,147400,0,,1,54,42,0,1,7223,12777,2,0,83,
7884,05/12/2021,154000,241200,0,1,0,63,,1,,21574,,3,1,13,08/01/2022
7885,06/01/2024,195000,422600,0,2,0,60,,1,,42058,,2,0,190,
7886,01/07/2022,191000,288000,,1,0,53,,0,,23299,,,1,82,
7887,23/06/2023,160000,185300,0,1,0,48,,1,,25838,,3,0,70,
7888,21/10/2021,265000,460400,0,1,1,37,43,1,0,25288,15827,3,0,80,
7889,29/08/2024,61000,108500,0,1,0,28,,1,,20000,,2,0,81,
7890,29/04/2023,114000,160200,2,1,0,36,,0,,20000,,2,,9,29/05/2023
7891,02/02/2023,99000,119600,0,2,1,35,35,0,1,8835,11165,,0,6,16/03/2023
7892,03/07/2024,180000,419300,0,2,0,44,,1,,35745,,2,2,71,09/08/2024
7893,19/10/2023,365000,607700,0,2,1,39,75,0,1,15400,43502,2,0,75,25/11/2023
7894,11/02/2023,234000,472600,0,1,0,38,,0,,39841,,3,2,75,
7895,07/07/2022,75000,105200,0,2,0,53,,1,,20000,,2,0,11,
7896,05/02/2024,169000,223900,0,2,1,63,49,1,0,8250,12861,2,0,79,29/03/2024
7897,10/08/2023,276000,451500,0,1,0,43,,1,,39057,,2,0,9,29/08/2023
7898,03/03/2023,178000,210700,0,1,0,39,,1,,20000,,1,0,57,
7899,10/12/2021,86000,200800,0,2,1,35,28,1,0,8163,11837,1,0,212,03/01/2022
7900,24/10/2023,85000,172200,3,2,1,30,35,0,1,12089,7911,2,,175,
7901,28/03/2024,40000,86200,0,2,1,28,31,0,0,10525,9475,2,0,76,
7902,15/05/2022,45000,59500,0,2,0,30,,1,,20000,,2,,8,
7903,11/04/2023,140000,206100,,2,0,27,,1,,20000,,1,0,90,
7904,11/09/2023,253000,411700,0,2,1,54,39,0,1,49134,19650,3,0,157,
7905,23/10/2021,45000,108900,,2,1,49,38,1,0,8770,11230,2,0,88,13/11/2021
7906,21/09/2021,123000,212100,0,1,0,59,,0,,20000,,1,0,50,
7907,30/09/2021,214000,320000,0,1,0,38,,0,,35671,,3,2,64,
7908,27/12/2023,195000,248700,0,1,1,43,18,0,1,20154,11209,2,1,80,
7909,22/05/2022,180000,262800,0,1,1,36,39,0,1,9829,10171,2,1,82,
7910,02/02/2024,113000,272900,0,1,0,46,,1,,22789,,2,0,88,08/02/2024
7911,09/04/2022,274000,387100,0,2,0,54,,0,,25192,,2,0,56,
7912,29/06/2023,335000,581500,0,1,1,47,44,1,0,26936,27029,2,0,93,30/07/2023
7913,25/04/2024,158000,314400,0,1,0,48,,0,,29287,,3,0,6,08/05/2024
7914,22/07/2022,265000,491700,1,1,1,53,37,0,1,15371,18227,2,0,91,
7915,03/11/2022,95000,158000,0,2,1,43,45,1,0,9601,10399,3,0,212,
7916,26/04/2022,217000,544600,0,2,0,57,,1,,39485,,3,0,72,07/05/2022
7917,10/03/2024,177000,254200,0,0,1,36,30,0,1,14800,20504,2,0,55,
7918,13/12/2021,155000,290300,0,1,1,23,60,1,0,11527,8701,3,0,54,
7919,19/08/2023,249000,407800,0,1,1,54,60,0,1,11155,24658,3,0,,
7920,13/04/2022,59000,141400,0,2,1,56,37,1,0,10619,9381,2,0,54,
7921,13/08/2024,209000,301700,0,1,0,62,,0,,27231,,,0,83,
7922,21/02/2024,95000,192400,0,1,0,27,,1,,20000,,0,0,238,05/03/2024
7923,05/04/2024,48000,90200,0,0,1,50,39,0,1,7089,12911,,0,186,
7924,09/01/2024,90000,209100,,1,0,46,,0,,26523,,1,2,209,31/01/2024
7925,02/10/2022,161000,288300,0,1,0,32,,0,,20145,,3,0,85,
7926,13/06/2022,378000,557100,0,1,0,29,,0,,43142,,3,0,0,
7927,30/10/2023,232000,386500,2,1,0,61,,1,,26598,,3,1,168,12/12/2023
7928,27/07/2022,48000,201700,0,1,0,58,,1,,20000,,2,0,80,
7929,06/05/2022,53000,154500,0,1,1,39,62,0,1,9871,10129,2,0,79,
7930,24/04/2023,333000,604200,,,1,50,43,1,1,19492,27274,3,0,,
7931,08/10/2023,444000,670000,0,2,0,23,,0,,49293,,2,0,73,
7932,08/05/2024,140000,214800,0,2,0,41,,0,,21825,,1,1,43,
7933,21/06/2023,82000,136300,0,1,0,52,,1,,20000,,2,0,,13/07/2023
7934,25/08/2024,297000,513600,2,2,1,41,43,0,0,32929,11788,2,1,,
7935,20/08/2022,202000,535000,0,1,1,55,31,0,1,36690,13223,3,0,8,01/09/2022
7936,02/10/2023,115000,202500,0,1,0,18,,1,,23104,,1,0,53,
7937,05/10/2023,60000,98500,0,,1,51,55,0,1,11429,8571,2,0,,20/10/2023
7938,29/03/2024,131000,197800,0,2,0,36,,0,,24135,,0,0,50,
7939,15/01/2024,261000,398500,,1,1,30,29,1,0,14508,25193,2,0,79,
7940,16/02/2022,319000,371500,0,2,0,45,,1,,33258,,2,0,7,
7941,31/03/2022,350000,512800,3,1,0,53,,1,,49798,,2,0,78,
7942,07/10/2021,144000,296700,0,2,0,18,,1,,26311,,2,1,69,
7943,12/02/2024,220000,297100,1,1,1,50,50,1,0,13596,7043,3,0,158,
7944,24/02/2022,64000,104500,0,,0,51,,0,,20000,,2,0,,25/02/2022
7945,16/03/2022,96000,131900,0,1,1,50,47,1,0,8318,11682,2,0,13,
7946,30/08/2023,59000,91200,0,1,0,18,,1,,20000,,2,1,4,
7947,10/08/2024,334000,616600,0,1,0,34,,0,,39118,,2,0,54,19/08/2024
7948,08/08/2023,34000,99300,0,1,0,65,,0,,20000,,2,0,,
7949,04/11/2022,442000,584100,0,1,0,38,,0,,57783,,3,0,53,
7950,11/08/2023,162000,191300,0,1,1,31,26,0,1,8820,11180,2,0,53,
7951,08/06/2022,168000,205100,0,2,0,41,,1,,20000,,,,77,
7952,31/08/2024,227000,428100,0,1,0,34,,0,,36076,,3,2,184,
7953,13/07/2024,302000,371900,0,1,1,33,50,0,1,14405,14438,2,0,61,
7954,19/12/2021,49000,73900,2,1,1,51,24,1,0,11834,8166,2,2,51,
7955,23/05/2024,162000,331500,0,2,1,53,52,0,1,22920,7262,2,0,202,
7956,08/05/2022,212000,366800,0,1,1,60,47,0,1,25714,14645,2,1,70,
7957,27/09/2021,17000,54500,0,1,1,49,49,0,1,8695,11305,2,2,52,
7958,28/08/2022,119000,188700,0,1,0,52,,0,,20000,,2,0,36,
7959,04/09/2023,43000,60600,0,2,1,43,28,1,0,11143,8857,2,0,72,
7960,06/09/2023,89000,140300,0,1,0,42,,0,,20000,,2,1,12,
7961,23/07/2024,65000,151600,3,1,0,59,,1,,20000,,2,1,74,23/07/2024
7962,02/09/2022,272000,599800,0,1,0,54,,0,,70962,,,0,50,
7963,14/09/2021,136000,190200,,1,1,30,66,0,1,9957,13043,2,0,76,
7964,01/01/2024,201000,282000,0,2,0,36,,1,,22304,,2,0,70,
7965,20/07/2023,130000,215300,0,2,0,18,,1,,20000,,3,0,75,11/08/2023
7966,14/06/2022,43000,73700,0,2,0,56,,1,,20000,,2,1,87,29/06/2022
7967,05/07/2023,121000,156100,,2,1,27,40,1,1,9877,10123,2,0,157,28/07/2023
7968,07/07/2024,194000,402300,0,0,0,40,,0,,24179,,2,2,57,
7969,06/11/2023,143000,271000,2,1,0,55,,0,,22418,,2,0,34,
7970,09/08/2022,138000,214100,0,0,1,57,18,0,1,9513,11939,2,1,81,
7971,27/09/2021,82000,139500,0,1,1,35,65,0,0,14091,5909,2,0,217,
7972,12/09/2021,175000,311200,0,1,0,54,,1,,32978,,2,0,91,
7973,08/02/2022,145000,235400,0,0,0,68,,0,,22743,,2,0,274,18/03/2022
7974,19/08/2023,99000,185300,0,1,1,35,23,1,0,12521,7479,2,0,90,
7975,04/09/2021,91000,133300,0,2,1,51,28,1,0,15085,4915,2,0,34,
7976,26/10/2022,97000,257000,0,,0,34,,0,,20000,,2,0,80,
7977,02/06/2022,407000,495300,0,2,0,53,,0,,43770,,3,0,77,23/07/2022
7978,02/05/2024,89000,150700,1,1,1,49,21,1,0,9524,10476,3,0,57,25/05/2024
7979,03/08/2022,86000,157200,2,1,1,57,47,0,1,13450,6550,3,0,0,
7980,02/05/2022,122000,294500,0,1,0,48,,0,,34606,,2,0,34,
7981,14/08/2023,143000,209500,0,2,0,25,,0,,20000,,,0,18,
7982,31/08/2024,105000,206100,0,,0,46,,0,,22480,,2,0,200,
7983,04/04/2023,132000,247300,0,2,0,40,,0,,31083,,2,1,5,
7984,26/03/2024,73000,122800,0,0,0,41,,0,,20000,,2,1,52,16/04/2024
7985,18/07/2023,235000,569900,0,0,0,62,,1,,67584,,2,1,7,
7986,29/06/2023,197000,207700,0,0,0,21,,1,,29759,,1,0,78,
7987,07/05/2024,113000,205600,1,1,0,42,,0,,21433,,0,0,72,31/05/2024
7988,09/08/2023,45000,92600,0,1,0,52,,1,,20000,,2,,15,20/08/2023
7989,09/07/2022,88000,166300,0,2,0,53,,0,,20000,,2,0,8,
7990,22/01/2022,234000,308600,0,0,0,31,,1,,28205,,2,0,201,07/03/2022
7991,24/05/2024,290000,415100,3,2,1,18,18,1,0,15705,17437,2,0,46,
7992,16/09/2021,312000,449400,0,,0,39,,1,,44153,,3,0,5,
7993,11/12/2022,109000,269500,0,1,0,64,,0,,22624,,2,0,4,
7994,07/02/2024,162000,649200,0,,0,42,,1,,50499,,2,2,5,05/02/2024
7995,22/12/2021,338000,558400,0,2,0,59,,0,,45871,,3,2,36,
7996,30/09/2021,54000,69400,0,2,0,26,,1,,20000,,2,0,208,
7997,13/12/2022,272000,351100,0,1,0,63,,0,,26258,,3,0,87,06/02/2023
7998,03/12/2022,68000,167800,0,,1,51,51,0,1,11951,8049,2,0,85,
7999,16/07/2023,90000,114400,,2,0,36,,0,,20000,,,0,169,
8000,10/09/2023,73000,107800,2,2,0,36,,1,,20000,,2,0,34,
8001,01/07/2022,105000,201100,0,1,1,52,44,0,1,12887,7113,0,0,216,
8002,06/03/2022,126000,209900,0,1,1,42,39,0,1,10332,9668,1,0,234,
8003,29/08/2023,125000,208000,0,1,0,62,,1,,20000,,1,1,172,
8004,18/05/2022,142000,262700,2,1,1,45,54,0,1,11167,16794,2,0,,17/06/2022
8005,18/03/2024,177000,250100,0,2,1,52,52,1,0,18233,6589,2,0,72,17/04/2024
8006,14/08/2023,146000,207900,0,0,1,50,32,0,1,12339,7661,1,1,64,
8007,19/02/2022,127000,257100,0,1,1,56,30,0,1,7426,14460,2,0,13,
8008,25/03/2024,135000,194700,0,2,0,55,,0,,20000,,0,2,82,
8009,08/04/2023,106000,195200,0,2,1,33,75,1,0,8676,11324,0,1,193,04/05/2023
8010,13/10/2022,57000,73000,0,0,1,20,37,0,1,10010,9990,2,0,80,
8011,22/02/2022,239000,459200,0,2,0,18,,0,,60095,,,0,86,
8012,22/02/2022,48000,95800,3,0,1,55,62,1,0,12447,7553,2,0,236,30/03/2022
8013,14/02/2024,68000,115400,,1,1,65,68,0,1,13577,6423,2,1,79,26/02/2024
8014,29/10/2021,100000,196200,0,2,0,66,,1,,21506,,,1,9,
8015,01/06/2024,156000,239500,,1,0,26,,0,,27559,,2,0,25,
8016,15/11/2023,79000,149400,0,0,0,33,,0,,20000,,2,0,15,01/12/2023
8017,23/02/2023,59000,108000,,1,0,27,,0,,20000,,2,0,81,
8018,28/11/2023,115000,186000,0,1,1,24,61,0,1,10908,9092,2,0,215,05/01/2024
8019,11/12/2021,61000,88700,2,2,0,43,,0,,20000,,2,2,195,
8020,04/06/2022,239000,417000,3,2,0,66,,0,,37049,,2,1,84,01/07/2022
8021,05/09/2022,165000,313800,0,0,1,73,65,0,1,12719,20802,3,,5,
8022,29/12/2022,175000,198400,0,2,1,38,52,0,1,11610,8390,2,0,193,06/03/2023
8023,16/12/2023,125000,197100,0,2,0,64,,1,,20000,,3,0,79,
8024,21/10/2021,119000,156100,0,1,1,59,32,0,1,8869,11131,,0,54,
8025,06/11/2023,449000,572800,0,2,0,52,,1,,59184,,3,0,162,
8026,23/01/2022,489000,644500,0,1,1,63,46,0,1,39656,22716,2,1,83,
8027,02/07/2022,90000,176600,0,0,1,33,31,1,0,10304,9696,2,0,73,09/07/2022
8028,27/02/2023,193000,229000,0,1,1,34,41,0,1,11434,11034,,1,14,07/04/2023
8029,14/05/2023,286000,378500,0,0,1,29,54,0,1,21378,10666,2,0,69,
8030,12/09/2021,115000,232800,0,1,0,37,,0,,26610,,2,0,82,
8031,16/08/2024,346000,701500,0,2,1,49,61,0,1,34985,24628,2,,84,
8032,29/12/2022,164000,201300,2,1,0,55,,0,,20000,,,0,52,
8033,14/08/2022,129000,187500,0,1,0,45,,0,,20000,,0,,204,
8034,27/06/2024,88000,201800,0,2,1,62,36,0,1,8184,11816,0,0,188,
8035,15/03/2024,118000,191400,0,1,1,38,44,0,0,9617,10383,2,0,60,
8036,27/04/2023,105000,191200,3,1,0,54,,1,,20000,,0,0,214,
8037,15/06/2022,80000,186600,0,,0,48,,1,,20000,,3,0,53,
8038,25/03/2024,303000,429500,0,2,1,22,50,0,1,11183,25738,3,0,81,
8039,05/04/2022,256000,432400,0,1,1,46,25,1,1,18323,19702,2,0,12,13/05/2022
8040,05/09/2022,250000,365500,0,2,1,38,52,0,1,8841,30631,3,0,53,01/10/2022
8041,13/02/2024,224000,347800,0,1,0,26,,1,,27678,,3,1,9,
8042,09/11/2023,98000,160800,0,0,1,40,32,1,0,13571,6429,2,1,13,03/12/2023
8043,27/06/2023,76000,135800,3,2,1,51,52,1,0,10875,9125,2,0,13,
8044,14/03/2023,90000,124300,0,1,0,74,,0,,20000,,2,0,77,
8045,15/05/2023,158000,242600,0,1,0,31,,0,,20737,,2,,12,
8046,23/02/2024,69000,101600,0,1,0,46,,1,,20000,,2,0,171,29/03/2024
8047,18/08/2023,54000,85900,0,,0,19,,1,,20000,,2,0,14,
8048,04/06/2024,336000,550600,0,2,0,46,,1,,60471,,2,1,199,
8049,14/04/2024,133000,280700,0,1,0,46,,1,,23518,,2,0,14,
8050,28/02/2022,224000,324300,0,2,1,48,25,0,0,4801,23638,3,0,75,
8051,13/05/2024,253000,415500,3,1,1,47,49,1,0,19417,10447,2,0,76,30/05/2024
8052,18/10/2023,333000,480400,0,2,1,42,43,1,0,23542,27884,3,0,34,
8053,22/02/2024,61000,94700,0,1,0,29,,1,,20000,,2,0,55,03/03/2024
8054,08/06/2023,107000,241300,0,1,1,33,30,0,1,4816,16149,3,0,83,
8055,06/09/2022,386000,515900,0,2,0,57,,1,,47471,,3,0,212,
8056,05/09/2023,134000,209600,0,1,0,68,,0,,22385,,1,0,75,22/10/2023
8057,04/08/2024,548000,1058500,0,1,0,55,,0,,109408,,3,0,83,
8058,17/06/2023,161000,214000,1,1,1,57,43,0,1,7166,12834,1,,199,
8059,11/03/2024,213000,316800,0,2,0,47,,1,,28558,,,2,14,
8060,08/04/2023,92000,133900,0,2,1,67,25,0,1,10827,9173,2,0,14,07/05/2023
8061,29/09/2021,165000,229600,0,0,0,60,,0,,20649,,3,0,185,
8062,01/12/2022,128000,286400,0,2,1,37,25,1,0,17120,15475,2,1,195,
8063,02/01/2023,130000,250700,0,1,0,36,,1,,21681,,3,0,91,
8064,11/08/2023,318000,532700,0,0,0,59,,1,,38121,,3,0,34,10/09/2023
8065,03/06/2023,188000,392500,0,2,0,34,,1,,42236,,,2,31,06/07/2023
8066,28/08/2023,190000,321700,0,2,0,53,,0,,25996,,,0,242,
8067,09/09/2023,134000,204900,0,1,0,63,,1,,29595,,1,0,197,
8068,23/08/2022,149000,204900,0,2,1,37,51,0,1,8738,14685,1,0,77,29/09/2022
8069,25/03/2022,195000,321100,0,1,0,55,,0,,29325,,2,1,58,
8070,11/07/2024,111000,169500,0,1,0,49,,1,,20000,,3,0,11,
8071,01/09/2023,152000,209400,0,1,0,28,,1,,20000,,1,0,39,04/10/2023
8072,23/06/2024,113000,139400,0,2,0,25,,0,,20000,,2,0,238,17/07/2024
8073,18/07/2023,164000,242400,0,2,0,30,,1,,30585,,2,0,,
8074,31/03/2022,105000,201200,0,0,1,56,27,0,1,5692,14308,1,0,225,10/05/2022
8075,08/09/2022,57000,108900,0,2,0,42,,0,,20000,,2,0,38,
8076,25/08/2024,82000,271100,,1,0,37,,1,,21729,,3,0,15,
8077,28/08/2022,236000,331700,2,1,0,48,,0,,32243,,2,0,210,
8078,19/04/2023,133000,256800,0,1,1,28,28,0,0,16769,11360,2,0,79,
8079,27/01/2022,122000,209600,0,1,1,23,32,0,1,16539,3461,1,0,0,
8080,29/10/2023,204000,346300,0,2,1,38,43,0,1,13993,17886,2,2,79,
8081,17/07/2023,115000,162500,0,0,0,30,,1,,20000,,2,0,10,
8082,27/04/2023,86000,196200,0,2,0,60,,1,,20000,,0,0,34,
8083,01/12/2023,292000,461800,0,,1,61,18,1,0,18173,10400,2,2,20,06/01/2024
8084,03/04/2024,135000,175300,0,1,1,61,71,0,1,9846,10154,2,1,5,05/05/2024
8085,10/04/2023,133000,217600,0,2,1,36,33,1,0,11451,8549,3,0,31,
8086,04/06/2022,302000,469800,0,1,0,69,,0,,34812,,2,,71,19/07/2022
8087,28/06/2022,454000,763500,0,0,1,41,18,0,1,28907,45757,3,2,208,11/08/2022
8088,25/02/2022,193000,218500,0,2,0,75,,1,,20000,,3,0,93,
8089,09/08/2023,192000,347100,,0,0,28,,0,,30698,,3,0,11,
8090,16/06/2024,111000,186200,0,1,0,19,,1,,20000,,2,2,9,
8091,01/03/2022,71000,173400,0,,1,32,45,0,1,8117,11883,2,0,9,
8092,23/08/2023,117000,203800,0,2,0,51,,1,,20000,,2,2,55,
8093,10/08/2023,312000,382100,,1,0,40,,0,,34560,,3,0,70,22/09/2023
8094,05/03/2022,48000,93000,0,1,1,47,61,0,1,8996,11004,2,0,162,
8095,02/03/2024,123000,207100,0,,1,19,31,0,1,8504,11496,2,1,215,
8096,24/12/2021,350000,413600,2,0,0,55,,0,,34479,,3,2,,
8097,29/08/2024,302000,757800,0,2,0,29,,0,,71677,,3,0,216,
8098,08/07/2022,151000,206600,0,2,1,43,34,1,0,6068,13932,1,0,56,
8099,19/02/2024,150000,203100,0,1,0,47,,1,,20000,,2,0,75,
8100,07/02/2024,74000,207300,0,1,1,40,31,1,0,11651,8349,3,0,,
8101,19/12/2023,183000,282200,0,1,0,42,,0,,20000,,2,0,57,
8102,02/06/2023,167000,211400,,1,0,34,,1,,25393,,1,1,51,26/06/2023
8103,07/10/2022,629000,833400,0,2,0,46,,1,,86839,,3,2,59,
8104,12/06/2024,148000,191900,0,2,0,23,,1,,20000,,0,0,88,08/07/2024
8105,04/02/2022,529000,822800,0,,1,75,27,0,1,45248,29744,2,0,90,
8106,16/08/2022,140000,255600,0,2,1,42,58,1,0,12933,10671,3,0,75,
8107,02/09/2023,108000,231300,0,0,1,58,21,0,1,16328,7684,2,0,77,
8108,08/08/2024,76000,133800,3,2,1,34,75,0,1,7589,12411,2,0,59,
8109,14/06/2022,74000,121900,0,2,0,54,,1,,20000,,2,0,72,
8110,07/08/2024,153000,303000,0,1,1,49,53,1,1,14141,18398,3,0,180,
8111,07/10/2021,98000,186500,0,1,0,65,,1,,20000,,,0,72,
8112,31/08/2023,247000,534000,2,2,0,30,,0,,48782,,2,0,43,
8113,26/02/2024,79000,293500,0,2,1,41,63,0,1,10379,11696,2,1,78,
8114,31/05/2024,110000,199800,,1,0,35,,1,,20000,,3,0,43,03/07/2024
8115,14/11/2021,232000,478000,,2,0,28,,0,,37242,,3,0,51,
8116,11/11/2023,143000,185700,0,1,0,30,,1,,20000,,2,1,87,
8117,31/08/2023,445000,559500,0,2,0,75,,0,,43146,,3,0,68,
8118,04/02/2022,210000,311100,0,,1,38,49,1,0,19973,12401,2,0,38,06/03/2022
8119,05/07/2023,107000,193600,0,2,0,26,,0,,26299,,0,0,86,
8120,06/04/2024,122000,198700,0,1,0,21,,0,,23717,,0,0,207,
8121,18/08/2022,168000,310800,0,1,0,64,,0,,27325,,2,0,122,21/09/2022
8122,14/04/2022,83000,192600,1,2,1,28,38,0,1,13843,6157,0,0,18,10/04/2022
8123,27/03/2023,69000,121800,0,1,0,39,,0,,20000,,3,0,227,
8124,19/04/2023,388000,709900,0,2,1,67,47,0,1,36354,27239,2,0,193,08/05/2023
8125,04/01/2024,155000,201800,0,2,0,32,,0,,20000,,0,1,,
8126,05/03/2022,119000,224000,0,1,1,59,40,0,1,13985,8175,2,0,70,
8127,28/07/2023,77000,105600,0,0,1,45,71,0,1,14268,5732,2,0,75,31/08/2023
8128,23/07/2024,195000,291500,0,1,1,37,55,1,0,12005,18738,2,1,81,18/08/2024
8129,17/05/2023,176000,430800,0,1,0,20,,0,,58799,,2,2,236,
8130,03/03/2023,15000,21700,0,2,0,47,,0,,20000,,2,0,177,
8131,03/09/2021,88000,193200,0,2,1,37,65,1,0,12867,7133,0,0,5,
8132,04/03/2023,181000,386000,0,,1,57,51,0,1,14979,28688,2,1,69,20/03/2023
8133,30/08/2022,158000,203000,0,1,0,58,,0,,20000,,1,0,85,
8134,14/03/2023,62000,87200,3,2,1,36,33,1,0,6974,13026,2,0,50,
8135,20/05/2022,127000,269100,0,2,1,43,18,0,1,16109,8299,3,0,17,
8136,07/09/2022,602000,975000,0,2,0,64,,0,,87193,,2,0,87,26/09/2022
8137,27/06/2023,109000,212600,3,1,0,48,,1,,29386,,1,1,180,
8138,07/08/2023,187000,331400,1,1,1,35,65,0,0,16338,10663,2,0,,
8139,04/02/2022,235000,281300,0,2,0,51,,1,,22376,,3,0,78,
8140,14/01/2023,221000,442700,0,1,0,53,,1,,44755,,3,0,54,
8141,20/06/2022,86000,142700,0,1,1,46,30,0,0,9274,10726,3,0,67,
8142,22/07/2023,171000,238600,0,2,1,46,42,0,1,10874,9126,3,0,81,
8143,06/02/2024,157000,288600,0,1,0,40,,1,,22975,,2,0,4,29/02/2024
8144,24/08/2022,143000,213500,0,0,1,38,60,0,1,13189,6811,,0,59,
8145,26/08/2023,131000,179000,0,1,0,65,,1,,20000,,2,0,238,
8146,28/03/2022,81000,130000,0,2,0,52,,1,,20000,,,1,80,21/04/2022
8147,19/08/2023,110000,220100,0,1,1,34,46,1,0,10519,10265,2,0,54,
8148,13/03/2024,114000,160500,,2,1,19,34,0,1,5077,14923,3,0,12,25/04/2024
8149,01/08/2023,60000,120300,0,1,0,38,,1,,20000,,2,2,47,30/08/2023
8150,10/08/2024,130000,207300,0,2,1,45,29,1,1,14801,12696,1,0,9,
8151,05/12/2023,416000,587200,2,2,0,50,,1,,51733,,2,0,87,
8152,01/06/2024,108000,197800,,0,1,72,44,0,1,9749,10251,1,0,71,22/06/2024
8153,04/08/2022,45000,75500,,1,0,52,,0,,20000,,2,1,205,
8154,10/09/2022,315000,425800,2,,0,36,,1,,36658,,,0,91,
8155,02/12/2021,230000,300000,0,2,0,52,,0,,23417,,2,0,153,18/01/2022
8156,07/08/2023,203000,328800,0,1,1,49,36,0,1,21615,6828,2,0,207,
8157,23/04/2022,105000,206800,0,2,0,54,,0,,20000,,2,1,193,
8158,29/08/2024,129000,206000,0,1,1,50,59,1,0,11760,11128,1,1,93,
8159,09/12/2022,87000,118000,0,1,0,21,,0,,20000,,2,1,30,17/01/2023
8160,27/08/2023,229000,401100,0,1,1,22,47,0,1,6141,27291,3,0,63,13/10/2023
8161,26/05/2022,66000,141900,0,1,0,61,,1,,20000,,3,1,9,
8162,02/02/2022,84000,134400,1,1,0,29,,0,,20000,,2,1,231,
8163,29/08/2022,95000,205600,1,,0,48,,1,,20000,,2,0,68,12/09/2022
8164,29/12/2023,876000,1156800,0,1,1,43,25,0,1,58423,22212,2,1,62,05/02/2024
8165,24/03/2023,69000,253900,0,1,1,63,67,1,0,13131,12766,3,0,77,
8166,06/12/2022,50000,101800,0,1,1,25,54,0,1,12522,7478,,0,,
8167,11/08/2023,135000,208800,0,2,0,53,,1,,20000,,1,0,57,
8168,07/09/2023,109000,191000,0,1,0,48,,0,,20000,,0,1,78,
8169,01/04/2024,173000,274700,3,1,0,60,,0,,25004,,2,1,85,
8170,23/06/2024,343000,524300,2,1,0,75,,0,,60851,,2,1,70,
8171,20/11/2023,288000,344900,2,,0,60,,1,,27487,,2,0,1,01/01/2024
8172,18/08/2024,153000,195400,0,1,1,56,36,1,0,16570,6995,0,0,81,
8173,14/12/2022,319000,463400,0,2,0,41,,0,,48972,,2,0,14,
8174,05/02/2022,82000,104200,0,1,0,34,,1,,20000,,2,0,88,
8175,29/04/2024,94000,238400,0,2,0,33,,0,,20000,,2,2,79,30/05/2024
8176,24/12/2023,36000,44800,0,,0,26,,0,,20000,,2,1,12,15/01/2024
8177,13/02/2022,63000,96300,2,2,0,18,,0,,20000,,2,0,89,06/03/2022
8178,12/08/2024,43000,109500,0,2,1,58,54,0,1,8699,11301,2,0,12,
8179,25/05/2024,203000,319300,1,2,0,75,,1,,26259,,2,0,158,
8180,21/08/2023,35000,82100,0,1,0,35,,0,,20000,,,0,219,
8181,02/05/2023,470000,663800,2,2,0,47,,0,,82680,,2,0,49,
8182,15/11/2022,151000,202000,2,2,1,19,57,0,1,10757,9243,2,0,146,
8183,27/03/2024,413000,585000,0,0,0,34,,1,,41686,,2,0,,
8184,22/04/2024,132000,199300,0,1,1,35,33,0,1,11929,8071,1,0,225,
8185,03/10/2022,218000,299500,0,2,0,18,,1,,21923,,2,0,16,
8186,14/12/2021,223000,264300,0,1,1,68,35,1,0,18496,12005,2,0,55,
8187,03/03/2023,107000,165600,3,1,1,42,41,0,1,10738,9262,2,2,130,
8188,16/07/2023,136000,180400,0,1,0,37,,1,,20000,,2,2,57,
8189,23/05/2024,144000,296600,0,1,0,23,,0,,28379,,2,0,51,10/06/2024
8190,20/08/2023,51000,166800,,1,0,35,,1,,20000,,2,,211,14/09/2023
8191,24/06/2024,57000,90400,0,1,1,31,21,1,0,14470,5530,2,1,72,
8192,08/05/2024,61000,114600,0,2,0,42,,0,,20000,,2,0,87,
8193,14/05/2022,157000,198400,2,0,1,61,62,0,1,7620,12380,3,0,62,
8194,09/06/2024,771000,1579900,3,2,0,29,,1,,148369,,3,0,5,23/06/2024
8195,23/04/2022,127000,253600,2,1,0,31,,1,,22731,,2,0,81,
8196,03/07/2024,299000,405200,0,1,0,59,,1,,30116,,2,0,155,
8197,03/04/2022,67000,99700,0,2,1,28,18,1,0,16188,3812,2,0,8,
8198,28/03/2024,160000,205900,0,0,0,52,,0,,20000,,1,0,5,19/04/2024
8199,24/08/2022,103000,183900,1,1,0,34,,0,,20000,,3,2,0,10/09/2022
8200,22/02/2023,129000,215800,0,1,1,37,31,0,1,5734,14266,2,0,13,27/02/2023
8201,14/04/2023,141000,229100,0,1,1,58,45,1,0,5047,19712,2,1,18,
8202,05/09/2023,116000,167000,0,1,0,63,,1,,20000,,2,1,50,07/10/2023
8203,12/11/2022,348000,596000,0,1,0,50,,1,,47614,,2,0,49,
8204,14/05/2023,133000,181900,0,1,0,52,,0,,20168,,2,0,86,
8205,27/03/2022,110000,191400,0,2,1,51,52,0,1,11963,8037,2,2,153,
8206,21/03/2024,362000,492300,0,1,1,43,40,0,1,21875,13578,2,1,17,
8207,13/02/2022,63000,152700,0,1,0,57,,1,,20000,,2,,0,
8208,05/07/2022,82000,137900,0,1,1,75,72,1,1,12125,7875,2,0,189,
8209,18/05/2022,612000,842600,0,1,1,43,33,0,1,48645,31608,3,1,33,
8210,15/03/2023,417000,588300,0,1,0,43,,0,,81245,,3,0,79,25/04/2023
8211,21/12/2022,56000,101000,3,1,0,46,,0,,20000,,2,0,71,
8212,04/06/2022,122000,209300,0,2,1,58,37,1,1,11048,8952,2,1,87,
8213,20/06/2023,710000,881200,0,1,0,38,,0,,89759,,3,0,8,05/08/2023
8214,11/11/2022,127000,206500,0,0,1,45,69,0,1,18910,5428,1,1,264,
8215,13/08/2023,124000,189200,0,1,0,36,,1,,20000,,2,1,72,
8216,30/06/2023,86000,198500,0,1,0,37,,0,,20000,,0,0,72,
8217,09/09/2022,138000,201300,1,1,0,75,,1,,20000,,0,2,46,
8218,07/09/2022,55000,136400,0,2,0,61,,1,,20000,,2,1,49,
8219,14/01/2023,138000,210300,0,2,1,46,35,0,1,10250,26826,1,2,227,27/02/2023
8220,24/08/2022,54000,144600,0,1,1,29,52,0,0,12846,7154,2,0,69,
8221,03/12/2021,73000,199400,0,1,0,57,,0,,20000,,1,0,203,
8222,17/07/2024,125000,203100,0,2,0,36,,0,,20000,,1,0,,
8223,30/12/2021,202000,333000,0,1,0,49,,1,,29857,,2,,93,25/01/2022
8224,08/10/2021,252000,382100,0,1,0,51,,1,,43538,,2,1,175,
8225,24/10/2021,165000,197300,0,0,1,49,41,0,1,10565,9435,2,0,190,
8226,10/09/2023,152000,222000,0,2,1,40,72,0,0,11412,12219,2,2,73,
8227,12/02/2024,216000,248700,2,1,0,49,,0,,22834,,3,0,77,
8228,27/08/2022,137000,342000,3,1,1,54,49,0,1,10216,11502,2,0,85,
8229,07/08/2024,64000,95100,0,2,1,62,39,0,1,11702,8298,2,,85,
8230,23/02/2023,182000,350800,0,1,0,40,,0,,32589,,2,,14,30/03/2023
8231,15/08/2023,175000,217800,0,1,0,52,,0,,20008,,2,1,81,
8232,15/08/2022,77000,109700,0,0,1,51,67,1,0,13753,6247,2,0,192,16/09/2022
8233,26/08/2022,171000,296200,0,1,0,49,,1,,22197,,3,2,,
8234,13/02/2023,88000,131600,0,1,0,48,,0,,20000,,2,2,82,
8235,04/11/2021,103000,126700,0,2,0,50,,0,,20000,,2,2,,
8236,01/09/2024,104000,167200,1,2,1,75,57,1,0,9091,10909,,0,177,
8237,27/12/2021,97000,151500,0,2,1,54,34,0,1,4493,15507,2,0,36,
8238,28/08/2024,536000,695400,0,1,1,36,26,1,0,12524,41223,3,2,86,
8239,17/08/2024,72000,90200,0,2,1,67,75,0,1,15312,4688,2,0,,
8240,31/08/2023,357000,573000,0,0,0,48,,1,,40149,,,0,85,
8241,01/06/2024,122000,207700,0,1,1,39,27,0,1,10730,10312,1,0,76,
8242,12/09/2023,71000,131900,0,1,0,45,,0,,20000,,2,0,16,
8243,07/08/2023,161000,207800,0,2,0,33,,0,,20000,,1,0,205,
8244,18/07/2023,195000,312400,0,1,1,21,61,0,0,13923,8124,3,0,17,
8245,06/01/2022,86000,169800,0,1,0,61,,1,,20000,,2,0,12,23/01/2022
8246,29/10/2022,134000,183900,2,2,0,56,,0,,20000,,2,0,61,30/11/2022
8247,01/01/2024,87000,166400,0,1,1,30,50,0,1,13878,6122,3,0,211,21/01/2024
8248,06/12/2023,185000,215000,0,1,1,49,35,1,0,15014,5368,1,0,50,10/01/2024
8249,16/08/2024,374000,648200,0,1,0,59,,0,,67554,,3,1,241,
8250,24/02/2022,88000,144900,0,0,1,39,21,1,0,5225,14775,2,1,16,
8251,18/04/2023,151000,196000,0,,1,63,36,0,1,7810,13596,0,0,56,04/06/2023
8252,01/08/2023,468000,701100,0,1,0,42,,1,,46707,,3,0,190,
8253,21/02/2024,377000,711900,0,1,1,33,39,1,0,35153,35358,2,0,18,
8254,10/05/2023,77000,125100,0,1,0,62,,0,,20000,,2,0,49,
8255,22/04/2022,197000,413500,2,1,1,18,43,0,1,11383,19547,2,0,6,
8256,03/10/2022,202000,310000,,2,0,54,,1,,23675,,3,,11,
8257,10/04/2024,181000,366000,0,1,1,24,39,0,1,11874,13304,3,0,,
8258,27/06/2023,204000,266200,0,1,1,39,26,1,0,12742,10412,2,2,180,26/08/2023
8259,08/02/2022,291000,727900,0,2,1,42,22,0,1,34982,24730,2,1,11,21/02/2022
8260,19/11/2023,158000,279100,0,1,0,61,,0,,23998,,2,0,84,
8261,13/06/2023,99000,205100,0,1,0,38,,1,,20000,,1,0,76,
8262,08/12/2023,229000,515900,0,1,1,37,50,1,0,21097,14453,3,,155,
8263,08/04/2023,124000,181800,0,2,1,18,48,1,0,8659,11341,,0,17,
8264,18/07/2024,149000,210200,,1,1,18,51,0,1,7776,19327,1,0,15,
8265,05/02/2023,144000,194800,0,2,1,18,46,0,1,10259,9741,0,0,,
8266,15/10/2021,137000,213700,0,1,1,68,63,0,1,10379,9621,1,0,189,01/12/2021
8267,30/10/2023,143000,292400,0,2,1,46,50,1,0,10966,16340,2,0,78,16/11/2023
8268,13/06/2022,104000,170300,0,1,0,23,,0,,20000,,2,0,12,
8269,01/12/2023,36000,47800,0,2,0,27,,1,,20000,,2,1,58,
8270,26/10/2022,1259000,2924300,0,2,0,18,,0,,277915,,2,0,176,
8271,27/06/2023,146000,218600,0,0,1,47,43,0,1,10760,9240,1,0,,
8272,05/10/2022,372000,558500,0,1,0,30,,1,,49775,,2,0,,
8273,24/07/2023,634000,778900,0,1,1,62,33,0,1,40498,22486,3,0,19,
8274,19/08/2022,361000,710900,0,2,1,45,19,0,1,61577,16321,2,1,57,
8275,29/09/2022,319000,415700,0,1,1,35,42,1,0,21183,18833,2,2,144,
8276,12/06/2024,199000,302400,0,1,1,61,26,1,0,17407,9929,2,1,32,
8277,20/03/2023,213000,261600,,1,0,37,,0,,22165,,2,,4,28/04/2023
8278,26/02/2023,308000,525900,2,,1,44,65,1,0,24788,28259,2,0,10,08/04/2023
8279,23/03/2024,165000,269000,0,,0,51,,0,,26662,,2,1,50,20/04/2024
8280,16/05/2022,105000,209600,,2,0,60,,1,,20000,,1,0,16,
8281,21/08/2023,254000,374700,0,1,1,35,50,0,1,10784,18371,3,0,57,15/10/2023
8282,18/03/2022,254000,414600,,2,0,26,,1,,50638,,3,0,38,07/04/2022
8283,18/04/2024,271000,353300,0,2,0,59,,1,,36021,,3,,35,
8284,10/01/2024,378000,585700,0,1,0,65,,0,,47407,,3,0,54,
8285,06/04/2024,180000,234100,0,2,1,44,60,0,1,16932,11765,3,0,57,02/05/2024
8286,27/12/2022,74000,116800,0,,1,53,36,1,0,7543,12457,2,0,234,
8287,04/03/2024,89000,200400,0,0,0,75,,1,,27712,,3,0,185,
8288,23/11/2023,96000,139700,,1,0,40,,0,,20000,,2,0,11,08/12/2023
8289,09/05/2023,86000,143700,0,2,1,50,44,0,1,11094,8906,2,1,51,
8290,25/01/2024,122000,194300,3,1,0,62,,0,,20000,,0,0,85,
8291,25/08/2023,119000,209000,0,2,1,49,75,0,1,6200,24925,2,0,62,
8292,23/01/2022,270000,481000,0,1,0,48,,1,,35255,,3,1,81,20/02/2022
8293,10/01/2023,85000,192800,0,,0,55,,0,,20000,,2,0,42,
8294,04/06/2022,245000,345700,0,1,0,37,,0,,29768,,2,0,72,
8295,20/04/2023,117000,199900,0,2,1,20,28,0,1,8753,11247,3,0,71,
8296,20/01/2022,56000,91200,,1,0,35,,0,,20000,,2,1,79,
8297,08/08/2023,146000,261700,0,0,1,42,46,0,1,18450,8182,2,0,79,
8298,24/12/2023,153000,240900,0,1,1,39,54,1,0,14450,5550,2,0,80,
8299,02/03/2023,333000,559000,0,1,0,71,,0,,40023,,3,0,,
8300,05/04/2022,378000,502100,0,1,1,42,18,1,0,33389,45169,2,1,7,
8301,10/02/2022,344000,500600,0,1,0,48,,0,,44451,,3,0,7,25/02/2022
8302,02/08/2023,440000,759600,0,0,1,62,57,0,0,52887,16090,2,0,74,
8303,20/04/2023,175000,204200,2,2,0,71,,1,,20000,,3,0,62,
8304,01/07/2022,131000,181900,0,2,1,20,50,1,0,11611,8389,2,0,195,19/07/2022
8305,10/02/2023,411000,609900,,0,1,71,71,1,0,19288,37164,2,,53,
8306,10/02/2022,156000,242400,0,1,0,75,,1,,32491,,2,0,81,
8307,13/02/2024,252000,367700,0,2,1,27,40,0,1,22820,12738,3,1,67,11/03/2024
8308,28/11/2021,120000,204300,0,1,0,34,,1,,20615,,1,0,239,
8309,08/08/2024,116000,161500,0,2,0,50,,1,,20000,,2,1,57,
8310,17/02/2022,85000,157300,0,1,0,42,,1,,20000,,,0,87,
8311,10/05/2024,454000,579400,0,1,1,58,58,1,0,23997,22061,,0,77,30/06/2024
8312,01/11/2022,140000,207800,0,0,0,38,,1,,20000,,1,2,20,
8313,26/06/2022,126000,172500,0,0,0,32,,1,,20000,,2,0,216,11/07/2022
8314,06/09/2022,132000,206400,0,1,0,60,,0,,20000,,1,2,6,
8315,19/05/2024,144000,251500,0,2,0,53,,0,,21470,,2,0,173,07/06/2024
8316,26/08/2024,78000,167400,0,0,0,58,,0,,23570,,3,0,87,
8317,17/08/2023,127000,197500,0,1,0,67,,1,,20000,,0,0,9,
8318,24/04/2023,20000,40100,0,1,0,37,,0,,20000,,2,1,171,
8319,07/07/2022,83000,216700,0,1,0,28,,0,,20000,,3,0,76,
8320,24/08/2023,97000,148900,,1,0,54,,0,,20000,,2,2,3,
8321,29/03/2023,118000,209300,0,1,1,75,53,0,1,11382,8618,1,0,72,
8322,14/05/2023,202000,237100,0,1,0,49,,1,,23502,,2,0,59,19/06/2023
8323,16/12/2022,74000,121800,0,2,1,48,24,1,0,9687,10313,2,2,213,
8324,26/08/2023,112000,195200,,1,1,42,52,0,1,12849,7151,0,1,188,
8325,23/06/2024,106000,243600,2,1,0,33,,1,,28323,,3,0,,
8326,13/04/2022,59000,97900,0,1,0,45,,0,,20000,,2,2,191,
8327,05/02/2024,33000,77800,2,1,0,41,,0,,20000,,2,0,61,
8328,15/08/2024,166000,342200,0,1,1,51,58,1,0,15244,26315,2,0,4,
8329,31/03/2023,97000,154200,,1,0,59,,0,,20000,,3,0,38,
8330,06/06/2024,267000,357000,0,2,0,53,,0,,31465,,3,0,84,16/07/2024
8331,24/04/2024,95000,238000,2,2,0,32,,1,,20000,,2,0,69,
8332,07/01/2024,437000,567800,0,1,0,46,,0,,43770,,2,1,10,
8333,29/10/2023,124000,195500,0,2,1,34,44,1,0,8082,11918,0,1,34,
8334,27/09/2021,413000,602600,0,0,1,75,36,1,0,21243,31781,2,0,87,14/11/2021
8335,08/08/2022,60000,148500,0,2,0,48,,0,,20000,,2,0,52,
8336,15/07/2023,119000,184300,0,1,1,18,33,0,1,12655,8267,2,0,61,
8337,29/02/2024,142000,214100,0,1,1,30,62,0,1,14560,11728,1,0,17,
8338,07/08/2023,90000,139500,1,2,0,28,,1,,20000,,2,0,,
8339,11/10/2022,76000,139500,0,1,0,47,,1,,20000,,2,1,84,
8340,09/11/2023,86000,159300,0,1,1,62,52,1,0,10859,9141,2,0,,
8341,26/02/2024,105000,160800,0,1,1,30,45,1,0,5043,14957,2,1,15,
8342,11/03/2022,65000,143100,0,2,0,43,,1,,20000,,2,0,84,
8343,24/02/2022,153000,256800,0,2,0,75,,0,,20000,,2,0,235,11/03/2022
8344,09/12/2022,96000,194800,1,1,1,59,58,1,0,10997,9236,0,1,168,
8345,18/08/2024,118000,199200,0,0,0,27,,0,,20000,,2,1,47,
8346,17/02/2023,49000,126200,0,1,0,44,,1,,20000,,3,0,2,
8347,27/11/2021,617000,934800,0,0,0,54,,1,,78022,,3,0,203,
8348,07/08/2023,112000,223100,0,1,0,22,,0,,20000,,2,,72,01/09/2023
8349,23/03/2023,104000,151600,0,1,0,47,,0,,20000,,2,0,16,03/05/2023
8350,26/01/2024,160000,296600,0,1,1,75,60,0,1,7866,19694,2,1,9,
8351,20/08/2024,204000,318100,0,1,0,54,,1,,20000,,2,2,220,
8352,03/11/2021,90000,326500,3,1,0,69,,1,,48332,,3,2,85,
8353,10/08/2024,174000,262200,0,2,0,24,,0,,24910,,3,0,6,
8354,18/10/2021,189000,453300,2,1,1,54,35,0,1,33327,14002,2,0,196,
8355,07/09/2021,119000,303700,0,1,0,51,,0,,21127,,2,0,244,
8356,30/09/2021,155000,197000,0,,0,33,,0,,20000,,0,0,87,
8357,01/06/2024,113000,200700,0,1,0,38,,1,,20000,,0,1,13,
8358,26/05/2023,60000,84200,0,1,0,44,,1,,20000,,2,2,38,
8359,17/04/2022,140000,263700,0,1,1,67,53,1,1,11885,8813,2,0,7,08/05/2022
8360,20/04/2022,102000,216500,0,2,1,39,52,1,0,8970,11030,1,1,7,17/04/2022
8361,27/12/2023,406000,761600,0,2,1,39,62,0,1,52230,16037,2,1,48,
8362,05/06/2022,105000,214000,0,2,1,24,44,1,0,8802,11681,3,2,82,
8363,22/09/2023,277000,411600,0,1,1,39,47,0,1,17772,13771,2,0,176,
8364,18/02/2023,108000,199700,0,0,0,41,,1,,20000,,2,0,77,25/02/2023
8365,15/08/2024,154000,213200,0,1,1,24,46,0,1,11452,8548,,0,77,
8366,14/01/2023,89000,163400,0,0,0,40,,0,,20000,,2,0,58,
8367,09/09/2023,98000,179900,0,,1,59,58,0,1,8135,11865,3,,38,20/10/2023
8368,13/08/2024,69000,82300,0,2,0,54,,1,,20000,,2,2,82,
8369,08/10/2023,98000,159600,0,2,1,56,48,0,1,12263,7737,2,1,148,09/11/2023
8370,03/07/2024,104000,198500,0,0,1,44,46,1,0,10455,9545,2,0,54,
8371,06/10/2023,205000,277500,0,1,0,59,,1,,32235,,2,0,83,03/11/2023
8372,25/03/2024,154000,302500,2,2,0,45,,1,,31425,,2,0,77,
8373,07/10/2021,22000,48000,0,1,0,18,,1,,20000,,2,0,54,
8374,03/04/2022,139000,188600,0,2,0,35,,1,,20000,,0,0,177,
8375,18/02/2024,517000,827800,0,2,0,32,,1,,83588,,,,74,10/03/2024
8376,20/08/2024,387000,563200,0,0,1,40,28,0,0,35917,17330,2,0,10,
8377,07/05/2024,127000,174000,0,1,0,31,,1,,20000,,2,0,197,17/06/2024
8378,25/07/2022,124000,192600,0,2,0,23,,0,,27459,,0,0,237,15/08/2022
8379,14/05/2023,53000,77700,0,2,1,33,46,0,1,5947,14053,2,1,59,03/06/2023
8380,17/08/2022,90000,195100,0,2,1,53,42,1,0,10218,9782,0,2,,
8381,25/08/2022,93000,133500,0,1,0,41,,0,,20000,,2,,6,
8382,11/11/2023,45000,118000,0,2,1,45,36,1,0,13059,6941,2,0,6,11/11/2023
8383,14/05/2022,112000,210200,0,1,0,34,,1,,20902,,1,0,88,19/05/2022
8384,01/08/2022,70000,130000,0,0,0,31,,1,,20000,,2,0,81,12/08/2022
8385,10/07/2022,254000,372300,3,1,1,35,38,1,0,17762,7189,3,1,232,
8386,30/10/2023,210000,469800,0,1,0,62,,1,,38299,,3,0,201,
8387,29/05/2023,279000,379900,0,2,0,18,,0,,42335,,2,1,,22/06/2023
8388,02/02/2024,238000,361800,0,1,0,69,,0,,32634,,2,1,88,
8389,08/03/2022,70000,201200,,1,1,40,25,0,1,4467,15533,1,0,8,
8390,19/11/2021,150000,249900,0,1,1,59,56,1,0,16536,7985,2,0,69,21/12/2021
8391,11/09/2023,239000,369700,0,2,0,51,,0,,50230,,2,0,,
8392,31/08/2022,318000,543300,0,,1,61,75,1,1,21059,13747,2,0,8,30/09/2022
8393,12/05/2024,128000,200500,0,1,0,48,,0,,21603,,0,0,43,
8394,21/02/2022,174000,240100,0,1,0,43,,1,,25250,,3,0,73,
8395,28/06/2023,72000,146600,0,1,0,32,,1,,20000,,2,1,65,06/07/2023
8396,31/05/2024,245000,355800,0,2,0,41,,1,,32579,,3,0,45,
8397,29/07/2023,23000,61500,0,1,0,44,,1,,20000,,2,0,38,
8398,12/08/2022,82000,161300,0,1,1,56,35,1,0,4590,15410,3,0,15,27/08/2022
8399,25/11/2022,178000,275600,0,1,1,62,27,0,1,14866,7244,2,0,5,
8400,05/12/2023,170000,265300,3,2,0,39,,0,,25309,,3,1,13,22/12/2023
8401,02/12/2021,241000,422200,0,0,0,65,,1,,30615,,2,0,86,07/01/2022
8402,17/03/2022,96000,173100,0,0,0,75,,1,,20000,,2,0,1,
8403,30/08/2022,412000,724800,0,1,0,18,,1,,85898,,3,0,91,
8404,12/04/2023,153000,257200,,1,0,53,,1,,20937,,3,0,74,
8405,06/01/2022,154000,194400,0,1,1,60,66,0,1,7974,12026,0,0,54,
8406,16/07/2023,65000,212900,0,,0,24,,1,,26530,,2,0,73,
8407,29/09/2021,130000,205600,,1,0,32,,1,,22883,,1,2,10,
8408,05/10/2023,270000,460300,2,2,1,45,68,1,0,12099,27536,,0,204,
8409,07/10/2021,178000,261800,0,1,0,45,,0,,32820,,2,1,93,
8410,16/08/2022,73000,143300,0,1,1,57,45,0,1,10490,9510,2,0,251,
8411,12/08/2023,129000,239800,0,2,1,34,20,1,0,11328,8672,2,0,17,20/08/2023
8412,29/07/2023,159000,200900,0,1,1,60,51,1,0,8813,12129,2,0,51,
8413,08/08/2022,357000,508200,0,2,0,30,,1,,64885,,2,0,78,
8414,20/01/2022,249000,579100,0,1,1,60,52,1,0,36264,21175,2,1,53,26/01/2022
8415,17/01/2024,318000,406000,0,1,0,47,,1,,32578,,,0,180,
8416,31/01/2022,134000,210600,0,1,0,75,,0,,22372,,1,0,234,
8417,17/06/2022,38000,65200,0,2,1,52,45,1,0,4386,15614,2,0,66,
8418,03/09/2021,73000,119100,0,2,1,50,18,1,0,11195,8805,2,0,13,14/09/2021
8419,06/04/2022,132000,196100,0,1,0,30,,0,,24734,,2,0,85,
8420,30/03/2022,176000,219100,0,1,0,57,,0,,20000,,3,0,41,
8421,15/05/2023,164000,298200,0,1,0,46,,0,,31034,,3,0,169,17/06/2023
8422,25/07/2022,94000,217500,0,1,0,55,,1,,20000,,2,0,80,14/08/2022
8423,17/08/2022,361000,652000,0,1,0,38,,1,,53781,,2,2,,
8424,09/03/2023,57000,85300,0,1,0,46,,0,,20000,,2,1,9,
8425,21/08/2024,157000,296300,0,1,1,41,56,1,0,5361,24308,2,2,,
8426,14/08/2023,400000,612500,0,1,0,75,,1,,43984,,3,1,81,11/09/2023
8427,18/10/2023,154000,209300,3,2,0,40,,0,,21347,,1,0,91,
8428,29/06/2023,373000,493200,3,1,1,47,36,1,0,14734,25551,3,,63,
8429,17/02/2022,339000,522400,0,0,1,46,44,0,1,14880,24425,2,0,88,
8430,27/02/2023,91000,152100,0,1,1,32,38,1,1,11821,8179,2,0,81,
8431,18/07/2023,63000,111700,0,2,1,44,50,0,1,9687,10313,,0,227,
8432,08/04/2024,97000,193300,0,1,0,75,,0,,20000,,0,0,96,
8433,30/11/2022,334000,419800,2,1,0,50,,1,,34335,,3,0,234,
8434,06/10/2023,65000,92600,0,1,1,56,42,1,0,15319,4681,3,0,184,
8435,03/01/2022,399000,579100,0,1,1,55,44,1,0,43228,32481,2,0,78,19/01/2022
8436,05/05/2022,226000,349700,0,1,0,61,,0,,34350,,2,0,84,17/05/2022
8437,16/06/2023,225000,317600,0,1,1,19,19,1,0,20569,10434,2,,73,27/07/2023
8438,18/08/2022,96000,246900,0,0,0,46,,1,,20000,,3,2,14,
8439,09/05/2022,269000,500600,3,2,1,47,52,1,0,13675,24480,3,0,50,14/06/2022
8440,29/04/2023,218000,292900,1,1,0,49,,0,,35265,,3,0,49,
8441,09/02/2023,130000,199100,0,1,1,45,21,0,1,8894,11106,2,0,6,02/03/2023
8442,13/03/2023,100000,212000,0,0,1,44,34,1,0,6195,13805,3,0,81,
8443,30/08/2024,604000,1012000,0,2,0,43,,0,,101418,,2,0,86,
8444,04/03/2022,490000,725700,0,1,1,41,65,1,0,33347,27505,2,0,34,
8445,01/11/2023,298000,606500,0,1,1,31,66,1,0,30358,16322,,0,28,01/11/2023
8446,02/07/2022,87000,203300,0,1,1,56,48,0,0,9758,10242,1,0,,
8447,02/05/2022,62000,79800,0,1,1,36,56,0,1,10135,9865,2,,207,
8448,23/01/2022,140000,207000,0,1,0,44,,0,,20000,,1,,37,01/02/2022
8449,04/03/2023,92000,199000,0,1,1,69,35,1,0,10758,9242,0,0,94,
8450,21/03/2022,162000,221000,0,1,0,43,,0,,20000,,3,1,12,
8451,15/02/2024,76000,149100,0,0,1,18,50,0,1,9364,10636,2,0,0,
8452,08/08/2024,122000,210500,,1,0,41,,1,,20000,,1,2,41,
8453,05/04/2023,149000,265700,0,,1,21,58,0,1,10921,9127,2,0,57,
8454,17/06/2023,79000,113600,0,2,1,26,45,1,0,11601,8399,2,0,16,
8455,10/06/2023,242000,405200,0,,0,35,,0,,32034,,3,0,,01/07/2023
8456,26/03/2022,39000,89300,0,1,1,18,47,1,0,6751,13249,2,0,11,
8457,15/01/2024,61000,114000,0,2,1,18,62,0,1,8047,11953,2,1,47,
8458,28/08/2024,164000,356400,0,1,1,43,62,1,0,30941,5359,3,0,45,
8459,14/08/2024,133000,355800,3,1,0,62,,0,,29746,,3,1,89,07/08/2024
8460,09/09/2022,182000,292200,0,1,0,71,,1,,21109,,,0,84,
8461,10/08/2022,243000,397000,0,1,1,56,29,0,1,17829,14380,2,1,26,09/09/2022
8462,07/09/2022,74000,109500,0,2,0,40,,1,,20000,,2,0,80,
8463,14/04/2023,490000,591000,0,1,0,31,,1,,53731,,2,1,217,
8464,22/02/2023,86000,152400,0,2,0,41,,0,,20000,,2,1,11,
8465,10/05/2022,253000,367000,2,1,0,48,,0,,23294,,2,1,194,
8466,18/08/2023,171000,296300,,1,0,30,,1,,21688,,,0,73,
8467,10/03/2022,103000,198200,0,2,0,38,,0,,20000,,0,0,78,
8468,13/06/2024,97000,186100,0,2,1,62,49,0,1,9582,10418,2,1,12,30/06/2024
8469,16/08/2023,147000,338900,0,2,0,22,,0,,38800,,3,0,19,
8470,06/08/2022,139000,212900,1,1,1,41,23,1,0,11059,10010,2,1,77,01/09/2022
8471,07/10/2021,265000,397700,0,1,0,29,,1,,28793,,2,1,16,
8472,30/08/2023,321000,544600,0,2,0,51,,1,,43763,,2,0,86,13/09/2023
8473,03/04/2024,140000,198300,0,,1,58,47,1,0,7673,15621,0,0,85,
8474,23/01/2023,172000,240500,0,2,1,75,25,0,1,7367,16561,3,,13,
8475,24/09/2021,81000,104500,0,1,0,25,,1,,20000,,,0,,
8476,20/02/2022,236000,505000,0,1,0,45,,0,,39867,,2,0,68,24/02/2022
8477,15/01/2023,93000,127500,0,0,1,23,43,1,0,4397,15603,3,0,201,
8478,23/04/2022,93000,128100,0,2,1,27,18,1,0,13170,6830,2,0,9,
8479,11/10/2021,92000,138300,0,2,0,63,,1,,20000,,2,0,73,
8480,10/08/2023,78000,164600,,1,1,35,57,1,0,9533,10467,2,2,56,03/09/2023
8481,30/11/2021,205000,273300,0,2,0,39,,0,,31354,,,0,0,
8482,08/05/2023,253000,431300,0,2,1,48,47,1,0,17791,24032,3,1,33,
8483,08/04/2023,450000,730000,0,2,1,40,51,1,0,29555,20289,2,0,70,
8484,30/12/2023,304000,497000,0,1,0,38,,0,,53992,,3,0,15,
8485,04/04/2022,214000,335100,3,2,0,72,,0,,38492,,3,0,197,
8486,28/08/2022,56000,81700,0,1,0,68,,1,,20000,,2,0,26,16/09/2022
8487,11/07/2023,355000,403500,0,1,0,55,,0,,33216,,3,0,59,
8488,05/08/2024,104000,203000,0,1,0,67,,1,,20000,,1,0,53,
8489,24/08/2022,331000,581100,0,1,0,72,,0,,38866,,2,2,7,
8490,27/08/2022,112000,216100,0,0,0,38,,0,,21389,,,0,50,
8491,20/01/2024,238000,345100,0,1,1,41,23,0,1,19207,17054,2,0,,
8492,11/01/2022,114000,195400,0,2,0,49,,0,,20000,,0,0,81,
8493,22/10/2023,150000,203900,0,2,1,36,38,0,1,11567,8433,1,0,56,05/12/2023
8494,22/02/2024,301000,408100,0,1,1,27,45,0,1,23073,25994,3,0,19,02/04/2024
8495,14/05/2024,250000,301900,0,0,0,60,,0,,25445,,,0,80,19/06/2024
8496,28/11/2021,275000,958900,0,1,0,40,,1,,80254,,3,0,197,04/12/2021
8497,06/06/2024,117000,197900,1,0,1,54,50,0,1,7132,12868,0,0,44,26/06/2024
8498,19/08/2022,52000,89500,0,1,1,22,42,1,0,10869,9131,2,1,37,
8499,18/05/2024,100000,210100,,1,0,69,,0,,20000,,1,1,57,02/06/2024
8500,20/07/2022,309000,521300,3,1,0,27,,1,,51010,,3,0,12,
8501,07/08/2023,151000,209000,0,1,0,18,,0,,25722,,1,0,7,
8502,06/12/2023,147000,226900,0,1,0,42,,1,,21432,,3,2,54,
8503,01/09/2022,34000,75400,0,1,0,18,,0,,20000,,2,1,15,
8504,10/09/2021,490000,888700,0,2,0,33,,1,,56618,,2,0,80,
8505,10/08/2023,129000,334900,2,,0,60,,1,,30958,,3,0,18,
8506,11/09/2022,75000,134400,2,1,0,47,,1,,20000,,2,0,12,24/09/2022
8507,18/03/2022,172000,299700,0,0,1,40,66,1,0,9486,18402,2,0,72,
8508,14/03/2023,239000,319900,1,1,1,36,62,1,0,19968,33818,2,2,76,
8509,16/12/2023,207000,310000,0,1,0,26,,1,,29027,,2,0,4,
8510,03/02/2023,96000,210700,0,1,1,39,54,0,1,11705,8295,1,0,74,
8511,09/06/2024,311000,604200,0,1,0,57,,0,,38866,,2,0,53,
8512,14/07/2023,75000,196700,0,,0,62,,0,,20000,,0,,38,
8513,15/08/2024,135000,198700,0,,0,30,,1,,20000,,2,0,85,
8514,24/09/2022,83000,129100,0,1,1,50,59,1,0,8313,11687,2,0,77,
8515,30/05/2024,132000,240800,0,2,0,45,,1,,25480,,2,0,12,01/06/2024
8516,10/04/2022,84000,181800,0,1,1,46,44,0,1,9865,10135,2,0,15,
8517,29/07/2022,217000,284900,0,1,0,28,,1,,28986,,3,0,13,
8518,15/11/2022,230000,366000,0,1,0,38,,1,,29326,,2,1,183,27/12/2022
8519,25/05/2024,621000,861700,3,2,1,58,28,0,1,62896,44774,3,0,50,
8520,23/01/2024,187000,252800,0,1,0,27,,0,,22240,,2,0,86,28/02/2024
8521,28/01/2022,294000,466600,0,2,1,26,29,0,1,21183,16687,2,0,58,
8522,14/12/2023,126000,222800,0,1,1,41,50,1,0,10542,12227,2,0,5,
8523,17/01/2023,194000,239500,0,1,1,43,29,1,1,8443,15418,2,0,62,
8524,04/11/2021,68000,116900,0,1,0,39,,0,,20000,,,0,147,
8525,18/03/2023,176000,248700,0,2,0,18,,1,,20000,,2,0,10,17/04/2023
8526,27/12/2023,87000,172200,0,1,0,37,,0,,20000,,2,0,,26/01/2024
8527,10/09/2023,47000,87200,0,1,0,75,,0,,20000,,2,1,86,
8528,14/03/2024,55000,162100,,1,1,71,18,1,1,5165,14835,3,0,76,
8529,29/08/2023,97000,177300,0,1,0,49,,0,,20000,,,2,29,
8530,18/01/2024,234000,526400,0,2,0,49,,1,,59366,,3,1,45,
8531,27/07/2022,397000,522600,0,1,1,46,48,1,0,19069,13116,2,1,88,18/09/2022
8532,08/05/2024,603000,812900,0,1,0,39,,1,,78672,,2,0,3,11/05/2024
8533,22/07/2022,25000,34600,0,1,0,36,,1,,20000,,2,0,,25/07/2022
8534,30/12/2022,206000,523800,0,2,0,66,,0,,48382,,2,0,74,
8535,09/09/2021,114000,163400,0,2,1,50,46,0,1,4962,15038,2,0,78,10/10/2021
8536,14/07/2022,89000,144400,0,0,1,67,62,1,1,6832,13168,2,0,11,
8537,24/02/2023,183000,287400,0,2,1,40,70,0,1,17252,4532,2,1,60,
8538,14/04/2024,186000,260700,0,1,0,59,,1,,25592,,2,0,80,
8539,08/02/2023,67000,105300,0,0,0,24,,0,,20000,,,,80,
8540,03/03/2023,193000,284500,0,1,0,45,,1,,23682,,3,2,185,
8541,13/04/2022,133000,210200,0,2,0,46,,1,,20000,,1,0,45,
8542,17/04/2024,176000,291900,0,0,0,30,,1,,26539,,2,0,80,
8543,04/07/2024,143000,209900,0,1,1,36,60,0,1,14635,10612,1,2,203,03/08/2024
8544,20/07/2022,420000,536200,1,1,0,49,,0,,49670,,2,1,50,24/08/2022
8545,24/08/2022,39000,65800,0,1,1,49,25,0,1,11736,8264,2,0,12,
8546,04/09/2021,295000,438500,0,1,0,50,,1,,37564,,,0,10,
8547,26/04/2024,199000,300300,2,1,1,64,42,0,1,22413,23108,2,1,14,
8548,17/08/2022,150000,233600,0,1,1,75,37,0,1,11559,9577,2,0,216,20/09/2022
8549,08/02/2023,129000,209500,3,1,0,67,,1,,20000,,1,0,51,
8550,17/08/2023,90000,144100,0,1,1,67,54,1,0,6274,13726,3,1,216,
8551,22/09/2023,48000,59200,0,1,1,18,59,1,0,10361,9639,2,0,210,
8552,11/12/2021,121000,157700,0,2,0,23,,0,,20000,,2,0,85,
8553,29/07/2024,335000,499100,0,2,1,49,66,0,1,9037,23613,2,0,90,
8554,28/06/2024,112000,202700,0,1,1,61,32,0,1,15656,11855,2,0,19,28/07/2024
8555,10/09/2022,192000,276900,0,2,0,43,,0,,23992,,2,0,70,06/10/2022
8556,24/08/2023,54000,70200,0,1,0,59,,0,,20000,,2,0,89,
8557,14/12/2022,526000,1062700,0,2,0,32,,1,,104997,,2,0,53,
8558,22/02/2023,166000,211000,3,1,1,43,38,1,0,8051,11949,1,0,12,
8559,22/08/2024,102000,163500,0,1,1,47,55,0,1,5479,14521,2,1,60,
8560,15/08/2023,346000,417600,0,1,1,54,33,1,0,16690,22146,2,0,85,07/10/2023
8561,20/02/2022,395000,784100,0,1,0,28,,0,,77846,,,0,78,
8562,29/05/2024,42000,68800,1,1,1,41,30,0,1,9328,10672,2,2,85,26/05/2024
8563,08/11/2022,226000,389800,0,2,1,29,64,1,0,21173,19614,2,,,09/12/2022
8564,11/08/2023,133000,190700,0,1,1,41,60,0,1,11791,8209,2,1,4,
8565,01/06/2022,121000,206300,0,2,0,63,,1,,20417,,,0,189,06/06/2022
8566,22/12/2021,165000,213600,0,1,1,43,26,0,1,14080,5920,1,1,180,02/02/2022
8567,23/10/2021,192000,260900,0,1,0,29,,1,,21896,,2,0,19,17/11/2021
8568,06/09/2021,44000,82500,3,1,1,53,37,0,1,8052,11948,2,0,10,07/09/2021
8569,24/06/2023,56000,94900,0,1,0,55,,0,,20000,,2,0,85,
8570,23/02/2023,101000,144300,0,1,1,37,42,0,1,11598,8402,2,0,230,
8571,15/01/2022,94000,196600,0,1,1,53,52,1,0,9410,10590,1,0,,
8572,05/07/2022,155000,163500,3,,0,68,,1,,20000,,2,0,54,
8573,08/08/2022,320000,601900,0,1,0,37,,1,,44178,,,0,15,
8574,08/11/2021,89000,144700,0,0,1,27,33,0,1,21981,7482,2,1,87,
8575,13/09/2021,208000,349200,0,2,0,40,,1,,35728,,2,0,,
8576,15/04/2024,162000,248800,0,1,0,39,,0,,23677,,2,0,141,
8577,31/05/2024,113000,157100,2,1,0,75,,1,,20000,,3,0,10,15/06/2024
8578,04/03/2022,487000,572200,0,2,1,39,62,1,0,17286,46632,2,1,80,
8579,17/03/2024,110000,208300,2,1,0,75,,0,,20000,,2,1,55,
8580,26/08/2023,114000,236900,0,0,1,75,20,1,0,17842,4600,3,2,158,
8581,30/08/2022,186000,316800,0,1,0,34,,1,,25449,,2,,14,08/09/2022
8582,25/02/2022,133000,189400,0,,0,59,,0,,23958,,3,,,
8583,22/07/2023,142000,317600,3,1,1,36,59,1,0,8530,17108,2,0,53,11/08/2023
8584,22/12/2022,101000,225700,0,1,0,46,,1,,20242,,3,1,90,12/01/2023
8585,01/06/2024,96000,211400,0,2,0,46,,1,,20624,,1,0,77,18/06/2024
8586,16/05/2024,130000,206300,0,2,0,24,,1,,25396,,1,0,13,
8587,28/03/2024,272000,504700,0,1,1,58,18,1,0,14144,34663,2,0,73,
8588,05/04/2023,174000,263200,0,1,0,74,,1,,20000,,2,0,83,
8589,11/08/2022,211000,401500,0,0,0,71,,0,,44118,,2,0,80,
8590,30/05/2023,36000,54100,0,0,1,75,49,0,1,9457,10543,2,0,82,27/06/2023
8591,30/12/2023,321000,564500,,0,0,49,,0,,51054,,2,1,2,11/01/2024
8592,30/08/2024,69000,201800,0,1,1,38,66,0,1,7649,12351,1,0,55,
8593,14/08/2024,276000,347200,0,2,0,42,,0,,30097,,3,0,89,
8594,25/08/2024,128000,203800,2,2,0,22,,0,,26081,,2,0,84,
8595,14/01/2022,407000,523700,0,1,0,52,,1,,44655,,3,0,180,
8596,12/07/2023,151000,245800,0,1,0,46,,0,,20000,,2,0,51,
8597,20/05/2022,282000,571900,0,2,0,69,,1,,56039,,2,0,185,
8598,15/05/2023,125000,196700,0,,0,45,,1,,21406,,0,0,54,14/06/2023
8599,06/05/2023,53000,79700,0,0,0,31,,0,,20000,,2,2,76,
8600,09/09/2023,215000,263400,0,2,0,55,,0,,29400,,2,0,69,
8601,17/07/2024,272000,341900,0,2,0,26,,1,,28773,,3,0,33,
8602,26/02/2023,141000,180700,0,1,0,46,,0,,23453,,2,0,54,
8603,09/11/2021,24000,32100,0,2,1,48,36,0,1,15685,4315,2,0,17,
8604,02/02/2024,242000,301000,0,1,1,46,57,1,0,7870,15465,2,0,49,
8605,12/08/2024,19000,29800,0,0,1,48,62,0,1,13125,6875,2,0,35,
8606,31/10/2022,156000,249000,0,0,0,71,,1,,20835,,2,0,232,
8607,27/02/2022,207000,300400,0,1,0,31,,0,,30361,,2,,13,
8608,18/04/2024,118000,212600,0,0,1,33,45,0,1,16590,8770,1,2,40,
8609,08/09/2023,167000,297400,0,0,0,48,,0,,25125,,,2,79,
8610,26/04/2022,156000,214000,0,1,1,49,51,0,1,16412,5653,2,1,6,
8611,04/06/2023,92000,142200,2,2,1,18,31,0,1,9998,10002,3,0,76,
8612,07/02/2022,150000,210300,0,0,0,29,,0,,20000,,1,1,14,
8613,02/05/2022,369000,527900,0,1,1,20,58,0,1,18488,36850,,0,51,01/06/2022
8614,02/06/2022,210000,278000,0,1,1,30,66,0,1,18069,10193,2,0,224,
8615,30/12/2022,558000,845200,0,1,0,32,,0,,100340,,2,0,157,12/02/2023
8616,26/08/2022,247000,406800,0,1,0,33,,1,,35807,,3,1,0,11/09/2022
8617,07/03/2023,474000,635200,0,1,0,42,,1,,43657,,2,0,42,10/04/2023
8618,05/10/2022,212000,268700,0,1,0,39,,0,,20000,,2,0,202,
8619,09/09/2021,91000,193100,0,2,0,40,,0,,20000,,0,2,,
8620,13/02/2023,264000,434200,0,1,1,50,67,0,1,18257,14220,2,1,189,20/03/2023
8621,23/05/2022,208000,469400,0,1,0,64,,0,,41041,,3,0,184,
8622,22/07/2024,117000,196000,0,,1,45,18,0,0,14380,5620,0,0,151,
8623,16/05/2023,376000,666700,2,0,1,18,38,1,0,25865,43138,2,0,65,29/05/2023
8624,10/04/2024,152000,258500,0,1,0,75,,0,,29331,,2,0,57,
8625,14/08/2024,129000,211200,0,0,0,46,,1,,20000,,2,2,33,
8626,13/03/2022,71000,140600,0,2,0,31,,1,,20000,,3,0,18,
8627,10/08/2022,302000,442300,0,1,0,42,,1,,40785,,2,1,78,
8628,18/02/2024,77000,214600,0,1,1,31,27,0,1,8239,11761,3,1,2,
8629,14/04/2022,123000,223300,0,1,0,62,,1,,20000,,2,1,43,06/05/2022
8630,01/11/2022,280000,365900,0,1,1,69,48,0,1,20053,11496,3,0,0,06/12/2022
8631,01/03/2024,65000,93300,0,,1,45,67,0,1,10065,9935,2,0,6,
8632,16/08/2022,388000,779200,0,1,0,20,,0,,70434,,3,0,212,10/09/2022
8633,03/09/2023,144000,217400,0,2,0,48,,1,,20000,,1,1,52,
8634,10/09/2022,155000,326900,0,2,1,18,38,1,0,25488,15908,2,0,77,
8635,04/04/2023,160000,209400,0,1,1,40,49,1,0,8562,11438,,0,83,
8636,11/08/2023,66000,127700,0,1,0,43,,1,,20000,,3,1,71,
8637,16/06/2024,326000,635600,1,1,0,29,,0,,57019,,3,0,40,
8638,31/08/2023,149000,448500,0,1,0,29,,0,,32151,,2,0,156,
8639,13/02/2024,136000,196800,0,1,1,60,39,1,0,21442,6101,2,0,79,
8640,07/06/2022,50000,71600,,1,0,32,,1,,20000,,2,0,76,11/07/2022
8641,01/11/2021,107000,265200,0,1,0,53,,1,,24944,,2,0,81,
8642,14/12/2021,167000,209500,2,1,1,47,45,1,0,11501,8604,1,1,236,
8643,04/09/2021,381000,541700,,1,0,40,,0,,40051,,2,0,168,
8644,03/03/2022,173000,214000,0,2,0,70,,1,,20000,,2,0,195,
8645,30/01/2023,93000,198400,0,1,1,19,41,1,0,10070,9930,,1,12,08/02/2023
8646,17/12/2022,249000,404000,0,1,0,39,,0,,46698,,2,,68,
8647,10/02/2022,106000,200500,0,1,1,23,43,1,1,8726,13590,1,1,79,
8648,05/05/2023,366000,650900,0,2,0,53,,0,,46094,,2,2,4,17/05/2023
8649,02/07/2022,99000,135700,0,,1,40,37,1,0,11322,8678,2,0,,
8650,29/07/2022,376000,622600,0,2,0,41,,1,,66086,,3,1,218,11/09/2022
8651,07/04/2022,92000,210900,0,2,0,26,,1,,20000,,1,0,90,14/05/2022
8652,04/01/2024,91000,200200,,2,1,52,36,1,0,14925,5075,2,0,200,
8653,28/08/2022,149000,195500,0,,0,46,,0,,20000,,2,2,24,
8654,02/03/2022,115000,262400,0,1,0,42,,0,,20000,,2,0,95,15/03/2022
8655,27/07/2024,411000,651600,0,2,0,58,,0,,64202,,3,1,63,
8656,01/03/2022,55000,131700,0,2,1,69,53,1,0,12761,7239,,0,16,
8657,01/12/2023,262000,450100,0,1,1,44,26,1,0,8198,31084,2,0,180,13/01/2024
8658,31/01/2022,158000,230300,3,1,0,61,,1,,20000,,2,1,128,
8659,17/08/2024,383000,757300,1,1,0,37,,1,,75661,,2,0,84,
8660,16/10/2022,154000,203800,1,1,0,41,,1,,20000,,1,0,82,02/11/2022
8661,29/08/2022,120000,207800,0,1,1,25,50,1,0,8784,14561,2,0,83,
8662,11/02/2022,440000,554800,0,2,1,60,50,1,0,37412,28436,3,0,84,15/03/2022
8663,18/03/2023,116000,211000,2,1,0,39,,1,,22883,,1,2,187,
8664,09/12/2022,387000,545300,0,1,0,51,,1,,41077,,2,0,10,
8665,27/03/2024,168000,269900,0,1,1,43,18,0,1,10290,9710,2,0,3,18/04/2024
8666,24/10/2023,159000,206500,0,1,1,43,75,1,0,7023,13659,1,0,56,
8667,07/08/2023,143000,198100,0,0,1,70,47,1,0,11669,8331,0,0,226,
8668,01/04/2024,195000,327400,0,2,1,61,63,1,0,27950,12125,2,1,59,
8669,26/08/2022,188000,257000,0,1,0,23,,1,,28707,,2,0,36,01/10/2022
8670,06/12/2021,134000,214900,0,,0,40,,0,,25986,,1,0,61,
8671,09/09/2023,60000,129800,0,1,0,40,,1,,20000,,2,,83,
8672,20/02/2023,549000,778300,0,2,1,18,51,1,0,20899,39161,3,0,7,
8673,30/12/2021,100000,154300,0,0,0,54,,0,,20000,,3,0,140,05/02/2022
8674,17/07/2024,32000,63500,0,2,0,52,,1,,20000,,2,1,47,
8675,05/12/2022,125000,205400,3,1,0,38,,1,,20000,,2,0,13,
8676,03/08/2022,128000,317300,0,2,0,26,,0,,30503,,,0,15,
8677,10/08/2024,341000,594700,0,1,1,34,42,0,1,21930,23907,2,0,10,
8678,25/06/2022,191000,294800,0,0,0,55,,0,,33104,,2,0,10,
8679,24/09/2023,167000,263700,0,1,0,67,,1,,25666,,3,0,69,
8680,22/12/2022,101000,204800,0,1,0,47,,1,,20000,,1,1,50,
8681,22/02/2024,306000,472600,0,2,0,33,,0,,54204,,2,1,78,25/03/2024
8682,16/05/2024,109000,130100,0,2,1,39,54,1,0,7084,12916,2,0,82,14/06/2024
8683,10/12/2021,113000,191200,3,1,1,52,53,0,1,7566,12434,,,173,
8684,03/04/2022,188000,398400,0,0,0,68,,1,,52199,,3,0,201,
8685,04/03/2022,135000,209200,0,1,1,29,46,0,1,6967,13033,1,0,79,
8686,09/08/2023,317000,502000,0,0,1,68,75,1,0,23506,29691,3,0,,
8687,15/08/2022,104000,204800,0,,1,49,42,0,1,13371,7621,1,1,54,15/08/2022
8688,11/06/2022,439000,687600,0,2,0,42,,0,,51944,,2,1,4,
8689,03/04/2022,142000,192800,0,1,1,52,32,1,0,15090,4910,0,0,,18/05/2022
8690,14/08/2024,86000,95500,0,2,1,37,35,1,0,12130,7870,2,1,29,
8691,29/05/2023,52000,102900,0,1,1,35,30,0,1,13936,6064,2,0,74,
8692,20/01/2024,59000,83100,0,2,1,56,37,1,0,9210,10790,3,,52,25/02/2024
8693,12/04/2023,63000,151900,0,2,0,48,,0,,20000,,2,0,13,
8694,01/03/2022,94000,223800,0,1,0,49,,0,,20000,,,0,10,
8695,23/06/2023,121000,242200,0,2,0,45,,0,,27677,,3,1,37,
8696,09/11/2023,127000,217700,0,2,1,32,32,1,0,8673,11327,1,0,4,
8697,18/08/2024,208000,293100,,1,0,57,,0,,29204,,2,2,32,
8698,30/06/2023,222000,279400,2,2,0,32,,0,,26179,,3,0,70,21/07/2023
8699,22/02/2023,260000,431400,0,2,0,67,,0,,31915,,2,1,82,
8700,27/08/2024,115000,199200,2,1,0,51,,1,,20000,,0,0,5,
8701,14/08/2023,167000,223100,,,0,54,,0,,25698,,2,0,81,17/09/2023
8702,17/06/2022,90000,121700,0,1,1,63,46,0,1,11573,8427,2,0,69,
8703,11/09/2022,251000,448100,0,0,0,22,,0,,40271,,3,0,82,24/09/2022
8704,09/06/2022,75000,136900,0,1,1,41,37,1,0,11186,8814,2,1,89,
8705,01/06/2023,34000,70200,0,2,0,58,,0,,20000,,2,0,50,
8706,15/05/2022,99000,160900,0,0,0,43,,1,,20000,,2,0,134,31/05/2022
8707,11/05/2023,205000,283100,0,2,0,20,,0,,27139,,2,0,188,
8708,07/09/2023,95000,186300,0,1,0,71,,0,,20000,,,0,218,
8709,16/08/2023,146000,193700,0,1,1,52,53,1,1,13329,6671,0,2,82,
8710,10/08/2024,323000,505000,0,2,1,60,75,0,1,26031,22844,2,,43,
8711,30/07/2024,49000,79000,0,1,1,18,50,0,1,10317,9683,3,0,47,
8712,16/02/2022,394000,670500,0,1,0,54,,0,,76161,,2,1,58,
8713,01/11/2022,196000,301600,0,2,0,38,,1,,30441,,2,,214,
8714,05/09/2021,205000,384300,0,2,1,24,25,1,0,20383,9209,2,0,217,
8715,22/06/2022,86000,153700,0,,0,54,,0,,20000,,2,2,57,
8716,04/06/2023,512000,800800,2,1,1,33,39,0,1,75698,22329,3,0,81,
8717,10/08/2024,205000,443300,0,2,0,32,,0,,41672,,3,0,57,
8718,09/03/2022,1025000,1867900,0,1,0,56,,1,,141571,,3,1,16,
8719,11/09/2023,141000,210400,0,1,0,55,,0,,20949,,1,0,74,13/10/2023
8720,01/01/2022,81000,193600,0,0,0,34,,1,,20000,,0,0,0,
8721,27/09/2021,153000,197800,0,1,1,46,47,1,0,14191,5809,0,0,10,
8722,03/08/2023,184000,271400,2,,1,59,49,0,1,10823,9177,2,1,63,
8723,29/07/2024,118000,198200,0,1,1,52,29,1,1,15636,9716,0,0,8,
8724,03/09/2022,125000,196800,0,2,0,18,,1,,20000,,0,1,88,
8725,11/12/2023,94000,154300,0,1,1,28,37,0,1,13623,6377,3,0,85,16/01/2024
8726,16/10/2022,201000,467100,0,2,0,18,,0,,34714,,2,0,,
8727,25/08/2024,345000,441200,0,1,0,75,,0,,42563,,3,0,80,
8728,12/05/2024,140000,202400,0,2,0,47,,0,,20000,,2,0,83,
8729,22/07/2024,98000,227800,0,1,0,48,,1,,20000,,2,2,,
8730,19/04/2023,206000,276000,0,1,0,44,,0,,24065,,,2,52,
8731,15/10/2022,195000,296100,0,2,1,47,53,0,0,20846,5511,3,0,79,31/10/2022
8732,18/10/2022,102000,220500,0,2,0,58,,0,,20000,,3,0,78,10/11/2022
8733,22/06/2024,134000,170200,0,0,0,31,,0,,23839,,2,1,173,
8734,22/03/2022,138000,220600,0,1,0,75,,0,,23131,,2,2,84,26/04/2022
8735,12/08/2023,138000,206100,0,2,1,67,63,1,1,12897,12147,1,0,5,
8736,04/09/2021,782000,944200,0,2,0,18,,0,,75709,,3,0,38,
8737,18/07/2023,24000,57800,0,1,1,25,60,1,0,3002,16998,2,2,2,
8738,24/04/2022,76000,180500,0,1,0,64,,1,,20000,,2,1,185,15/05/2022
8739,16/07/2022,49000,110700,0,1,0,44,,0,,20000,,2,1,79,
8740,31/01/2022,101000,153800,0,1,0,37,,0,,20000,,2,0,203,
8741,25/01/2024,128000,207300,0,2,0,67,,1,,20000,,1,0,53,
8742,21/10/2022,609000,756200,0,2,0,36,,1,,85442,,3,0,75,20/11/2022
8743,23/01/2023,83000,215200,0,1,0,32,,1,,25736,,2,0,83,
8744,06/04/2024,80000,120900,0,1,1,50,63,1,0,14846,5154,2,2,30,
8745,03/09/2021,309000,536800,0,1,0,47,,1,,49155,,3,2,87,
8746,11/01/2022,246000,426100,0,1,1,37,75,0,1,24386,20872,2,0,57,
8747,23/07/2023,55000,72600,0,0,1,73,48,1,0,15045,4955,2,1,58,
8748,29/08/2022,94000,192900,0,1,0,74,,0,,20000,,3,0,233,
8749,03/02/2023,212000,349100,0,1,0,30,,1,,28060,,2,0,223,
8750,06/01/2024,60000,96800,0,1,0,46,,0,,20000,,2,0,27,
8751,12/11/2023,126000,243600,3,1,1,37,38,0,1,10674,9326,2,0,79,
8752,13/08/2024,224000,351300,0,1,0,59,,1,,30650,,2,,55,
8753,21/10/2022,682000,798500,0,1,0,21,,0,,71887,,2,1,78,06/12/2022
8754,16/10/2023,358000,473800,0,0,0,56,,0,,30282,,,2,197,
8755,09/09/2023,162000,258000,0,1,1,35,30,1,0,10785,9514,2,,55,05/10/2023
8756,18/07/2023,240000,341300,1,1,0,28,,1,,26362,,3,1,86,
8757,26/10/2022,197000,312600,1,1,0,21,,1,,32239,,2,0,82,
8758,26/07/2022,149000,230600,0,,1,65,44,1,0,10813,9684,3,0,37,
8759,24/08/2024,449000,861500,,1,0,41,,1,,75283,,2,0,74,
8760,16/08/2024,78000,167600,0,2,1,18,19,0,1,5666,14334,2,0,196,
8761,24/07/2023,145000,326900,0,2,0,33,,0,,37303,,3,2,60,
8762,07/01/2022,139000,186000,0,2,1,31,46,1,0,8422,11578,2,0,4,
8763,01/01/2023,464000,539100,0,,1,32,40,1,0,44549,16354,2,0,193,
8764,08/08/2022,94000,138400,0,2,0,59,,0,,20000,,,0,59,31/08/2022
8765,07/09/2022,99000,193500,2,1,1,62,36,0,1,9387,10613,2,1,71,
8766,04/09/2023,139000,318800,0,1,0,60,,0,,28789,,3,0,77,
8767,27/11/2022,95000,136700,0,1,0,74,,0,,20000,,2,0,192,29/12/2022
8768,02/08/2024,119000,155900,0,1,0,24,,1,,20000,,2,0,167,
8769,17/07/2023,120000,230900,0,1,0,35,,1,,24906,,2,0,70,21/08/2023
8770,19/03/2023,198000,387300,0,2,1,28,37,0,1,11208,29123,2,0,86,
8771,08/10/2022,193000,368000,0,1,0,34,,0,,34328,,2,0,190,
8772,03/04/2024,101000,207900,0,1,1,18,55,0,1,12242,9984,,0,85,
8773,13/09/2021,54000,87100,0,,0,55,,0,,20000,,2,0,,27/09/2021
8774,28/08/2024,113000,183300,0,1,1,20,52,1,0,12477,7523,2,0,3,
8775,03/01/2022,53000,61100,0,2,0,43,,1,,20000,,2,0,71,
8776,16/08/2024,104000,137400,0,2,0,61,,0,,20000,,2,0,235,
8777,15/08/2022,137000,190500,0,2,1,45,63,1,0,12790,7210,2,0,87,
8778,16/11/2021,207000,385200,0,2,0,39,,1,,32766,,2,0,183,20/12/2021
8779,12/11/2022,34000,52700,0,1,0,62,,1,,20000,,2,0,11,
8780,09/09/2022,102000,193700,0,,0,18,,0,,20000,,2,0,70,17/09/2022
8781,06/08/2024,139000,166300,0,,0,54,,1,,20000,,2,,16,
8782,18/02/2023,316000,514600,0,2,1,51,62,1,0,33687,31640,2,2,82,28/03/2023
8783,03/07/2022,274000,712400,0,0,0,58,,1,,81640,,2,0,6,22/06/2022
8784,25/12/2022,39000,57600,0,1,0,38,,0,,20000,,2,0,80,
8785,28/04/2023,50000,66800,,0,1,56,36,0,1,6883,13117,2,0,14,
8786,16/07/2024,160000,212900,0,0,1,52,21,0,1,8604,16900,2,2,85,
8787,27/10/2021,180000,210300,0,1,0,57,,0,,20000,,2,0,213,
8788,31/07/2022,151000,245500,0,2,0,26,,0,,24454,,,0,87,02/09/2022
8789,21/03/2023,98000,158800,0,1,0,49,,1,,20000,,3,0,,25/03/2023
8790,17/08/2023,274000,372000,0,1,0,47,,0,,25973,,2,0,15,
8791,22/08/2024,173000,269200,2,1,0,28,,0,,29701,,2,0,92,
8792,23/08/2022,633000,974900,0,0,0,37,,1,,148624,,3,2,80,
8793,10/10/2023,130000,203300,0,1,1,18,47,0,1,9938,12248,2,0,32,
8794,10/08/2024,129000,204900,3,1,0,57,,0,,20000,,1,0,27,
8795,11/09/2023,101000,187700,0,1,0,37,,0,,20000,,2,0,17,02/10/2023
8796,24/03/2022,91000,142300,0,1,0,71,,0,,20000,,2,0,83,
8797,19/08/2024,67000,114600,0,1,0,50,,0,,20000,,2,0,210,
8798,08/09/2023,398000,785000,0,1,0,41,,0,,64495,,3,0,223,22/09/2023
8799,30/08/2022,127000,202000,2,1,1,75,62,1,0,4802,15198,,0,39,
8800,17/06/2023,131000,206100,0,1,0,35,,0,,20000,,2,0,27,10/07/2023
8801,23/08/2024,179000,211700,0,1,0,64,,0,,24904,,1,0,3,
8802,22/06/2023,62000,212100,0,2,0,33,,0,,22890,,1,1,55,22/06/2023
8803,26/02/2023,231000,259200,0,0,0,18,,0,,23475,,,0,73,
8804,16/04/2022,131000,212900,2,2,1,23,33,1,0,8746,11254,1,2,57,
8805,29/08/2022,237000,370900,0,2,0,37,,1,,32364,,3,0,222,
8806,20/02/2023,583000,849100,0,2,1,40,42,1,0,37060,39643,3,0,86,
8807,10/04/2024,76000,188600,0,,0,46,,1,,25922,,0,0,88,
8808,12/04/2024,550000,697500,0,0,0,29,,0,,88439,,3,1,257,16/05/2024
8809,18/10/2021,95000,231600,0,,1,51,51,1,0,7335,13368,2,1,69,
8810,29/01/2024,37000,53400,0,2,0,33,,1,,20000,,2,2,,
8811,15/11/2023,154000,224100,0,2,0,44,,1,,27409,,3,0,221,24/12/2023
8812,15/03/2023,130000,195500,0,1,1,37,35,0,1,5600,14400,0,0,80,
8813,21/10/2023,146000,207500,0,2,1,45,18,1,0,9100,10900,1,0,61,25/11/2023
8814,08/04/2024,109000,135900,2,1,0,51,,1,,20000,,2,1,7,
8815,02/09/2022,61000,74800,1,1,0,28,,1,,20000,,2,0,75,26/09/2022
8816,29/06/2023,153000,279900,0,1,0,63,,0,,23916,,2,0,82,
8817,19/08/2022,272000,335200,0,0,1,46,45,0,1,25468,8657,2,1,51,
8818,23/07/2024,78000,188100,2,1,1,64,18,0,1,9275,14715,2,0,14,
8819,07/08/2024,475000,763900,0,1,0,29,,0,,92649,,2,1,5,
8820,17/07/2022,67000,147100,0,0,0,43,,1,,20000,,2,1,12,
8821,25/08/2023,94000,143600,0,1,0,34,,0,,20000,,2,0,233,
8822,08/08/2023,126000,206800,0,1,1,35,33,1,0,13348,9812,2,0,161,
8823,07/06/2022,161000,334600,0,0,0,57,,1,,27037,,3,2,91,
8824,09/07/2022,178000,260000,0,1,0,75,,1,,28917,,2,,7,21/08/2022
8825,13/07/2022,134000,196300,2,1,0,58,,0,,20000,,0,0,199,01/08/2022
8826,22/04/2024,149000,194800,1,1,1,41,36,0,1,12438,7562,2,0,11,20/05/2024
8827,03/12/2021,293000,462900,0,1,0,18,,0,,43472,,3,0,56,
8828,19/02/2024,141000,206800,0,2,0,37,,1,,23982,,1,1,12,
8829,17/06/2024,419000,634500,0,2,0,32,,0,,58463,,,0,82,
8830,27/02/2024,309000,580200,0,1,0,29,,0,,63757,,3,0,45,
8831,08/09/2022,31000,64600,0,2,1,75,42,1,0,5846,14154,2,0,9,01/09/2022
8832,07/01/2023,66000,165500,0,1,0,49,,0,,20000,,2,,77,
8833,24/05/2022,89000,133800,0,2,1,47,56,1,0,12831,7169,2,0,231,
8834,10/10/2021,125000,194600,0,2,0,18,,1,,20000,,3,0,52,09/11/2021
8835,06/10/2023,114000,199200,0,2,0,31,,0,,20000,,1,1,33,
8836,11/09/2022,58000,112000,0,2,1,52,75,1,0,11513,8487,2,1,54,
8837,10/05/2023,434000,637700,0,1,0,42,,1,,57931,,2,0,174,
8838,01/09/2023,456000,571800,0,1,0,65,,0,,41769,,2,2,7,
8839,08/10/2021,348000,485200,0,1,0,33,,0,,79016,,2,0,91,
8840,14/09/2023,196000,278400,0,0,0,36,,1,,21225,,2,,192,
8841,31/01/2024,162000,299400,,2,0,50,,1,,26033,,3,0,224,
8842,10/07/2022,52000,64500,0,0,1,47,30,0,1,5709,14291,2,1,63,
8843,17/02/2023,49000,86000,0,1,0,58,,1,,20000,,2,0,16,19/03/2023
8844,24/05/2024,27000,55200,0,1,1,28,65,1,0,5216,14784,2,0,87,
8845,03/06/2023,85000,140000,0,0,0,56,,0,,20000,,2,1,89,
8846,14/08/2023,96000,214400,0,1,1,30,75,0,1,7013,14742,1,0,37,23/09/2023
8847,07/07/2022,163000,222300,0,2,1,62,34,1,0,7617,12383,2,,0,
8848,05/09/2021,156000,210100,0,0,0,59,,1,,21146,,1,0,24,
8849,24/12/2021,553000,951100,0,2,1,62,42,1,0,47689,39395,2,0,74,
8850,12/05/2023,243000,536300,0,0,1,37,75,1,0,27156,26399,3,0,59,
8851,22/03/2023,99000,125000,0,0,1,38,53,1,0,9431,12542,,2,47,
8852,24/08/2022,117000,172200,0,1,0,65,,0,,20000,,2,0,58,19/09/2022
8853,10/09/2021,195000,336200,2,1,0,31,,0,,30944,,2,0,88,25/09/2021
8854,22/08/2023,277000,570400,,1,0,25,,0,,40047,,2,1,16,05/09/2023
8855,27/08/2024,72000,128000,0,2,0,45,,1,,20000,,2,0,7,
8856,23/04/2022,82000,129600,0,1,0,49,,1,,20000,,3,0,232,
8857,27/09/2022,135000,257000,0,1,1,43,35,0,1,13841,6159,2,0,14,
8858,07/09/2022,92000,142800,0,1,0,46,,0,,20000,,2,0,74,
8859,29/10/2023,426000,656400,2,1,1,43,54,0,1,30024,43471,3,1,9,29/11/2023
8860,03/03/2022,125000,139500,0,1,1,41,47,1,0,7839,12161,2,1,57,19/04/2022
8861,06/09/2021,123000,167300,0,1,0,51,,1,,20000,,3,1,55,
8862,03/03/2023,76000,127700,0,0,0,56,,0,,20000,,2,0,63,19/03/2023
8863,08/10/2021,129000,204100,0,,0,36,,0,,22056,,2,0,53,
8864,14/01/2024,104000,168900,0,1,0,42,,1,,20000,,2,0,84,
8865,26/12/2021,96000,141100,0,0,0,48,,1,,20000,,,2,67,28/01/2022
8866,26/01/2024,222000,389400,2,2,0,49,,1,,29366,,2,1,12,
8867,28/02/2022,105000,279400,0,1,0,53,,0,,20000,,2,0,208,
8868,17/06/2023,160000,221900,0,1,0,72,,1,,27688,,3,0,87,16/07/2023
8869,27/06/2024,180000,359700,0,1,0,38,,1,,29580,,2,0,12,
8870,19/04/2022,80000,123700,0,0,1,43,22,0,1,7280,12720,2,0,4,24/05/2022
8871,27/05/2023,304000,365400,0,1,0,28,,1,,29834,,3,0,49,
8872,07/05/2024,146000,206600,0,1,0,34,,1,,24151,,1,2,219,
8873,06/03/2022,107000,209400,,1,0,32,,1,,20973,,1,1,82,
8874,08/09/2022,439000,490300,0,2,0,36,,1,,51386,,3,0,1,
8875,11/07/2022,186000,362500,0,1,1,29,31,1,0,18271,8641,3,0,58,
8876,26/08/2023,66000,129500,0,1,1,38,47,1,0,12145,7855,,0,3,04/09/2023
8877,16/10/2022,67000,112100,0,1,1,62,57,0,0,11571,8429,2,0,87,30/10/2022
8878,05/10/2022,294000,623000,0,1,0,28,,1,,61323,,2,0,86,
8879,14/12/2022,58000,113300,0,,1,40,57,1,1,7267,12733,2,0,239,
8880,17/05/2022,79000,113300,0,2,1,41,43,1,0,12611,7389,3,0,72,16/06/2022
8881,23/07/2023,123000,208200,0,,0,22,,0,,22549,,1,0,53,31/07/2023
8882,07/09/2021,112000,132200,0,2,0,38,,1,,20000,,3,0,225,23/10/2021
8883,30/03/2022,107000,161600,0,1,1,18,35,1,0,7157,12843,2,0,83,
8884,04/09/2022,111000,250900,2,2,0,30,,1,,20000,,3,0,31,14/09/2022
8885,22/03/2023,262000,451300,2,1,0,40,,1,,43229,,2,0,13,
8886,08/08/2023,750000,1635200,0,1,1,46,36,1,0,166986,52208,3,0,40,
8887,05/09/2022,39000,87500,3,,0,50,,0,,20000,,2,0,55,
8888,25/12/2023,208000,301700,0,2,0,23,,1,,27190,,2,0,184,22/01/2024
8889,27/04/2022,305000,431100,0,2,1,45,33,0,1,27462,12053,3,0,4,15/06/2022
8890,17/07/2023,122000,211000,0,,0,48,,0,,20000,,1,0,15,
8891,18/08/2024,86000,161100,0,2,0,61,,1,,20000,,3,1,53,
8892,16/03/2024,217000,268000,0,2,1,70,44,1,0,9191,16387,3,0,73,
8893,02/05/2023,232000,352600,3,1,0,43,,1,,36271,,3,0,3,19/05/2023
8894,17/01/2023,118000,320100,1,2,0,55,,0,,25662,,2,0,56,22/01/2023
8895,04/03/2022,156000,251400,0,1,0,41,,0,,20000,,2,1,84,23/03/2022
8896,16/03/2022,55000,99000,,1,0,22,,1,,20000,,2,0,75,04/04/2022
8897,19/09/2023,257000,400400,0,2,0,47,,1,,43639,,2,0,217,18/10/2023
8898,02/09/2022,131000,203400,0,1,0,68,,0,,20000,,0,0,82,
8899,28/07/2023,124000,220800,0,2,1,71,42,0,1,5585,14415,2,1,83,31/08/2023
8900,05/06/2024,112000,174500,1,1,0,75,,1,,20000,,2,0,80,29/06/2024
8901,20/06/2023,67000,78500,0,1,1,69,59,1,0,9071,10929,2,1,87,
8902,03/07/2024,169000,198700,0,2,0,55,,1,,24474,,0,2,195,
8903,29/08/2024,228000,349700,0,1,0,52,,0,,26652,,,0,,
8904,07/08/2023,98000,143500,0,2,0,18,,0,,20000,,3,0,49,23/08/2023
8905,11/08/2024,195000,286100,0,0,1,51,42,0,1,11332,13868,2,0,6,
8906,28/01/2022,175000,667000,0,1,1,27,31,0,1,38998,10396,2,0,203,
8907,28/08/2023,115000,200900,0,1,1,20,46,0,0,11799,9486,1,0,8,07/10/2023
8908,19/04/2023,144000,211300,0,1,1,50,66,1,0,14191,5809,1,0,78,
8909,10/06/2022,239000,259400,0,1,1,33,40,1,0,9832,15588,2,0,186,
8910,03/11/2022,128000,201400,0,1,0,42,,0,,20000,,1,1,7,
8911,15/07/2023,79000,205900,0,1,0,41,,1,,23824,,3,0,38,
8912,23/01/2023,202000,344200,0,2,1,33,55,1,0,10222,13330,3,0,80,
8913,20/03/2022,123000,176000,0,,0,32,,1,,20000,,3,2,54,29/04/2022
8914,22/09/2023,438000,888800,0,2,0,32,,0,,90075,,2,1,16,
8915,09/03/2024,636000,1015500,0,2,0,61,,0,,81988,,3,0,52,
8916,04/03/2022,639000,801200,0,1,0,42,,0,,55030,,2,1,67,
8917,25/09/2022,474000,599300,0,1,0,28,,0,,43103,,3,2,11,
8918,12/03/2022,133000,195600,0,1,1,58,38,0,1,9273,10727,2,0,56,
8919,20/05/2023,162000,208600,0,1,0,74,,1,,21098,,1,0,32,
8920,03/10/2023,107000,164400,0,1,0,52,,0,,20000,,3,0,12,17/10/2023
8921,14/05/2023,223000,385700,0,1,0,61,,1,,43766,,2,0,5,
8922,10/02/2022,89000,136900,0,,0,43,,0,,20000,,2,0,82,
8923,18/01/2023,85000,225800,0,1,1,40,48,0,1,10233,9821,2,0,56,
8924,14/12/2022,211000,302900,,2,0,36,,0,,27054,,3,0,50,24/01/2023
8925,10/08/2023,326000,560000,0,2,0,34,,0,,80452,,3,,73,
8926,26/04/2024,153000,265100,0,1,1,39,28,0,1,4911,15089,2,0,77,09/06/2024
8927,21/12/2021,87000,211600,0,1,1,38,60,1,0,9068,10932,2,0,59,
8928,08/11/2021,436000,580300,3,1,0,36,,1,,43443,,3,1,3,
8929,27/02/2022,206000,303700,3,1,1,41,60,1,0,17841,7514,2,0,70,
8930,15/02/2024,164000,332200,0,1,0,41,,1,,25748,,2,0,50,
8931,27/10/2022,153000,288600,0,2,1,18,46,0,0,7726,13806,2,1,54,
8932,05/03/2023,628000,861700,0,1,0,55,,1,,69710,,2,,,
8933,19/05/2024,142000,238900,0,2,0,26,,1,,20000,,2,0,75,
8934,15/07/2023,147000,296400,0,2,0,47,,0,,28644,,3,1,81,
8935,22/01/2023,145000,227500,0,0,0,53,,0,,20000,,2,0,187,
8936,02/08/2024,85000,204700,0,2,1,65,53,0,1,15370,4630,1,0,78,11/08/2024
8937,19/04/2024,65000,110300,,1,1,49,40,1,0,16390,3610,2,0,52,
8938,23/01/2024,150000,209600,3,1,1,47,57,1,0,13801,6199,1,0,216,
8939,03/12/2023,66000,90900,0,1,0,37,,0,,20000,,2,0,83,06/01/2024
8940,08/12/2022,52000,77200,0,2,0,68,,0,,20000,,2,1,,
8941,23/02/2023,262000,392000,0,2,0,49,,1,,35700,,2,0,210,
8942,04/04/2022,130000,260900,0,1,1,21,46,1,1,16071,11925,3,0,11,
8943,13/03/2024,341000,937500,0,2,0,50,,1,,71579,,2,0,83,
8944,02/12/2021,34000,56000,0,1,1,32,43,0,1,3405,16595,2,,54,
8945,02/08/2024,368000,475400,0,2,1,42,62,0,1,23883,21800,3,1,74,
8946,11/10/2023,36000,86600,0,2,1,75,48,1,1,7787,12213,3,0,184,
8947,19/08/2024,123000,216600,1,1,0,43,,0,,20606,,2,1,166,
8948,16/02/2024,476000,644300,0,1,0,42,,0,,103315,,2,0,17,24/03/2024
8949,02/08/2022,129000,256600,1,0,0,27,,1,,24851,,3,1,38,13/08/2022
8950,29/03/2024,62000,156900,0,2,1,75,75,0,1,6632,13368,2,,75,
8951,29/10/2023,167000,289800,0,1,0,47,,0,,20000,,2,0,231,
8952,08/10/2022,311000,388800,0,0,0,43,,1,,37956,,2,0,182,30/11/2022
8953,24/02/2022,106000,192900,2,1,0,37,,1,,20000,,2,0,7,
8954,19/10/2022,105000,137300,0,1,0,34,,1,,20000,,3,0,57,
8955,23/10/2021,80000,153200,0,1,1,43,58,0,1,16811,3189,3,2,78,
8956,08/03/2022,239000,645800,0,2,1,43,57,0,1,31645,31113,2,0,89,
8957,06/08/2022,176000,189700,0,,0,27,,1,,20000,,2,0,57,24/09/2022
8958,27/03/2024,155000,217700,0,1,0,47,,1,,23988,,,0,53,
8959,22/02/2024,105000,204500,0,1,0,57,,0,,20000,,0,,90,06/03/2024
8960,26/08/2022,120000,192900,0,2,1,44,46,0,1,6881,13119,0,1,84,
8961,12/02/2022,260000,308800,0,1,1,65,36,0,1,18011,14417,2,0,5,28/03/2022
8962,25/01/2022,122000,219500,0,1,0,18,,0,,20000,,2,0,14,06/02/2022
8963,01/06/2024,137000,211400,0,1,0,46,,0,,20000,,1,0,212,
8964,15/07/2024,80000,126500,0,1,0,34,,0,,20000,,2,0,11,
8965,24/02/2022,102000,201100,0,1,0,48,,1,,20000,,0,0,132,16/03/2022
8966,08/10/2021,153000,198200,0,0,0,73,,0,,20000,,0,0,47,07/11/2021
8967,11/08/2024,86000,137400,0,1,0,65,,1,,20000,,2,0,89,
8968,20/05/2024,348000,566300,0,1,1,46,57,1,0,18945,27022,3,0,32,
8969,15/08/2022,143000,260700,1,1,0,69,,0,,20000,,2,2,,
8970,03/09/2022,299000,416100,0,1,0,36,,1,,35929,,2,0,88,
8971,29/08/2024,390000,577600,0,2,1,73,60,0,1,20357,26323,2,0,,
8972,29/09/2022,118000,202700,0,1,0,66,,1,,24485,,0,0,,
8973,26/03/2022,166000,208100,,2,0,39,,1,,20000,,2,0,,04/05/2022
8974,19/08/2023,305000,480800,1,2,0,43,,0,,47606,,2,1,,
8975,29/08/2024,173000,417700,0,,0,50,,0,,38931,,3,0,79,
8976,15/03/2024,97000,201300,0,1,1,37,35,1,0,7485,12515,2,0,33,
8977,21/02/2024,85000,211200,0,2,0,44,,1,,21983,,1,0,216,
8978,17/08/2023,34000,45500,0,1,0,54,,1,,20000,,2,1,84,07/09/2023
8979,03/05/2022,238000,534800,0,1,1,28,47,1,0,22886,17243,2,0,236,
8980,10/08/2023,74000,187600,0,1,1,44,56,1,0,11079,8921,2,0,177,07/09/2023
8981,12/03/2023,118000,200500,0,1,0,41,,1,,21924,,2,0,89,07/04/2023
8982,05/12/2023,88000,208400,1,1,0,43,,0,,20000,,1,0,0,
8983,15/08/2022,178000,273300,0,2,1,69,46,1,1,11237,14313,2,2,187,
8984,06/11/2021,219000,391200,,2,0,24,,0,,39089,,2,0,13,02/12/2021
8985,09/01/2024,68000,104200,0,1,1,37,54,1,0,12120,7880,2,1,29,
8986,24/04/2022,55000,236600,0,1,0,39,,0,,21002,,2,0,79,
8987,27/03/2023,480000,1278100,0,2,0,55,,1,,125487,,2,0,54,
8988,23/05/2023,129000,206200,0,2,0,48,,1,,20000,,1,0,241,23/06/2023
8989,25/08/2024,208000,491800,0,1,1,35,46,0,1,24893,11695,2,0,192,
8990,05/04/2022,119000,241100,0,1,1,29,73,0,1,8700,11790,2,0,5,
8991,14/02/2024,200000,286100,0,1,0,49,,1,,26994,,2,0,33,27/02/2024
8992,30/06/2023,132000,199300,0,2,0,66,,0,,20000,,0,0,211,
8993,03/10/2022,73000,197500,0,1,0,30,,1,,20000,,0,1,208,22/10/2022
8994,13/12/2023,126000,219900,0,2,1,29,40,0,1,8633,11367,2,0,80,
8995,14/05/2023,921000,1311700,0,2,0,18,,0,,137929,,2,0,10,
8996,10/03/2023,139000,191300,2,1,1,46,30,1,0,16251,9903,,0,49,
8997,06/05/2023,40000,72200,0,2,0,19,,1,,20000,,2,0,219,
8998,17/08/2023,284000,383100,0,2,0,26,,0,,38494,,2,0,89,11/09/2023
8999,12/05/2024,265000,480600,0,1,0,31,,1,,43594,,2,0,84,06/06/2024
9000,28/06/2023,144000,203700,3,2,1,45,37,1,0,7892,12108,,2,13,
9001,11/08/2023,122000,290400,0,1,1,75,61,1,0,11169,22172,3,1,15,05/09/2023
9002,18/03/2023,873000,1460600,0,1,0,33,,0,,97948,,3,0,71,10/04/2023
9003,10/03/2023,99000,125500,0,1,1,65,50,1,0,5376,14624,,2,203,
9004,29/12/2021,102000,153300,2,2,0,66,,1,,20000,,2,0,67,
9005,11/04/2022,164000,210600,0,1,1,36,59,0,1,16631,3423,1,0,37,21/05/2022
9006,21/12/2023,130000,209000,0,1,1,49,53,0,1,8004,11996,1,0,59,
9007,29/10/2021,55000,70400,0,2,1,55,51,1,0,9839,10161,2,2,8,04/11/2021
9008,15/05/2022,303000,550800,0,1,0,24,,1,,36668,,3,0,80,
9009,17/09/2022,174000,198600,1,0,1,49,48,1,0,18921,3939,0,0,65,30/10/2022
9010,11/03/2022,172000,195400,0,1,1,63,29,1,0,9767,10233,0,0,55,
9011,28/11/2021,144000,241600,2,2,0,75,,0,,20000,,3,0,55,30/12/2021
9012,25/02/2023,204000,324100,0,1,0,48,,1,,31200,,3,0,199,
9013,15/07/2022,127000,145100,0,2,1,67,63,1,0,6517,13483,2,0,54,
9014,10/08/2022,108000,191100,0,2,0,44,,0,,20000,,0,0,13,
9015,10/07/2023,94000,237200,0,2,1,75,22,1,0,5288,19991,2,2,15,
9016,12/08/2024,244000,371700,0,1,0,48,,0,,35465,,2,0,7,
9017,27/08/2023,270000,320400,0,,1,55,19,0,0,21561,14877,2,0,19,
9018,28/11/2021,73000,173400,1,1,1,59,40,0,1,10607,9393,2,1,55,
9019,04/11/2021,374000,493900,0,0,0,37,,1,,40218,,3,1,162,
9020,08/08/2022,511000,675700,0,,0,61,,0,,46749,,3,0,17,
9021,06/03/2023,81000,142900,0,1,0,46,,0,,20000,,2,2,89,17/03/2023
9022,12/02/2024,349000,496200,0,1,1,23,37,0,1,13815,34512,3,0,15,
9023,21/08/2024,226000,394600,0,1,0,29,,1,,30745,,3,0,54,
9024,02/10/2022,119000,224700,0,1,0,59,,1,,22087,,3,,40,11/10/2022
9025,08/10/2021,240000,303000,0,1,0,26,,0,,34617,,2,0,195,
9026,27/05/2023,154000,206100,0,2,0,44,,1,,20000,,1,0,77,19/06/2023
9027,10/08/2022,165000,250500,0,0,1,42,40,0,1,13466,7882,2,0,15,
9028,02/06/2023,86000,223000,2,2,0,51,,1,,20000,,2,0,69,
9029,24/03/2024,156000,209200,0,1,1,54,39,0,0,9768,12269,1,0,172,05/05/2024
9030,08/12/2021,79000,155800,0,1,1,57,65,1,1,8467,11533,2,0,89,
9031,18/05/2023,404000,533900,0,2,0,24,,1,,43280,,3,0,52,
9032,30/08/2024,337000,517100,0,2,1,62,54,0,1,18659,18457,2,0,56,
9033,11/05/2024,245000,346300,2,1,0,29,,0,,34081,,,,84,02/06/2024
9034,22/09/2023,109000,170000,2,1,1,58,37,0,1,10857,9143,3,0,227,28/10/2023
9035,11/05/2024,133000,193600,0,0,1,35,29,0,1,12711,7558,0,0,34,05/06/2024
9036,21/10/2023,116000,189800,0,,0,56,,1,,20000,,2,,88,15/11/2023
9037,17/06/2022,89000,113600,0,1,0,52,,0,,20000,,2,0,15,
9038,18/12/2021,57000,92400,0,2,0,18,,0,,20000,,2,0,17,11/01/2022
9039,18/01/2024,155000,210600,0,,0,39,,0,,20000,,1,1,29,
9040,17/06/2023,244000,335500,3,0,0,46,,1,,29063,,3,0,53,13/07/2023
9041,19/11/2021,140000,280500,1,1,1,52,46,0,1,9703,11762,2,0,94,
9042,06/08/2024,114000,165500,0,1,0,33,,1,,20000,,2,0,37,
9043,13/04/2023,123000,209000,2,0,0,53,,0,,21289,,1,0,190,
9044,05/03/2024,185000,400500,0,0,0,44,,1,,30023,,3,0,18,
9045,05/07/2023,132000,215900,0,0,1,26,75,0,1,5217,16274,1,0,39,
9046,14/06/2022,166000,221700,0,2,0,52,,0,,20923,,3,0,74,
9047,11/05/2022,76000,97400,0,1,1,62,39,0,1,11789,8211,2,0,201,
9048,06/09/2021,152000,226900,0,1,0,32,,0,,23868,,2,0,89,06/10/2021
9049,09/03/2024,66000,243600,0,1,1,18,47,1,0,12340,8545,3,0,80,
9050,17/08/2022,193000,275300,0,1,0,26,,0,,31107,,2,1,87,
9051,23/08/2023,134000,275600,0,0,1,45,70,1,0,17048,13841,3,0,73,
9052,23/06/2023,25000,55000,0,1,0,49,,0,,20000,,2,0,267,
9053,14/01/2023,36000,60600,0,2,0,55,,1,,20000,,2,1,57,29/01/2023
9054,30/01/2022,87000,180000,0,0,1,40,40,0,0,7132,15476,3,2,58,
9055,04/11/2023,81000,124900,0,1,0,47,,0,,20000,,2,0,60,12/12/2023
9056,25/12/2022,233000,361200,0,1,1,41,50,1,0,16073,11573,2,2,78,
9057,20/08/2022,71000,106100,0,0,1,68,35,1,0,11478,8522,2,0,82,16/09/2022
9058,18/08/2022,62000,99100,2,1,1,57,27,0,1,13833,6167,2,0,64,
9059,23/03/2023,141000,205400,0,1,0,23,,0,,20000,,1,0,14,
9060,13/08/2023,200000,334500,0,1,0,48,,1,,26812,,2,0,50,
9061,08/09/2023,409000,650200,0,1,0,66,,1,,53109,,3,0,59,
9062,05/12/2023,161000,287200,0,2,0,47,,1,,23206,,3,0,80,09/01/2024
9063,12/07/2024,244000,328700,0,1,0,51,,0,,32033,,2,0,80,
9064,20/07/2022,260000,472800,0,2,0,38,,1,,61803,,3,1,233,
9065,02/09/2023,72000,165500,0,,1,37,64,0,1,8987,11013,2,0,36,
9066,02/06/2022,151000,190400,0,1,0,26,,1,,20021,,0,0,31,
9067,03/03/2024,105000,179900,0,1,0,33,,1,,20000,,2,0,94,13/03/2024
9068,10/08/2023,252000,324200,0,1,0,60,,1,,36703,,2,,8,
9069,19/09/2023,171000,289600,0,1,1,52,35,0,1,15976,12275,2,2,33,
9070,20/11/2022,190000,350800,0,1,0,31,,0,,32474,,2,0,37,
9071,13/10/2022,319000,365900,2,0,1,59,50,0,0,13744,25776,3,0,36,
9072,18/07/2024,172000,271500,0,2,0,54,,0,,21565,,3,0,63,
9073,19/06/2024,146000,443700,0,1,0,39,,0,,45485,,2,0,11,
9074,20/08/2022,163000,243400,0,1,0,26,,1,,20000,,2,1,25,02/09/2022
9075,05/05/2024,95000,226500,0,,0,32,,0,,22724,,2,,86,
9076,16/04/2022,78000,209300,0,1,1,39,51,0,1,14171,8294,1,0,95,
9077,11/09/2021,435000,795100,0,2,0,31,,1,,61284,,2,0,77,
9078,24/04/2024,249000,382600,0,1,1,57,31,0,1,16351,13471,2,1,75,12/06/2024
9079,18/10/2023,327000,445900,0,2,1,60,41,0,1,11024,33397,3,0,47,
9080,09/09/2023,177000,201000,0,1,1,60,19,1,0,7317,12683,,1,58,
9081,21/03/2022,103000,206800,,,1,48,75,0,1,6204,13796,1,0,15,
9082,24/03/2024,82000,147000,0,2,1,50,51,1,0,10590,9410,2,0,197,
9083,17/07/2022,86000,303400,0,1,1,69,35,1,0,10789,17663,2,0,60,
9084,11/10/2021,161000,243300,,1,0,43,,1,,20000,,2,0,54,22/10/2021
9085,25/02/2024,522000,746400,0,1,1,38,39,1,0,34670,32134,2,0,,
9086,27/10/2021,259000,639800,,2,1,53,33,0,1,22860,22575,3,0,69,19/11/2021
9087,31/08/2022,95000,213200,0,0,0,26,,1,,20000,,1,,86,
9088,09/03/2023,149000,203900,3,1,0,51,,0,,20000,,1,,10,
9089,05/12/2021,108000,165400,0,,0,56,,1,,20000,,2,1,82,03/01/2022
9090,07/09/2022,135000,198100,0,,0,58,,0,,20000,,,1,231,
9091,15/08/2024,153000,216800,0,2,0,39,,1,,22801,,2,0,81,
9092,03/10/2021,347000,646700,2,0,0,40,,0,,46717,,2,2,89,
9093,24/08/2023,67000,189600,0,0,1,54,34,0,1,10801,9199,2,0,10,
9094,05/02/2024,90000,201200,0,1,0,32,,1,,20000,,0,0,,
9095,15/08/2024,243000,320100,0,1,0,55,,0,,41519,,2,0,61,
9096,04/01/2023,243000,285200,,1,0,75,,1,,23987,,2,0,16,
9097,03/08/2024,112000,194700,0,1,0,34,,1,,20000,,3,1,58,
9098,10/08/2024,73000,110900,0,2,0,63,,1,,20000,,2,0,54,24/08/2024
9099,01/09/2024,99000,203300,0,2,1,57,55,1,0,10843,9157,3,0,,
9100,09/01/2023,353000,441200,0,1,1,34,32,0,1,30710,32117,3,0,8,
9101,05/04/2024,169000,292200,0,2,1,38,23,1,0,14510,14179,2,0,70,
9102,08/08/2023,181000,329700,0,1,0,39,,1,,45241,,,0,35,
9103,27/11/2022,241000,394900,0,1,0,43,,0,,26813,,2,0,14,
9104,18/02/2023,179000,212400,1,1,0,18,,1,,20000,,1,0,82,30/03/2023
9105,16/09/2023,315000,577800,0,1,1,18,50,1,0,14654,37921,3,0,73,12/10/2023
9106,23/08/2023,183000,346900,1,1,1,56,46,0,1,19662,15006,2,2,246,
9107,25/02/2023,274000,583900,0,1,0,46,,1,,73682,,3,1,19,
9108,22/11/2022,80000,195500,0,1,0,31,,1,,21219,,0,0,,
9109,16/08/2022,161000,231500,0,1,1,48,43,0,1,7561,12439,3,0,15,
9110,08/05/2023,416000,540700,0,2,0,42,,1,,46561,,3,0,57,
9111,12/08/2024,382000,576500,0,1,1,44,47,0,1,20347,28642,2,0,58,
9112,10/04/2024,386000,492600,0,0,1,25,51,0,1,19580,23467,3,0,55,
9113,21/09/2022,67000,166700,1,1,1,38,48,0,1,11003,8997,,1,18,
9114,09/07/2022,206000,310200,0,1,0,57,,0,,24124,,2,0,86,
9115,07/04/2022,126000,183600,0,2,1,65,58,0,1,15111,4889,2,,189,
9116,27/09/2022,28000,68000,0,1,0,41,,1,,20000,,2,0,67,
9117,12/02/2022,49000,75700,0,1,1,57,48,0,0,11558,8442,2,0,205,
9118,11/09/2021,88000,240900,0,1,1,36,30,1,0,10184,9816,2,2,54,09/10/2021
9119,01/09/2022,147000,272800,0,1,0,45,,1,,24416,,2,0,173,11/09/2022
9120,28/01/2022,108000,236900,0,1,1,46,70,1,0,11895,8624,3,2,17,
9121,29/12/2023,222000,316200,0,1,1,33,55,1,0,4334,24933,2,2,55,
9122,12/04/2022,1742000,3053400,0,0,0,61,,0,,440688,,3,0,79,
9123,22/07/2023,120000,195800,0,1,0,59,,0,,20000,,2,0,79,
9124,17/02/2024,168000,234900,0,1,0,55,,0,,21642,,2,,79,
9125,14/06/2022,143000,196200,0,1,1,56,29,1,0,6975,13025,,0,75,08/08/2022
9126,22/03/2024,99000,193100,0,1,1,48,40,0,1,7757,12243,2,0,9,09/04/2024
9127,10/07/2023,644000,916400,0,2,1,53,69,0,1,21812,56277,3,0,148,
9128,28/01/2022,187000,451800,0,1,0,31,,1,,44510,,,0,86,
9129,27/08/2023,220000,346500,0,2,1,18,31,1,0,9984,15090,2,0,29,
9130,23/06/2024,96000,207300,0,1,0,61,,0,,20000,,1,0,6,
9131,30/12/2021,149000,273600,0,2,0,66,,0,,21110,,2,2,203,
9132,16/08/2023,129000,295200,1,1,0,46,,0,,31020,,2,,39,
9133,26/08/2024,123000,264200,2,2,1,51,48,1,0,11693,8958,2,1,240,
9134,04/09/2021,237000,355800,0,0,1,52,25,0,1,11285,11146,2,0,5,
9135,26/05/2022,189000,208500,0,1,1,50,45,1,0,11544,8456,1,0,270,20/07/2022
9136,21/05/2023,101000,165100,0,2,1,22,55,0,1,3027,16973,3,0,74,
9137,21/07/2023,272000,444400,0,1,1,49,22,1,0,28637,7359,2,0,56,20/07/2023
9138,11/03/2024,90000,142500,0,2,0,49,,1,,20000,,,1,196,
9139,24/08/2024,103000,159800,2,0,0,59,,0,,20000,,2,2,3,
9140,05/09/2022,36000,50000,0,0,1,58,67,0,1,5969,14031,2,0,10,
9141,06/06/2024,114000,206300,0,1,0,42,,0,,24244,,1,1,76,11/06/2024
9142,07/01/2023,393000,567300,0,2,0,55,,1,,51888,,3,1,33,
9143,24/07/2023,173000,251600,0,1,0,44,,1,,29940,,2,0,23,29/08/2023
9144,10/04/2024,452000,721900,0,1,1,38,47,1,0,15882,33847,2,2,73,19/05/2024
9145,07/04/2022,87000,116200,,1,1,39,26,0,1,5112,14888,2,1,,
9146,01/01/2023,237000,493800,0,2,1,53,18,0,1,28283,5726,3,0,14,15/01/2023
9147,27/03/2023,419000,754600,0,2,1,47,33,0,1,46228,35231,3,0,49,25/04/2023
9148,12/04/2023,59000,100400,0,,1,60,48,1,0,5765,14235,2,0,,
9149,14/04/2024,521000,720500,0,1,0,65,,1,,64562,,,0,51,
9150,11/05/2022,164000,225900,0,1,0,21,,1,,24868,,3,0,56,31/05/2022
9151,27/08/2023,131000,214100,0,1,0,28,,1,,20000,,1,1,190,
9152,15/05/2022,327000,597400,0,1,0,36,,0,,48036,,2,0,49,
9153,12/04/2022,134000,199500,0,2,0,34,,1,,20000,,1,0,0,
9154,03/04/2022,262000,713200,0,1,0,70,,0,,70916,,2,0,52,
9155,13/08/2024,112000,204200,0,1,0,34,,1,,20000,,2,0,77,
9156,18/10/2022,277000,330600,1,1,1,37,34,0,1,16940,7017,,0,233,
9157,14/08/2023,347000,747200,0,1,1,75,61,0,1,26297,33930,2,1,52,
9158,12/09/2022,205000,367400,0,2,0,46,,0,,48968,,3,0,73,
9159,17/11/2021,105000,351500,2,2,0,39,,1,,42991,,2,0,50,26/11/2021
9160,31/08/2023,290000,385200,0,1,1,59,19,1,0,24340,15763,3,0,273,
9161,04/01/2023,99000,183100,0,1,0,29,,1,,20000,,2,0,228,
9162,23/11/2022,349000,496700,0,1,0,63,,1,,45772,,3,,15,
9163,20/05/2023,218000,346800,0,2,0,55,,1,,36718,,2,0,51,
9164,14/08/2022,123000,211700,0,1,0,47,,1,,20000,,,0,17,
9165,07/05/2024,76000,205200,0,1,1,24,65,0,1,13166,6834,1,0,9,13/05/2024
9166,01/09/2023,299000,409500,0,1,1,63,44,1,0,26262,23218,2,0,138,
9167,31/10/2021,27000,48300,0,2,1,39,29,0,1,11894,8106,2,0,34,
9168,03/09/2022,254000,321500,3,2,0,74,,1,,27748,,3,2,87,
9169,13/08/2023,266000,802600,0,2,1,22,66,1,1,35959,66731,2,0,49,
9170,28/04/2023,240000,297000,0,1,0,75,,1,,21348,,2,0,11,
9171,08/09/2023,251000,423400,0,2,0,34,,0,,33662,,3,0,17,09/10/2023
9172,03/09/2021,142000,203700,0,,1,26,52,0,1,14277,5723,1,0,57,
9173,20/05/2022,44000,73800,0,0,1,71,49,0,1,11816,8184,2,2,47,
9174,18/01/2023,136000,207400,0,,0,32,,1,,20000,,1,2,53,
9175,26/08/2024,503000,893700,0,2,0,56,,1,,81627,,3,0,190,
9176,06/05/2022,77000,206400,0,2,1,55,63,0,1,6487,13513,1,0,5,16/05/2022
9177,19/02/2022,102000,210000,0,,1,51,21,0,1,6937,13063,2,0,60,
9178,02/05/2024,31000,94300,0,1,0,48,,0,,20000,,,,4,
9179,30/05/2022,148000,185100,0,2,1,38,30,1,0,5781,14219,2,0,89,
9180,23/03/2022,127000,248700,0,1,1,46,47,1,1,9311,11162,2,1,90,28/03/2022
9181,31/01/2022,137000,198800,0,1,1,56,24,0,1,11426,8574,0,0,9,
9182,05/09/2022,192000,281700,0,1,1,59,38,0,1,19844,3382,2,1,17,15/10/2022
9183,25/03/2023,195000,291400,0,1,0,34,,1,,30669,,2,0,7,
9184,08/02/2022,104000,214800,0,1,0,46,,0,,25215,,1,2,55,
9185,06/02/2024,99000,263800,0,2,1,51,42,1,0,10571,11869,3,0,84,12/02/2024
9186,29/05/2023,52000,89700,0,1,0,59,,0,,20000,,2,0,53,07/07/2023
9187,03/10/2023,77000,189900,0,1,0,32,,1,,20923,,0,1,73,
9188,10/09/2023,450000,770900,2,0,0,19,,0,,57450,,,0,50,
9189,26/03/2024,472000,819300,0,1,0,47,,1,,80984,,2,0,31,
9190,01/08/2022,147000,255600,0,2,0,57,,1,,20000,,3,0,170,10/09/2022
9191,01/04/2022,189000,409000,0,1,0,47,,0,,47264,,2,0,185,22/05/2022
9192,05/07/2024,385000,611700,0,2,0,50,,1,,49204,,3,1,203,
9193,21/06/2022,104000,150700,0,2,0,53,,1,,20000,,2,2,72,
9194,25/08/2023,86000,207300,0,2,1,42,43,0,1,20445,8838,1,0,58,16/09/2023
9195,01/01/2024,90000,200200,0,1,0,52,,1,,20000,,0,0,196,24/01/2024
9196,24/04/2024,133000,230300,0,0,0,73,,0,,25305,,2,0,83,15/05/2024
9197,30/11/2022,222000,475900,0,1,0,47,,1,,47497,,3,1,81,25/12/2022
9198,02/06/2023,255000,377700,0,1,1,58,52,0,1,13646,16377,3,0,8,
9199,30/04/2023,153000,270800,2,2,0,29,,0,,22513,,2,0,83,
9200,14/08/2022,230000,421100,0,2,1,51,51,1,0,12554,39860,2,0,59,
9201,30/08/2024,112000,213000,0,2,0,53,,0,,20000,,,0,20,
9202,23/08/2023,110000,155400,0,2,1,34,18,0,1,14490,5510,2,1,71,
9203,27/03/2023,277000,365300,0,1,1,61,42,1,0,15092,24414,2,0,11,
9204,24/03/2023,95000,157400,0,1,0,33,,1,,20000,,2,0,77,
9205,04/11/2022,170000,245600,0,1,1,35,28,1,0,17420,4744,2,0,16,
9206,09/02/2024,159000,231400,0,1,1,25,56,0,1,17138,8136,2,2,7,
9207,19/03/2023,161000,209700,0,1,0,39,,1,,20000,,1,0,10,
9208,31/08/2022,47000,99700,,1,1,42,29,1,1,16685,3315,2,0,220,19/09/2022
9209,28/11/2021,53000,83900,0,1,0,69,,1,,20000,,2,,186,
9210,23/06/2022,110000,192200,0,2,1,22,18,0,1,7086,12914,0,0,8,
9211,28/11/2022,91000,136700,0,1,0,34,,1,,20000,,3,0,54,31/12/2022
9212,04/08/2024,352000,785500,2,1,0,59,,1,,57978,,2,0,78,
9213,16/03/2024,155000,215800,0,1,0,64,,1,,20000,,2,0,59,30/04/2024
9214,11/03/2022,164000,355900,0,0,1,63,56,0,1,37042,6214,,1,206,
9215,26/02/2024,168000,264700,2,1,1,48,37,1,0,9625,15322,3,0,76,25/03/2024
9216,25/01/2024,545000,890500,0,2,0,48,,1,,68317,,3,0,97,01/02/2024
9217,14/07/2022,39000,54500,0,0,1,29,51,1,0,13831,6169,2,0,13,24/08/2022
9218,22/04/2024,139000,200400,0,2,0,36,,0,,21153,,0,0,29,
9219,17/06/2023,150000,218500,3,2,0,22,,0,,20000,,2,0,14,10/07/2023
9220,12/06/2024,26000,36800,0,2,0,47,,0,,20000,,2,0,50,
9221,09/09/2021,227000,477200,0,1,0,41,,0,,44682,,2,2,64,
9222,23/08/2022,99000,187800,0,1,0,75,,0,,20000,,3,0,,
9223,11/12/2023,759000,1164200,0,1,0,56,,1,,91410,,3,0,67,
9224,09/07/2022,193000,242100,2,1,0,66,,0,,26403,,2,2,194,15/08/2022
9225,20/06/2022,149000,203500,0,0,1,64,18,1,0,7151,12849,1,1,61,
9226,09/08/2022,198000,277200,,1,0,38,,0,,27975,,2,0,96,
9227,20/07/2023,122000,244800,0,1,0,58,,1,,20733,,3,,195,
9228,21/03/2023,100000,120000,0,1,0,29,,1,,20000,,2,0,52,
9229,22/01/2022,142000,269300,0,1,1,42,75,1,0,14906,8669,2,1,156,
9230,08/02/2023,74000,104900,0,1,1,51,30,0,0,3917,16083,,0,25,
9231,27/02/2022,79000,121500,0,1,0,32,,0,,20000,,2,0,57,
9232,26/08/2023,155000,255000,0,1,0,35,,0,,20000,,2,2,168,
9233,10/08/2023,153000,306100,0,2,1,33,47,0,1,13124,9087,2,0,14,26/08/2023
9234,28/08/2023,292000,360200,0,1,0,60,,0,,33172,,3,0,61,05/10/2023
9235,30/05/2024,39000,67300,0,0,1,55,49,0,1,10404,9596,2,0,15,22/05/2024
9236,11/07/2023,111000,185000,0,2,0,18,,1,,20000,,3,1,88,
9237,01/11/2022,385000,425300,0,2,1,41,57,0,1,23401,19125,2,0,68,
9238,18/08/2023,36000,88800,0,1,0,75,,1,,20000,,2,0,81,29/08/2023
9239,03/10/2021,63000,212000,0,1,0,27,,0,,20000,,1,0,40,
9240,11/08/2023,162000,245000,0,1,0,45,,1,,22015,,2,1,59,
9241,28/01/2023,110000,159400,0,1,0,24,,0,,20000,,2,0,183,22/02/2023
9242,24/10/2022,192000,234700,2,0,1,63,63,0,1,12872,14827,2,2,51,
9243,04/04/2023,400000,770800,0,1,1,59,59,0,1,29900,37174,2,0,55,
9244,17/05/2024,86000,193900,0,,0,45,,1,,20000,,2,,96,
9245,19/08/2023,43000,79600,3,1,0,40,,0,,20000,,2,0,3,14/09/2023
9246,24/09/2022,51000,70900,0,1,0,26,,1,,20000,,2,2,15,18/10/2022
9247,28/02/2023,145000,211900,0,1,0,30,,0,,20000,,2,,221,31/03/2023
9248,04/03/2022,139000,241600,0,0,0,44,,1,,27256,,2,2,0,
9249,27/07/2022,121000,194200,0,2,0,43,,1,,20000,,2,0,84,
9250,26/01/2024,136000,213300,0,2,0,41,,1,,20000,,,2,233,
9251,29/08/2023,58000,116600,0,2,0,56,,1,,20000,,2,0,38,05/09/2023
9252,05/10/2023,32000,64800,0,1,1,31,48,0,0,10781,9219,2,2,10,14/10/2023
9253,25/02/2023,158000,240200,0,2,1,42,36,0,1,20453,5370,,0,215,
9254,27/04/2022,85000,201100,0,2,1,38,30,1,0,10722,9278,1,0,81,
9255,16/09/2022,79000,124500,2,2,0,75,,1,,20000,,2,,85,
9256,21/08/2024,261000,681300,0,2,1,39,32,1,0,27700,28792,3,0,60,
9257,23/02/2022,134000,199800,1,1,0,45,,1,,20000,,3,,88,
9258,13/07/2024,49000,78800,0,1,0,37,,1,,20000,,2,0,38,14/07/2024
9259,11/10/2023,293000,678600,3,,0,52,,0,,59239,,2,0,190,02/11/2023
9260,29/07/2024,96000,149900,3,2,1,33,44,1,0,12100,7900,2,0,86,
9261,27/01/2022,89000,170600,0,2,0,45,,1,,20000,,2,0,76,
9262,19/11/2023,72000,109600,1,1,1,36,63,1,0,11495,8505,2,1,200,30/12/2023
9263,18/08/2022,278000,434200,0,1,1,32,27,1,1,14486,16722,3,0,79,
9264,04/11/2023,499000,858100,0,1,1,60,53,0,1,29615,51116,2,,58,05/12/2023
9265,28/11/2023,147000,223000,0,2,0,33,,1,,25748,,2,,181,
9266,12/11/2022,88000,139000,0,2,0,49,,1,,20000,,2,0,79,01/12/2022
9267,01/07/2022,143000,204000,0,1,0,54,,0,,23311,,1,2,84,
9268,12/07/2024,200000,594500,0,,0,47,,1,,48551,,2,0,203,
9269,19/06/2022,211000,318300,0,,1,18,50,0,0,22330,6522,2,0,,12/07/2022
9270,11/09/2021,120000,238700,0,2,0,35,,1,,21355,,2,2,194,
9271,24/03/2024,336000,612800,0,1,0,62,,0,,53898,,2,1,73,
9272,09/09/2021,106000,202800,3,2,0,50,,0,,20000,,3,0,0,04/09/2021
9273,24/06/2023,138000,215900,0,2,0,59,,1,,20000,,1,1,,
9274,02/03/2024,254000,418700,,1,0,29,,1,,44988,,2,2,52,18/03/2024
9275,03/09/2021,147000,278700,0,2,0,39,,0,,28681,,3,0,84,
9276,29/10/2022,298000,537200,0,1,0,57,,1,,47227,,3,0,88,27/11/2022
9277,10/10/2021,130000,213600,0,1,0,26,,1,,21250,,1,0,37,
9278,27/06/2022,171000,213800,2,1,0,43,,0,,20000,,1,0,10,
9279,19/10/2022,122000,235000,2,1,0,49,,1,,21834,,2,0,64,28/10/2022
9280,20/01/2024,93000,192400,0,2,0,55,,0,,20000,,2,,50,
9281,03/05/2022,115000,207100,0,2,0,42,,0,,20000,,,0,15,
9282,08/03/2024,82000,124400,2,1,1,55,53,1,0,8324,11676,2,0,73,
9283,12/04/2023,334000,400800,0,1,1,45,30,1,0,33126,15161,2,0,174,
9284,22/01/2023,170000,350500,0,0,0,36,,0,,42091,,2,0,63,
9285,16/11/2021,123000,200300,0,2,0,31,,1,,20000,,2,2,,
9286,02/07/2023,86000,213600,0,2,1,65,35,0,1,9585,13906,1,0,12,05/07/2023
9287,09/08/2024,60000,77900,0,2,0,27,,0,,20000,,2,,81,
9288,13/12/2022,182000,245100,0,2,0,23,,1,,20000,,2,0,73,13/01/2023
9289,29/12/2023,210000,306700,0,2,0,22,,1,,35610,,2,0,167,
9290,26/02/2022,65000,173300,0,2,0,63,,1,,20000,,2,0,72,
9291,22/06/2024,103000,129600,0,0,0,33,,1,,20000,,2,1,44,
9292,24/03/2024,491000,635100,0,2,0,42,,1,,57534,,3,0,77,
9293,30/11/2022,748000,1630400,0,2,0,38,,1,,165066,,3,0,247,
9294,29/12/2023,54000,98900,0,1,0,57,,0,,20000,,,0,172,
9295,10/02/2023,118000,164700,0,2,0,54,,1,,20000,,2,0,,25/03/2023
9296,02/09/2023,52000,73300,0,1,0,54,,0,,20000,,2,0,81,
9297,16/08/2023,251000,415300,0,1,0,18,,0,,34743,,2,0,84,31/08/2023
9298,05/04/2024,431000,616300,0,1,0,39,,1,,54959,,2,0,208,
9299,21/07/2024,106000,201600,0,2,1,31,50,1,0,13549,6451,1,0,14,
9300,29/01/2024,150000,201400,0,1,1,31,43,0,1,16093,3907,1,2,54,
9301,30/04/2024,423000,730500,0,2,0,56,,1,,62087,,3,0,20,
9302,07/09/2021,73000,136800,0,1,0,23,,0,,20000,,2,0,65,01/10/2021
9303,03/04/2023,174000,223600,0,1,0,45,,1,,20000,,2,0,158,01/06/2023
9304,19/10/2021,89000,120700,0,1,0,57,,0,,20000,,2,0,,
9305,21/07/2022,62000,96100,0,1,1,47,51,0,1,10610,9390,2,0,84,01/09/2022
9306,29/04/2024,182000,202600,0,1,0,52,,0,,20000,,0,0,222,
9307,21/06/2023,70000,137500,0,2,0,53,,1,,20000,,2,,196,
9308,15/07/2024,179000,240000,0,1,1,51,36,0,1,7885,12115,3,2,81,
9309,11/08/2022,227000,303900,0,0,0,31,,1,,21614,,3,1,189,06/10/2022
9310,27/07/2022,204000,292100,0,1,1,42,62,1,0,12770,13289,3,2,16,25/08/2022
9311,23/08/2022,158000,302500,,1,0,52,,0,,24789,,3,0,6,
9312,05/06/2024,656000,825100,0,,0,40,,0,,91729,,2,0,39,
9313,17/03/2023,174000,232000,0,1,1,45,65,1,0,11138,10815,2,0,8,
9314,06/04/2024,446000,506500,0,0,1,58,35,1,0,15738,29010,2,1,32,
9315,30/11/2021,156000,278400,1,1,1,58,50,0,1,12538,7462,2,0,12,
9316,13/09/2022,40000,50500,0,0,1,18,43,0,1,5881,14119,2,0,168,
9317,08/06/2023,196000,408200,0,1,0,48,,0,,39894,,2,0,211,30/06/2023
9318,06/09/2021,362000,518000,0,1,1,29,23,1,0,19014,30298,2,0,230,
9319,06/01/2022,514000,908500,1,1,1,26,66,1,0,51002,11586,3,0,54,
9320,10/08/2022,215000,310400,0,0,1,51,46,0,1,11950,16751,2,0,80,
9321,20/11/2021,240000,456600,3,,1,51,52,0,1,12537,18630,3,0,72,24/12/2021
9322,12/03/2022,205000,270000,0,1,0,63,,0,,21034,,2,0,261,
9323,09/11/2021,116000,143800,0,1,0,22,,1,,20000,,2,0,173,
9324,13/10/2022,74000,106500,0,1,1,60,47,0,1,7795,12205,2,,203,19/11/2022
9325,18/01/2023,351000,786700,0,0,0,48,,1,,50705,,2,,254,18/02/2023
9326,04/02/2022,132000,215000,0,0,1,45,34,0,0,6221,16418,1,0,11,09/03/2022
9327,04/08/2023,153000,235800,0,2,0,52,,0,,20000,,2,0,265,05/09/2023
9328,27/12/2021,184000,209900,,1,1,49,41,0,1,9149,10851,1,0,92,
9329,17/08/2022,756000,985400,0,1,1,31,55,0,1,40480,50043,2,0,11,
9330,25/01/2022,213000,313600,0,1,0,51,,0,,21374,,,0,10,
9331,30/01/2023,160000,397000,0,1,0,22,,0,,38528,,3,1,11,
9332,07/08/2024,163000,189800,0,2,1,42,75,0,1,12816,7184,2,0,84,
9333,26/10/2021,100000,204600,0,2,1,51,51,0,1,15251,4749,1,0,79,
9334,31/08/2022,46000,88100,0,1,0,50,,0,,20000,,2,0,75,
9335,13/03/2023,194000,367700,0,,0,52,,1,,35223,,2,1,31,18/03/2023
9336,28/07/2022,149000,236300,0,1,0,43,,0,,20568,,2,0,188,
9337,25/08/2023,354000,504300,0,0,1,33,18,1,0,11293,39471,3,0,191,
9338,13/03/2023,119000,199200,0,1,0,18,,1,,20000,,0,0,78,
9339,26/10/2021,103000,196400,2,1,0,52,,1,,25399,,0,1,61,21/11/2021
9340,03/11/2023,120000,157500,0,1,0,69,,1,,20000,,2,0,164,
9341,11/08/2024,137000,200400,0,1,0,45,,1,,22163,,0,0,76,
9342,25/09/2022,65000,83100,0,,1,58,32,1,1,9181,10819,2,2,5,
9343,05/04/2022,156000,192100,,1,0,36,,0,,20000,,2,0,88,
9344,14/04/2022,151000,319400,0,1,0,50,,1,,24535,,3,0,97,
9345,14/08/2022,150000,170300,0,1,1,66,75,0,1,9859,10141,2,1,190,18/10/2022
9346,10/09/2023,406000,658600,0,2,1,29,43,0,1,28026,21168,3,0,5,26/09/2023
9347,24/05/2023,101000,178000,0,1,0,75,,0,,20000,,2,0,210,
9348,16/10/2021,319000,389700,0,1,0,46,,0,,34067,,2,0,34,
9349,28/07/2024,70000,102900,0,1,0,43,,0,,20000,,2,2,74,
9350,23/03/2022,231000,346500,0,1,0,40,,0,,24592,,2,0,10,
9351,05/06/2022,149000,265600,0,,0,43,,1,,23670,,2,1,224,
9352,22/01/2022,143000,195300,,1,0,56,,0,,20000,,2,0,83,
9353,22/08/2022,138000,222300,0,2,0,46,,0,,20000,,2,1,13,
9354,09/09/2022,242000,280900,0,1,0,33,,0,,21660,,2,0,81,
9355,22/02/2024,115000,205300,0,2,0,67,,1,,20000,,1,2,260,
9356,23/07/2024,119000,193500,0,1,0,20,,1,,20000,,,1,58,29/08/2024
9357,08/12/2022,333000,546800,0,1,0,53,,0,,47155,,2,0,195,08/01/2023
9358,23/01/2023,162000,215500,1,2,0,29,,1,,20000,,1,0,243,
9359,17/12/2022,199000,236200,2,1,1,52,29,0,1,8384,13095,2,0,69,07/02/2023
9360,18/07/2023,210000,293200,0,1,1,44,35,0,0,19883,17210,2,0,8,02/08/2023
9361,10/09/2022,143000,208700,1,1,0,57,,0,,20000,,1,0,85,30/09/2022
9362,26/03/2022,141000,270300,0,1,0,50,,0,,29145,,3,0,234,28/04/2022
9363,22/05/2023,114000,169700,0,1,0,39,,0,,20000,,,0,63,
9364,24/12/2023,131000,248400,0,2,1,41,35,1,0,9906,15361,3,0,46,
9365,27/04/2023,208000,391700,0,1,0,34,,0,,32654,,2,0,8,13/05/2023
9366,16/02/2023,93000,204300,0,1,0,43,,0,,20000,,0,0,45,
9367,30/08/2024,100000,209000,0,1,0,75,,0,,24746,,1,0,45,
9368,09/08/2023,211000,328900,0,1,1,68,70,1,0,13583,25586,3,0,79,
9369,16/06/2022,107000,196000,3,0,0,57,,0,,20000,,0,0,58,
9370,06/11/2022,306000,387500,0,0,0,26,,1,,28958,,2,2,197,10/01/2023
9371,14/06/2022,156000,254800,0,1,1,47,70,0,1,14829,7307,3,0,83,
9372,07/06/2022,194000,224600,0,,1,38,33,0,1,13191,6809,2,,55,
9373,04/07/2023,190000,240700,2,1,1,38,65,1,0,13358,7488,2,2,92,05/08/2023
9374,03/04/2022,138000,219500,0,,1,75,58,1,0,11637,8747,2,0,90,
9375,11/03/2023,96000,180800,0,1,0,51,,0,,20000,,2,0,74,
9376,01/09/2024,161000,238100,,1,1,23,47,0,1,9749,10733,2,0,196,
9377,14/05/2022,72000,126000,0,1,0,64,,1,,20000,,2,0,54,
9378,15/03/2024,47000,154100,0,2,0,51,,0,,20000,,,2,7,
9379,26/04/2023,96000,207700,0,2,0,58,,0,,20000,,1,0,2,02/05/2023
9380,30/01/2023,227000,443700,0,2,1,32,61,0,1,14351,23691,3,1,4,
9381,10/08/2022,133000,196800,0,0,0,33,,0,,20000,,1,1,13,
9382,14/03/2022,162000,246400,0,1,0,50,,0,,20000,,2,0,60,22/04/2022
9383,07/09/2022,164000,301500,0,1,0,63,,0,,23564,,3,0,262,29/09/2022
9384,05/08/2024,168000,215500,3,1,0,46,,1,,27266,,2,0,9,
9385,18/08/2024,144000,208600,0,2,1,51,34,0,1,15512,10484,1,0,76,
9386,23/04/2022,215000,361300,0,1,1,35,42,1,0,18832,10378,2,0,42,
9387,18/03/2024,143000,201800,0,2,0,36,,0,,22049,,2,1,32,
9388,10/08/2024,315000,437100,0,1,0,28,,0,,35158,,2,0,179,
9389,01/09/2023,117000,195300,0,,1,30,57,1,0,10749,9251,0,1,77,
9390,09/12/2023,65000,214700,3,0,0,53,,0,,20000,,3,2,72,19/12/2023
9391,10/06/2022,63000,126000,0,1,0,48,,0,,20000,,2,,197,
9392,29/07/2023,154000,224700,1,1,1,47,50,1,0,12423,7577,2,0,74,
9393,14/11/2023,69000,156300,0,1,0,44,,1,,20000,,3,0,182,
9394,09/08/2023,219000,306000,0,1,1,44,55,0,1,18753,14622,3,0,,11/09/2023
9395,07/06/2024,144000,209900,2,0,0,46,,0,,20000,,1,0,89,
9396,19/10/2021,161000,283500,0,1,0,41,,0,,27614,,2,0,77,
9397,10/02/2022,1059000,1592400,,0,1,52,46,1,0,72219,79406,3,0,14,
9398,02/05/2022,280000,416000,0,,0,72,,1,,38231,,3,0,184,
9399,05/09/2023,124000,192400,0,1,0,58,,0,,20000,,0,1,,
9400,03/04/2023,99000,204000,0,2,0,28,,1,,20000,,,2,199,
9401,07/09/2023,219000,297900,0,1,0,70,,1,,26417,,2,0,242,
9402,19/08/2024,72000,96700,1,1,0,60,,1,,20000,,2,1,84,
9403,26/08/2024,129000,191400,0,0,1,59,56,1,0,11254,8746,0,,165,
9404,10/10/2023,83000,118000,0,2,1,71,48,0,1,8730,11270,2,0,15,
9405,25/05/2024,119000,180800,2,1,0,59,,0,,20000,,2,0,177,
9406,25/04/2024,139000,167000,0,1,1,38,56,1,0,5143,14857,2,1,34,
9407,24/08/2023,104000,170200,0,1,1,18,36,1,0,9246,10754,2,1,181,
9408,12/08/2024,90000,186800,0,,0,34,,1,,20000,,2,0,219,
9409,22/03/2022,111000,193900,3,1,1,45,35,1,0,2848,17152,2,0,73,
9410,02/07/2023,99000,131300,0,1,0,75,,1,,20000,,2,0,40,
9411,16/10/2023,271000,363400,0,2,1,44,53,0,1,15915,12500,2,2,9,
9412,14/01/2022,154000,215600,0,2,1,43,63,0,1,14978,5899,1,2,57,
9413,01/07/2022,226000,337500,0,1,1,47,59,0,1,15176,16674,2,0,55,
9414,05/03/2024,62000,103200,0,1,0,28,,0,,20000,,3,0,76,
9415,11/12/2021,73000,126700,0,1,0,40,,0,,20000,,2,0,88,
9416,31/08/2024,93000,174000,0,1,0,42,,1,,20000,,2,1,235,
9417,19/08/2023,514000,801700,0,1,0,36,,0,,89722,,3,,83,
9418,19/09/2023,122000,180800,0,1,1,59,48,0,1,16930,8722,2,1,90,
9419,10/03/2024,569000,816600,0,1,0,22,,0,,125896,,3,0,188,
9420,08/04/2022,21000,50900,0,0,1,64,61,0,1,5843,14157,2,0,169,
9421,02/09/2023,171000,211200,0,,0,53,,1,,21002,,1,0,52,
9422,07/01/2024,151000,214200,0,2,0,18,,1,,20000,,1,0,73,30/01/2024
9423,14/04/2023,174000,205000,0,2,0,32,,1,,26436,,1,0,15,
9424,26/01/2024,21000,48400,0,2,1,75,53,1,0,18711,1289,2,2,79,
9425,03/12/2023,83000,119600,0,2,0,55,,0,,20000,,2,0,65,
9426,17/05/2023,365000,474500,1,2,0,45,,0,,37131,,3,0,19,
9427,31/08/2022,276000,356900,1,2,0,31,,0,,38445,,2,2,47,
9428,26/05/2023,208000,288000,0,1,0,47,,0,,24558,,2,0,2,31/05/2023
9429,17/08/2023,725000,1012200,,1,0,75,,0,,133773,,2,0,12,03/09/2023
9430,18/02/2023,113000,155000,0,1,1,51,28,1,0,11965,8035,3,0,60,
9431,03/09/2021,99000,185700,0,1,1,18,29,1,0,10682,9318,2,0,159,
9432,05/09/2022,275000,473600,0,2,1,75,46,0,1,22663,19114,3,1,39,
9433,10/04/2024,77000,201300,0,1,1,45,25,0,1,15968,5279,1,0,198,
9434,08/08/2022,35000,70100,0,1,1,37,34,0,1,12758,7242,2,0,,22/08/2022
9435,05/03/2024,101000,202000,,2,1,47,33,0,1,13753,6247,1,0,13,
9436,23/02/2024,132000,206900,0,1,1,43,38,1,0,13704,6296,1,2,1,23/03/2024
9437,17/01/2023,131000,230500,1,,1,44,50,1,0,12400,8649,2,0,3,
9438,20/03/2024,71000,201300,0,1,0,36,,1,,20000,,0,0,81,
9439,05/10/2021,100000,184200,0,1,0,42,,0,,22316,,2,0,175,03/11/2021
9440,24/10/2023,115000,243000,0,0,0,51,,1,,20000,,3,1,229,
9441,20/08/2022,96000,175800,0,1,0,58,,1,,20000,,2,0,82,09/09/2022
9442,05/06/2023,80000,124200,0,0,0,50,,0,,20000,,2,0,53,
9443,09/03/2022,161000,356000,3,0,1,39,51,1,0,14503,19973,2,0,12,
9444,05/09/2023,18000,84200,0,2,0,40,,1,,20000,,2,0,54,07/09/2023
9445,02/04/2024,141000,211400,2,1,1,46,56,1,0,10507,9493,1,0,63,25/04/2024
9446,24/12/2021,138000,276400,0,1,0,51,,0,,23332,,3,0,67,
9447,05/08/2023,94000,141800,0,1,0,24,,0,,20000,,3,1,65,
9448,04/09/2022,243000,326600,0,1,1,25,34,0,1,10310,16416,2,0,218,20/10/2022
9449,05/12/2023,238000,374600,0,2,1,50,47,1,0,9415,19231,3,0,214,
9450,19/10/2022,490000,635500,2,0,1,75,47,1,0,18315,34428,3,0,56,
9451,25/01/2022,77000,97100,2,1,0,23,,0,,20000,,2,0,15,
9452,22/05/2022,64000,113000,0,1,0,43,,1,,20000,,2,0,80,
9453,17/08/2022,181000,360700,0,1,0,22,,1,,29169,,2,0,207,28/08/2022
9454,24/06/2024,466000,809300,0,1,0,63,,1,,84233,,,0,82,
9455,18/08/2023,520000,622800,0,2,1,40,51,0,1,28655,24786,3,0,9,
9456,13/08/2023,106000,215700,1,2,1,50,75,0,1,17178,4566,3,0,187,18/09/2023
9457,03/04/2022,181000,261300,0,2,0,39,,0,,28762,,2,,149,30/05/2022
9458,27/07/2024,62000,94800,0,1,1,36,48,0,1,8394,11606,2,0,77,
9459,03/08/2022,72000,183900,0,2,0,55,,0,,20000,,3,2,16,28/08/2022
9460,16/04/2023,224000,265100,0,1,0,51,,1,,20000,,,0,185,20/06/2023
9461,26/03/2023,280000,481300,0,1,0,37,,1,,40665,,3,0,51,
9462,06/04/2024,208000,295600,0,1,1,45,32,0,1,11424,15253,3,2,49,
9463,11/01/2022,104000,141000,0,2,1,18,22,1,0,5277,14723,2,1,,
9464,14/07/2022,142000,196200,2,1,0,38,,0,,20000,,2,2,56,26/08/2022
9465,26/08/2022,145000,283100,0,2,1,66,18,0,0,11443,8557,3,1,62,
9466,16/04/2024,211000,403800,0,1,0,51,,0,,43403,,3,0,67,
9467,10/07/2022,194000,396400,0,1,0,48,,1,,38693,,2,,,
9468,14/12/2021,381000,757200,1,0,0,35,,0,,67079,,2,0,,
9469,15/08/2023,116000,245100,3,2,0,27,,0,,20000,,2,0,9,
9470,08/08/2022,123000,202100,0,1,0,49,,0,,20000,,2,2,9,22/08/2022
9471,12/08/2024,327000,360400,0,,0,47,,1,,34535,,3,0,69,
9472,06/05/2024,249000,382300,0,2,1,42,22,1,0,11085,27182,2,,47,
9473,16/02/2023,127000,176000,0,1,0,34,,0,,20000,,3,0,7,22/03/2023
9474,03/10/2022,94000,165700,0,,0,18,,1,,20000,,3,0,36,20/10/2022
9475,21/03/2024,319000,468900,0,2,0,47,,0,,34554,,3,0,13,
9476,30/03/2022,455000,822800,0,0,0,34,,1,,70981,,3,2,70,
9477,06/09/2021,100000,130200,0,1,0,18,,1,,20000,,2,0,158,09/10/2021
9478,29/08/2022,123000,193200,0,2,0,27,,1,,20000,,2,0,83,
9479,01/06/2024,94000,199500,,0,1,49,67,1,0,9148,10852,0,0,91,24/06/2024
9480,04/08/2024,96000,209600,0,2,0,73,,1,,20000,,1,,92,
9481,04/04/2024,231000,289000,0,1,0,75,,1,,23495,,,0,87,
9482,30/08/2023,57000,102100,3,1,0,50,,0,,20000,,2,0,72,04/10/2023
9483,28/08/2022,172000,332800,0,2,1,27,65,0,1,13741,6259,3,0,187,26/09/2022
9484,11/07/2024,128000,312100,0,2,1,33,32,0,1,21901,18413,3,0,184,
9485,19/04/2023,235000,323800,0,1,1,55,35,0,1,5761,18862,3,1,7,27/05/2023
9486,04/03/2023,85000,112400,0,1,0,18,,1,,20000,,2,0,87,07/04/2023
9487,07/02/2023,211000,222500,0,1,1,27,41,0,1,7662,17857,3,1,83,
9488,22/06/2022,374000,528700,0,1,0,36,,0,,83456,,3,0,84,
9489,18/03/2023,141000,170300,2,1,0,63,,1,,20000,,2,1,37,
9490,23/04/2022,131000,201000,,1,0,51,,1,,20000,,2,0,58,20/05/2022
9491,08/09/2022,99000,120200,0,,1,49,54,1,0,13390,6610,2,0,1,
9492,05/09/2023,133000,203700,0,0,1,31,39,1,1,16253,4408,2,0,37,
9493,06/03/2024,104000,122700,,1,1,56,51,1,0,9562,10438,2,0,90,15/04/2024
9494,04/11/2022,134000,205000,2,2,1,18,23,0,0,11881,8119,2,2,20,
9495,19/05/2024,538000,722300,0,,0,47,,1,,54827,,3,2,58,09/06/2024
9496,23/07/2024,67000,89000,0,1,0,72,,0,,20000,,2,0,66,
9497,21/07/2023,89000,142100,0,1,0,54,,0,,20000,,2,1,56,
9498,26/02/2023,196000,226500,0,1,0,51,,0,,20945,,2,2,79,29/03/2023
9499,08/08/2024,74000,95500,0,0,1,52,38,1,0,11216,8784,2,0,87,
9500,07/09/2022,461000,630400,0,1,0,70,,1,,44957,,3,0,9,
9501,02/04/2024,95000,185100,0,1,0,52,,1,,20000,,2,0,51,10/04/2024
9502,08/08/2024,142000,354800,0,2,0,60,,0,,37584,,2,0,18,16/08/2024
9503,23/02/2024,88000,120700,0,2,1,42,46,1,0,11486,8514,2,0,53,
9504,16/12/2023,131000,164200,0,0,1,41,63,0,1,15077,5781,2,1,90,
9505,22/07/2023,414000,491200,0,1,0,33,,0,,37553,,3,1,72,26/08/2023
9506,20/08/2022,109000,180900,0,1,1,47,36,1,0,9668,10332,2,1,190,
9507,10/01/2023,409000,521900,0,1,0,35,,0,,44772,,2,0,69,
9508,05/06/2022,59000,123700,0,1,0,74,,0,,20000,,2,1,59,20/06/2022
9509,25/05/2024,179000,227600,0,1,1,26,58,1,0,6096,13904,2,0,86,09/07/2024
9510,10/08/2022,279000,375500,2,2,1,40,44,1,0,23332,17218,2,0,66,
9511,21/03/2024,109000,207500,0,1,0,57,,1,,20000,,1,1,9,31/03/2024
9512,24/09/2021,430000,594200,2,1,1,41,42,1,0,22677,29426,2,1,20,31/10/2021
9513,19/02/2024,418000,610300,0,1,1,47,51,0,1,25797,26885,2,0,12,
9514,23/03/2023,213000,392100,0,1,0,47,,0,,39933,,2,0,37,
9515,27/11/2021,43000,109700,0,2,0,75,,1,,20000,,2,0,0,
9516,21/10/2022,87000,205500,0,1,1,18,67,0,1,10127,9873,1,1,86,06/11/2022
9517,12/02/2024,91000,128100,0,1,0,49,,0,,20000,,2,0,12,
9518,08/09/2023,513000,804500,0,1,0,39,,0,,50428,,2,0,226,
9519,17/03/2023,124000,201500,0,1,0,56,,1,,20000,,0,1,192,
9520,23/08/2022,102000,164100,0,2,0,51,,0,,20000,,2,2,53,
9521,30/08/2024,112000,144400,0,1,1,23,60,0,0,12830,7170,3,0,175,
9522,26/08/2024,97000,142900,0,1,0,28,,0,,20000,,2,0,15,
9523,26/10/2022,352000,415000,1,1,0,60,,0,,40535,,3,0,171,14/12/2022
9524,15/01/2023,159000,210500,0,2,1,60,32,0,1,8499,11501,1,0,,19/02/2023
9525,06/05/2022,240000,362900,0,2,0,65,,0,,36019,,2,1,260,
9526,08/04/2022,179000,319900,0,1,0,56,,0,,39152,,2,0,275,
9527,30/08/2022,170000,308300,0,1,0,33,,1,,25194,,2,0,51,
9528,28/08/2024,580000,999900,0,2,0,52,,0,,97211,,3,0,36,
9529,15/01/2023,205000,350900,0,1,1,62,37,0,1,14158,13259,2,0,9,
9530,24/06/2023,124000,249900,0,0,0,40,,0,,24564,,2,2,13,13/07/2023
9531,31/08/2024,76000,180500,1,2,0,36,,1,,20000,,2,0,17,
9532,09/01/2023,128000,159700,0,0,0,53,,1,,21536,,2,0,75,
9533,11/08/2022,37000,47800,2,1,0,41,,1,,20000,,2,1,19,30/08/2022
9534,08/02/2023,223000,358700,3,1,0,39,,0,,26997,,3,0,79,
9535,14/12/2023,99000,171100,0,1,0,39,,0,,20000,,2,0,87,
9536,11/08/2024,31000,64200,0,2,1,24,71,0,1,14392,5608,,1,58,
9537,16/07/2022,179000,415300,0,1,1,40,37,1,0,18563,21364,3,0,54,
9538,06/08/2022,202000,271100,0,2,0,46,,1,,22063,,2,0,216,
9539,23/03/2023,15000,20100,0,1,0,19,,0,,20000,,2,0,83,23/04/2023
9540,10/10/2022,232000,297800,0,1,1,59,39,0,1,13838,10538,2,0,18,02/11/2022
9541,23/02/2023,102000,208300,0,0,0,34,,0,,20067,,1,0,76,
9542,13/08/2022,197000,315900,0,1,0,21,,1,,29416,,2,0,93,
9543,11/07/2022,255000,335500,2,0,1,73,58,0,1,13649,13766,2,0,,15/08/2022
9544,05/05/2023,63000,108200,,1,1,60,55,0,0,14314,5686,2,0,74,20/05/2023
9545,22/02/2024,14000,39800,0,1,0,47,,1,,20000,,2,2,60,08/03/2024
9546,26/08/2024,336000,600100,0,2,1,20,32,1,1,27753,28960,2,2,182,
9547,20/08/2022,130000,188200,0,2,0,43,,1,,20563,,0,0,193,
9548,22/02/2023,256000,415100,0,1,0,51,,1,,32803,,2,0,218,08/04/2023
9549,24/03/2023,49000,125500,0,0,1,75,75,0,1,10157,9843,3,0,50,
9550,10/10/2023,147000,247000,0,0,1,55,45,1,0,9676,14246,2,0,81,
9551,03/12/2022,186000,350100,3,1,0,75,,0,,23680,,2,0,68,22/12/2022
9552,16/08/2024,101000,238300,0,2,0,41,,1,,20000,,2,0,211,
9553,22/03/2022,90000,182500,0,1,0,65,,1,,20000,,2,0,54,
9554,24/03/2022,42000,82600,0,1,0,18,,0,,20000,,2,0,53,
9555,23/06/2024,40000,91800,0,1,1,59,42,0,1,6532,13468,2,0,208,21/07/2024
9556,28/02/2024,38000,89900,0,1,1,34,39,1,0,8846,11154,2,0,85,03/03/2024
9557,24/08/2022,156000,497700,,0,1,42,22,0,1,26894,15572,2,0,11,
9558,09/11/2021,137000,263000,0,2,1,73,63,1,0,11120,18384,2,0,74,
9559,18/02/2024,209000,303600,0,1,1,25,75,0,0,15075,13471,3,0,14,
9560,22/02/2023,119000,270100,,2,1,41,23,1,0,11066,15638,2,0,11,15/03/2023
9561,28/02/2022,164000,208700,0,2,0,25,,1,,20000,,3,0,86,22/03/2022
9562,30/08/2022,153000,204100,0,1,0,50,,1,,20000,,1,0,57,
9563,13/08/2023,493000,753200,3,2,0,32,,1,,82259,,2,1,78,07/09/2023
9564,04/06/2022,450000,1093700,0,1,0,51,,0,,82888,,3,0,78,
9565,21/08/2022,96000,162500,0,2,1,39,75,1,0,8746,11254,2,0,10,
9566,04/09/2022,132000,315900,0,1,1,62,18,0,1,16045,15639,2,0,90,05/09/2022
9567,18/08/2022,288000,413100,0,1,1,59,53,1,0,21548,14958,3,,214,
9568,14/07/2022,187000,293900,0,2,1,75,50,1,0,16576,13550,2,1,75,
9569,26/03/2024,132000,318700,2,1,0,64,,1,,28853,,2,2,,
9570,10/03/2023,43000,70400,0,1,1,18,59,0,1,5683,14317,2,0,225,
9571,06/11/2021,222000,364000,0,2,0,40,,0,,29527,,2,1,207,
9572,31/07/2024,132000,248600,0,1,0,33,,1,,20000,,2,2,82,
9573,07/04/2022,134000,261100,0,2,0,44,,1,,20000,,2,0,37,20/04/2022
9574,16/04/2022,293000,357400,0,1,1,65,35,0,0,12252,15474,2,,10,
9575,20/03/2023,195000,375300,0,2,0,57,,0,,29818,,2,1,14,
9576,16/08/2022,411000,571700,0,1,1,45,45,0,1,42714,14398,2,1,40,
9577,10/08/2023,90000,134300,0,2,0,52,,1,,20000,,2,0,250,14/09/2023
9578,15/01/2023,73000,153200,0,1,0,62,,1,,20000,,3,0,79,
9579,30/05/2022,107000,205300,0,1,0,60,,0,,29669,,1,0,171,
9580,03/03/2023,91000,116900,0,1,0,58,,1,,20000,,2,,75,
9581,11/08/2024,76000,89000,0,1,0,68,,0,,20000,,3,0,185,
9582,16/12/2021,61000,81800,0,0,0,48,,0,,20000,,2,0,169,
9583,04/06/2024,280000,411200,0,2,1,18,54,1,0,24262,20058,3,1,83,23/06/2024
9584,07/08/2023,180000,298900,0,1,0,25,,1,,28819,,3,1,243,05/09/2023
9585,25/08/2023,211000,417500,0,1,0,39,,1,,38702,,2,0,59,30/09/2023
9586,08/08/2023,174000,209300,,1,0,58,,0,,21390,,1,0,87,
9587,15/08/2022,68000,254700,0,2,0,33,,1,,23399,,2,0,8,27/08/2022
9588,12/08/2023,146000,196200,0,,0,47,,0,,20000,,2,0,,
9589,20/08/2024,100000,143500,0,0,0,37,,0,,20000,,2,0,89,
9590,26/08/2022,140000,207400,0,2,0,18,,1,,20000,,1,1,15,
9591,25/08/2022,279000,484600,0,1,0,28,,0,,32726,,2,0,16,
9592,23/01/2024,98000,134900,0,,0,47,,0,,20000,,2,2,176,
9593,07/04/2022,150000,231100,0,1,0,44,,1,,20000,,2,0,,25/04/2022
9594,10/08/2022,60000,176000,0,2,1,51,25,1,0,7643,12357,3,0,78,
9595,16/04/2024,47000,86900,0,1,0,31,,0,,20000,,2,1,48,
9596,03/10/2021,205000,290000,0,1,0,75,,0,,28815,,2,0,230,
9597,18/05/2023,78000,190800,0,1,1,55,40,0,1,15061,4939,0,0,0,
9598,16/09/2021,122000,282700,,1,1,42,41,0,1,13217,24295,2,1,154,
9599,28/09/2023,116000,209300,0,1,0,29,,0,,20000,,1,0,75,
9600,03/09/2021,118000,206400,0,1,0,37,,1,,20000,,1,0,6,
9601,01/03/2024,157000,288600,0,1,0,38,,1,,24354,,3,,54,
9602,22/07/2022,225000,344600,0,2,0,48,,0,,28291,,2,0,,05/09/2022
9603,19/09/2022,313000,411600,,0,0,43,,1,,48006,,2,2,4,
9604,24/09/2021,186000,239300,0,2,1,52,34,1,0,12740,9317,,2,177,11/11/2021
9605,04/11/2023,257000,420800,2,1,0,26,,0,,47415,,2,1,8,
9606,10/09/2023,86000,197400,0,0,1,45,46,0,1,10608,9392,0,0,50,
9607,30/03/2022,93000,125700,0,1,1,68,33,1,0,15885,4115,2,0,55,
9608,03/08/2024,87000,204800,,0,1,46,60,0,1,13001,6999,2,1,226,27/08/2024
9609,17/08/2024,146000,210500,0,2,1,21,65,1,1,9162,10838,,0,0,
9610,17/08/2022,118000,218400,0,1,0,55,,1,,27442,,2,0,4,
9611,06/12/2022,83000,154900,0,1,0,71,,1,,20000,,,0,76,
9612,03/07/2022,74000,186800,0,1,0,18,,1,,20000,,2,2,,
9613,12/08/2024,324000,614500,0,1,1,26,42,1,0,23863,53421,3,1,89,
9614,14/05/2024,99000,211000,0,1,0,39,,0,,20000,,1,1,4,
9615,27/09/2021,160000,192300,0,,0,72,,1,,20000,,2,0,,
9616,18/08/2024,278000,392500,1,1,0,42,,0,,29251,,2,0,191,
9617,24/10/2022,577000,766000,0,0,1,35,69,1,0,37472,50838,2,2,212,28/11/2022
9618,04/06/2024,99000,179400,2,2,1,75,38,1,0,9124,10876,2,0,156,27/06/2024
9619,03/10/2021,1069000,1689500,,2,1,58,25,0,1,95244,58978,2,0,87,
9620,18/08/2024,143000,214900,0,2,1,42,32,0,1,14849,10995,1,0,77,
9621,16/08/2022,76000,163400,0,1,0,53,,0,,20000,,3,2,52,08/09/2022
9622,06/09/2022,126000,253100,0,1,1,30,41,0,1,15197,13084,2,0,36,15/09/2022
9623,16/12/2022,244000,310300,0,2,0,31,,0,,26836,,3,0,85,
9624,05/09/2023,238000,324100,0,2,1,63,30,0,0,22732,1245,2,0,52,
9625,23/08/2024,521000,683200,2,0,0,44,,1,,56408,,3,1,4,
9626,21/09/2022,189000,218400,0,2,0,67,,0,,20000,,2,1,,13/10/2022
9627,03/05/2023,252000,458000,0,1,0,43,,0,,34701,,2,0,193,
9628,26/07/2022,84000,123000,0,2,0,34,,1,,20000,,2,,3,07/08/2022
9629,18/08/2022,89000,196700,0,2,1,51,36,1,0,16508,3492,3,2,82,31/08/2022
9630,12/01/2023,219000,564300,0,1,1,40,56,1,1,27175,29602,3,0,86,
9631,13/06/2022,82000,192900,,0,1,45,39,0,0,5619,14381,2,0,,15/07/2022
9632,30/04/2022,110000,139400,,1,0,27,,0,,20000,,,,42,
9633,11/05/2022,161000,214800,0,2,0,49,,0,,21784,,2,1,264,
9634,07/06/2023,106000,195500,0,1,1,36,63,1,0,4819,15181,0,0,221,
9635,22/05/2024,51000,109700,0,1,1,54,39,1,0,5720,14280,2,1,81,
9636,29/08/2023,124000,159700,0,2,0,75,,0,,20000,,2,0,55,
9637,07/03/2023,83000,125900,0,1,0,49,,1,,20000,,2,0,205,27/04/2023
9638,24/09/2023,168000,289300,2,1,1,20,47,0,1,12190,12620,2,1,149,
9639,18/08/2022,445000,778900,3,0,0,73,,0,,62909,,,0,11,22/09/2022
9640,30/03/2024,477000,645500,0,,0,39,,1,,58777,,3,0,,
9641,23/01/2023,158000,207800,0,2,0,18,,0,,20000,,1,0,35,
9642,13/08/2023,284000,404200,0,1,1,54,75,1,0,21997,12404,2,2,20,
9643,14/01/2023,178000,252500,0,0,1,52,26,0,1,6615,13385,,0,88,
9644,05/10/2022,187000,269300,0,1,1,36,47,1,0,6325,16030,2,0,49,
9645,11/08/2022,136000,191200,0,2,0,61,,1,,20000,,0,0,74,
9646,25/02/2023,296000,385200,0,0,0,63,,0,,38046,,3,0,37,
9647,09/11/2023,57000,105500,0,2,1,44,57,1,0,11275,8725,3,0,224,
9648,03/04/2022,44000,102200,0,1,1,33,66,1,0,6704,13296,2,0,62,
9649,27/08/2024,72000,99700,0,1,0,33,,0,,20000,,,1,14,
9650,22/11/2023,176000,437400,0,1,0,40,,1,,29918,,2,0,91,
9651,11/08/2022,51000,124200,3,,1,39,36,0,1,6892,13108,2,1,78,
9652,28/09/2023,123000,264500,0,1,1,45,49,1,0,13324,8755,2,2,83,
9653,22/04/2024,1080000,1256300,0,,1,69,26,0,0,81635,39380,3,0,3,25/05/2024
9654,11/03/2023,467000,537200,0,2,1,48,40,0,1,32374,14483,2,1,258,
9655,03/12/2021,278000,648500,0,2,1,46,18,0,1,28905,33515,3,2,87,
9656,27/07/2022,238000,354500,0,1,0,62,,1,,30892,,2,0,32,18/08/2022
9657,19/08/2023,263000,342000,0,2,0,21,,1,,32640,,3,0,,
9658,09/09/2022,188000,257700,0,1,1,34,75,1,0,13474,10093,2,0,44,
9659,26/08/2024,61000,193800,0,2,0,36,,0,,20000,,,0,17,
9660,28/02/2022,486000,832300,0,2,1,35,70,0,1,19768,42769,2,1,85,21/03/2022
9661,28/02/2022,64000,106500,0,2,1,56,48,0,1,10165,9835,2,0,246,16/03/2022
9662,17/02/2024,56000,80100,0,1,1,49,29,1,0,7952,12048,,1,205,20/03/2024
9663,14/05/2023,39000,61600,0,0,1,48,33,0,1,11027,8973,2,0,13,
9664,22/03/2023,165000,226900,0,1,1,42,53,1,1,12606,20554,2,2,210,
9665,02/04/2023,133000,202000,0,1,1,54,44,1,1,15377,20331,2,0,46,16/04/2023
9666,19/10/2021,466000,652300,0,2,0,33,,0,,66966,,2,2,54,09/11/2021
9667,11/03/2024,247000,341400,0,1,0,61,,1,,35362,,2,0,54,
9668,29/05/2022,246000,352100,0,1,0,21,,1,,30446,,2,0,216,15/06/2022
9669,09/11/2021,95000,210200,1,2,1,54,42,1,0,10825,9175,1,1,9,
9670,27/08/2023,30000,51900,3,2,0,40,,0,,20000,,2,0,58,
9671,04/06/2023,320000,463300,0,1,0,58,,1,,47523,,2,1,70,19/06/2023
9672,24/12/2021,187000,316200,0,0,0,41,,0,,30312,,2,1,191,
9673,20/05/2024,91000,113400,2,2,0,70,,0,,20000,,2,0,53,27/06/2024
9674,12/09/2023,161000,213700,0,0,1,53,68,0,1,8309,11691,2,1,59,
9675,11/06/2023,182000,284700,0,1,1,60,32,1,0,13588,12838,3,0,25,
9676,01/06/2024,172000,236000,0,1,0,64,,0,,20000,,2,0,,
9677,04/09/2023,70000,235400,1,0,0,58,,1,,24464,,2,,76,
9678,14/05/2024,189000,358300,0,0,0,63,,0,,37950,,2,0,50,11/05/2024
9679,12/03/2022,213000,469200,0,1,1,19,25,0,1,28684,19049,3,0,192,10/04/2022
9680,28/04/2022,305000,439500,0,,1,45,35,0,1,12362,24896,2,1,15,
9681,04/06/2022,391000,738200,3,2,0,54,,1,,115754,,2,0,54,
9682,17/11/2023,88000,289400,1,2,0,30,,0,,25855,,2,,84,
9683,17/08/2024,109000,164600,,1,1,57,73,1,0,12855,7145,2,0,89,
9684,03/12/2023,37000,60300,0,2,0,67,,0,,20000,,2,0,57,
9685,11/08/2024,115000,203600,0,2,0,36,,0,,20000,,0,0,185,
9686,29/07/2023,132000,234600,0,0,1,40,48,0,1,9294,10706,2,0,49,
9687,23/07/2024,328000,396500,,,0,54,,1,,37047,,2,,84,
9688,16/10/2022,213000,500300,0,1,0,30,,0,,48660,,3,0,210,
9689,12/02/2022,382000,503300,0,2,0,53,,1,,38938,,2,0,89,
9690,31/01/2023,119000,209700,0,0,1,54,18,1,0,14225,5775,1,1,6,23/02/2023
9691,13/06/2022,75000,118600,2,1,0,20,,0,,20000,,2,1,51,02/07/2022
9692,29/06/2024,147000,232600,0,2,1,32,49,0,1,10323,11739,3,0,80,
9693,12/04/2023,240000,292300,2,1,1,68,35,1,0,16833,3167,2,,39,
9694,19/08/2022,32000,48500,0,2,1,67,55,1,0,13161,6839,2,1,95,
9695,10/10/2023,164000,248000,0,1,0,34,,0,,21105,,2,2,88,
9696,31/07/2022,130000,212000,0,0,0,18,,1,,20000,,2,0,13,
9697,22/12/2021,534000,671300,0,1,0,18,,0,,70967,,2,0,53,
9698,04/11/2021,73000,120600,0,1,0,38,,0,,20000,,3,1,9,
9699,11/01/2022,189000,226300,0,1,1,24,38,0,1,7092,15529,3,0,241,
9700,04/01/2022,245000,501300,,1,0,33,,1,,41601,,3,0,0,
9701,28/08/2022,185000,364200,0,1,1,36,56,1,0,14611,17834,2,0,8,
9702,30/05/2023,216000,311200,0,1,0,59,,1,,27466,,2,0,72,10/06/2023
9703,25/03/2024,176000,220000,0,1,0,43,,0,,24591,,2,0,48,
9704,09/03/2024,55000,92700,0,1,0,61,,0,,20000,,2,0,55,
9705,10/04/2024,107000,169100,0,1,0,32,,0,,20000,,2,1,91,
9706,19/10/2021,165000,205100,0,2,0,52,,1,,20000,,0,0,,
9707,12/04/2023,123000,207500,0,0,0,64,,1,,20000,,1,0,83,
9708,08/09/2023,148000,255600,0,2,0,59,,1,,25301,,,0,179,
9709,01/01/2022,457000,659600,1,2,0,31,,1,,67608,,2,0,,04/02/2022
9710,03/11/2021,114000,201900,1,1,1,53,57,1,0,12882,7118,1,0,168,
9711,20/08/2024,86000,132800,0,,1,54,30,0,1,10345,9655,2,0,87,
9712,07/01/2022,132000,168900,0,2,1,39,50,1,0,9549,10451,2,1,18,
9713,02/07/2022,95000,154500,0,1,1,38,55,0,1,5893,14107,2,,84,
9714,13/02/2022,115000,203400,0,1,0,53,,0,,20000,,1,0,45,
9715,03/04/2024,126000,359400,1,1,0,58,,0,,57593,,2,0,13,
9716,02/04/2022,421000,846500,0,1,0,45,,0,,81285,,3,0,228,
9717,06/09/2021,178000,286300,2,2,0,33,,1,,20521,,3,0,53,
9718,23/07/2023,178000,291800,0,1,0,62,,0,,36100,,3,0,11,09/08/2023
9719,03/06/2022,104000,208700,0,1,0,53,,0,,21556,,1,1,81,
9720,03/09/2021,126000,174900,0,1,0,46,,1,,20000,,,1,71,
9721,27/09/2023,167000,294500,0,2,1,61,38,0,1,16394,12891,2,0,81,
9722,15/04/2022,461000,909300,0,2,1,43,66,0,1,54127,38594,3,0,82,
9723,08/04/2024,162000,323700,2,1,0,50,,0,,26079,,2,1,217,
9724,21/06/2024,147000,206500,0,2,0,63,,1,,21987,,3,0,192,
9725,14/01/2023,239000,375600,0,1,1,51,51,1,0,16457,11011,3,0,68,04/02/2023
9726,15/01/2023,150000,520100,0,1,0,59,,0,,36259,,2,0,0,27/12/2022
9727,17/09/2022,67000,139900,0,1,1,50,44,0,1,10429,9571,2,0,58,
9728,27/08/2024,291000,363500,0,2,0,47,,1,,27278,,2,0,78,
9729,11/04/2024,102000,210400,0,1,0,41,,0,,20000,,2,0,56,02/05/2024
9730,25/03/2023,115000,146500,0,1,0,50,,0,,20000,,3,,76,19/04/2023
9731,21/12/2022,748000,1177300,0,1,1,26,52,0,1,44970,67095,3,2,60,
9732,12/09/2022,241000,320800,0,1,0,27,,0,,22733,,3,0,140,28/10/2022
9733,13/07/2024,42000,58400,0,1,0,40,,1,,20000,,2,1,75,03/08/2024
9734,23/01/2022,239000,445100,0,1,0,61,,0,,35897,,,0,58,28/02/2022
9735,10/02/2022,258000,368000,0,1,0,32,,0,,34029,,3,0,,18/03/2022
9736,24/09/2022,497000,758100,0,1,0,67,,0,,67261,,2,0,206,
9737,26/01/2024,494000,853900,0,1,0,27,,1,,68649,,2,2,84,
9738,24/04/2022,164000,236300,0,1,0,63,,1,,20432,,2,0,179,01/06/2022
9739,31/03/2022,135000,249100,0,2,1,35,54,0,1,9393,10607,3,0,87,
9740,05/03/2024,104000,128900,,1,1,46,25,0,1,4954,15046,3,0,150,02/05/2024
9741,14/08/2024,61000,87600,0,1,0,70,,1,,20000,,3,0,56,
9742,15/02/2024,280000,317300,0,2,1,56,33,0,1,12859,12839,2,0,8,
9743,13/10/2023,38000,54300,0,1,1,58,41,1,0,10478,9522,2,0,73,
9744,17/11/2023,131000,206200,0,1,0,35,,0,,20000,,1,1,16,
9745,14/12/2021,58000,111200,0,2,0,55,,0,,20000,,2,0,28,
9746,17/09/2023,72000,105000,0,2,0,35,,1,,20000,,2,0,208,
9747,05/05/2023,143000,197000,0,2,1,35,51,0,1,13642,9345,2,0,54,
9748,17/07/2024,183000,288600,3,2,0,68,,0,,29804,,2,0,83,
9749,11/10/2022,279000,520100,2,2,0,48,,0,,76931,,2,1,6,17/10/2022
9750,11/08/2022,110000,302500,0,0,0,64,,0,,26477,,2,0,56,17/08/2022
9751,23/07/2022,149000,206100,0,1,0,50,,0,,20000,,1,0,215,
9752,30/08/2022,135000,197600,1,2,1,35,48,0,1,9747,10253,0,0,37,
9753,27/05/2022,347000,566600,0,2,1,18,61,1,0,14963,35377,2,2,61,
9754,29/09/2022,53000,78000,0,0,0,18,,0,,20000,,2,1,55,
9755,19/02/2023,151000,197600,0,1,0,55,,1,,20000,,0,,46,11/03/2023
9756,17/08/2023,117000,269000,0,1,1,67,34,1,0,14108,7020,3,0,60,
9757,18/04/2023,272000,371400,0,0,0,45,,0,,32808,,2,0,18,13/05/2023
9758,11/07/2024,46000,90800,0,2,1,47,41,0,1,9868,10132,2,0,69,
9759,10/09/2023,156000,282500,0,1,1,26,50,1,0,17993,9163,3,2,6,
9760,11/09/2022,141000,212400,0,2,1,58,37,0,1,8378,11622,1,1,34,
9761,02/09/2023,269000,367300,0,1,1,43,31,1,0,12156,14111,2,1,,
9762,25/01/2023,323000,591100,0,,0,47,,1,,53196,,3,0,59,
9763,08/03/2022,172000,210900,0,2,1,23,18,1,0,10658,9342,1,2,56,
9764,17/06/2023,239000,386200,0,1,0,36,,0,,33018,,2,0,198,
9765,27/11/2022,413000,756900,0,2,0,39,,1,,63792,,3,0,36,08/12/2022
9766,14/11/2022,39000,65000,0,2,1,68,47,0,1,10754,9246,2,0,135,
9767,03/10/2021,527000,758800,0,1,1,59,50,1,0,32569,25128,3,1,39,04/11/2021
9768,04/05/2022,305000,401600,0,1,0,59,,0,,35228,,2,0,201,
9769,09/02/2023,235000,282400,0,1,0,66,,0,,31438,,3,1,56,
9770,12/08/2022,96000,207100,0,1,0,45,,0,,20000,,1,0,10,
9771,20/05/2023,144000,198100,1,0,0,29,,0,,20000,,0,2,195,09/07/2023
9772,21/06/2024,93000,175600,3,1,1,46,50,0,1,7938,12062,2,2,3,
9773,20/02/2024,48000,157600,0,1,1,73,45,0,1,12258,7742,2,,190,12/03/2024
9774,17/09/2021,135000,207900,0,0,0,56,,1,,20000,,0,0,75,07/10/2021
9775,21/12/2022,74000,168500,0,1,0,25,,0,,20000,,3,0,62,
9776,28/06/2024,343000,444400,0,2,0,40,,0,,42575,,3,0,3,
9777,24/06/2024,222000,305200,0,0,1,57,40,0,1,13363,13365,2,0,,18/07/2024
9778,13/08/2023,215000,328300,0,,1,75,20,1,0,13021,24422,3,1,95,
9779,25/02/2024,114000,203700,3,2,0,58,,1,,20000,,0,0,84,
9780,26/07/2023,236000,403500,0,0,0,48,,0,,34100,,2,0,81,
9781,31/03/2023,279000,414300,0,0,0,35,,1,,42582,,2,0,0,
9782,09/06/2024,30000,78500,0,1,1,28,49,0,1,9442,10558,2,2,14,16/06/2024
9783,12/02/2023,79000,206300,0,2,0,46,,0,,20000,,0,0,156,
9784,18/04/2023,84000,182700,0,0,0,45,,0,,20000,,2,0,81,
9785,16/12/2021,207000,280700,0,2,0,28,,0,,24611,,2,0,48,
9786,14/07/2023,109000,207000,0,1,0,28,,0,,20000,,1,,71,
9787,06/08/2024,113000,205600,0,1,1,51,24,1,0,12174,10637,1,0,,
9788,04/11/2023,52000,179900,0,1,1,42,39,1,0,6506,13494,2,0,210,
9789,01/06/2023,150000,208200,0,1,1,49,58,1,0,11283,8717,0,0,11,
9790,25/11/2022,53000,94900,0,2,0,47,,0,,20000,,2,2,61,
9791,23/06/2022,534000,697700,2,1,0,32,,1,,70590,,2,0,14,19/07/2022
9792,26/05/2023,92000,163600,0,1,1,58,49,1,0,16007,3993,2,1,8,
9793,29/05/2024,189000,291500,0,2,1,75,31,1,0,14727,15657,3,0,214,19/07/2024
9794,20/05/2022,191000,302800,2,1,0,38,,0,,23323,,3,0,61,01/06/2022
9795,28/08/2022,96000,204400,0,1,0,49,,1,,20000,,1,0,57,
9796,19/02/2023,190000,430700,0,0,1,51,38,1,0,25770,17698,2,0,81,
9797,10/08/2022,287000,416500,0,1,1,55,38,1,0,17086,14994,2,2,32,
9798,08/08/2024,75000,173300,0,1,1,22,54,1,1,5788,14212,2,0,4,
9799,04/09/2022,148000,241700,0,1,0,42,,0,,25526,,2,0,93,
9800,07/02/2024,55000,112200,0,1,1,75,30,1,0,10268,9732,2,0,178,
9801,23/01/2022,224000,255800,0,1,0,46,,0,,21624,,2,0,201,
9802,16/03/2022,244000,531900,2,1,1,62,53,1,0,39461,19918,2,1,89,
9803,28/07/2024,499000,734100,0,1,0,55,,1,,56598,,2,2,8,
9804,23/11/2023,102000,217400,0,2,1,32,28,0,1,9056,10950,,0,,
9805,22/07/2024,63000,205700,2,0,0,53,,1,,22237,,1,0,49,20/08/2024
9806,11/05/2023,314000,426900,,1,0,18,,1,,35511,,2,2,83,
9807,11/04/2022,96000,212800,0,2,0,39,,0,,20000,,,0,209,19/05/2022
9808,01/07/2022,84000,122500,0,2,0,48,,1,,20000,,2,0,79,31/07/2022
9809,14/02/2024,428000,474300,0,2,0,75,,0,,55867,,2,1,19,
9810,11/04/2022,85000,209300,0,2,1,56,44,1,1,8265,11735,1,0,47,
9811,07/04/2023,143000,207300,0,1,1,66,26,0,1,12502,7658,1,0,59,
9812,27/07/2023,37000,43500,0,2,1,70,38,0,1,4064,15936,2,0,54,
9813,18/08/2024,244000,374000,0,2,1,33,49,0,1,20351,14311,2,0,72,
9814,04/02/2022,92000,151900,0,1,0,51,,0,,20000,,2,0,180,22/02/2022
9815,14/01/2023,109000,171300,0,1,0,55,,0,,20000,,2,0,8,
9816,04/01/2024,66000,123900,,2,1,35,45,0,1,13412,6588,2,0,56,08/01/2024
9817,13/07/2022,81000,198100,0,2,1,50,61,0,1,8971,11029,0,0,94,19/07/2022
9818,04/09/2022,145000,255700,0,1,1,50,43,1,0,8043,11957,2,1,53,30/09/2022
9819,26/01/2023,110000,211400,0,2,1,38,42,1,0,17068,2932,1,2,42,
9820,26/08/2022,153000,208900,0,2,1,60,41,0,1,6153,13847,1,0,71,
9821,29/08/2023,170000,216300,0,0,0,60,,1,,21823,,2,0,55,
9822,04/09/2022,310000,696400,0,0,1,33,32,1,0,39712,31302,2,0,7,
9823,18/04/2023,65000,104100,0,1,1,38,74,0,1,14438,5562,2,1,174,
9824,27/02/2024,111000,195100,1,1,0,18,,0,,23107,,0,0,164,
9825,14/06/2023,114000,200300,0,1,0,52,,1,,20794,,0,0,190,
9826,19/03/2023,699000,1075900,0,1,1,31,30,1,1,61021,53423,2,0,78,
9827,04/08/2024,145000,206000,3,1,1,38,23,1,1,12700,7769,1,0,14,
9828,29/08/2023,313000,497700,0,1,0,18,,0,,48162,,3,0,76,
9829,19/09/2023,81000,116600,0,1,0,63,,1,,20000,,2,0,167,19/10/2023
9830,12/07/2024,884000,1197500,0,1,1,26,48,1,0,66122,58204,2,0,201,23/08/2024
9831,06/03/2023,16000,85900,2,2,0,70,,1,,20000,,2,0,52,
9832,16/08/2023,62000,208600,0,,0,70,,0,,20000,,2,0,81,
9833,16/02/2022,137000,239900,0,1,1,38,36,1,0,11713,8287,2,0,77,
9834,23/04/2022,207000,520500,0,1,0,59,,1,,39899,,2,1,224,
9835,11/05/2024,167000,357300,0,,0,55,,0,,27301,,3,0,84,
9836,07/03/2022,355000,474800,0,2,0,21,,1,,36027,,3,1,82,
9837,30/05/2022,47000,70000,0,1,1,65,72,1,0,5415,14585,2,0,239,27/06/2022
9838,10/08/2024,120000,342000,2,1,0,56,,1,,27103,,2,1,88,
9839,08/08/2024,45000,58900,0,1,0,63,,0,,20000,,2,0,198,
9840,11/11/2023,89000,119800,0,2,0,61,,1,,20000,,2,0,234,15/12/2023
9841,22/09/2023,181000,263600,0,1,0,50,,1,,22831,,2,0,53,
9842,13/07/2024,169000,483200,0,2,0,62,,0,,38980,,3,1,4,
9843,24/10/2023,340000,441100,0,1,0,54,,0,,32503,,2,0,82,
9844,24/02/2023,198000,392600,0,1,1,57,26,1,0,22052,12024,2,0,69,
9845,03/06/2024,259000,385700,0,,0,27,,0,,35638,,3,1,19,
9846,12/02/2022,72000,196100,1,1,0,50,,1,,22579,,2,1,95,05/02/2022
9847,10/06/2024,320000,683900,0,1,1,49,34,0,1,48137,16431,2,0,3,
9848,16/03/2023,173000,312500,0,2,1,18,61,1,0,17102,16817,2,0,148,18/04/2023
9849,16/04/2024,34000,84000,0,1,1,25,75,1,0,8270,11730,2,,87,
9850,19/06/2023,192000,302800,,1,1,37,36,1,0,9195,15188,2,0,77,24/07/2023
9851,28/09/2023,282000,400100,0,1,1,75,73,1,0,14038,24825,,0,5,
9852,06/06/2024,52000,84400,0,2,0,32,,1,,20000,,2,0,14,
9853,09/07/2023,157000,209600,0,1,0,32,,0,,20000,,3,0,54,
9854,19/04/2024,177000,320100,,1,0,65,,1,,42006,,,0,7,
9855,01/09/2023,166000,323000,0,1,1,61,28,1,0,13619,12046,2,0,82,07/09/2023
9856,15/06/2022,243000,393900,0,2,1,23,50,0,1,13634,23600,2,1,1,
9857,12/09/2022,174000,310700,2,1,0,18,,1,,34616,,3,2,54,
9858,02/06/2022,82000,114400,0,1,1,59,31,1,0,5102,14898,2,0,79,
9859,11/08/2022,178000,289400,0,2,0,52,,0,,47705,,2,0,31,
9860,12/08/2022,87000,154600,0,,1,43,65,1,0,11155,8845,2,0,174,01/09/2022
9861,12/03/2022,97000,201100,0,2,1,66,38,1,1,8952,11048,2,1,224,
9862,24/09/2023,146000,239300,0,1,0,48,,1,,29648,,2,0,206,
9863,04/03/2022,135000,204100,,2,0,59,,0,,20761,,2,0,3,
9864,26/02/2022,59000,80900,0,2,1,43,57,0,1,15073,4927,2,1,,
9865,31/03/2023,165000,202400,0,,1,35,66,1,0,13237,6763,0,1,81,
9866,25/05/2024,46000,57200,0,0,0,56,,0,,20000,,2,0,211,
9867,22/04/2024,361000,546900,0,1,0,44,,0,,50436,,3,2,185,
9868,16/05/2024,106000,151600,0,1,1,52,45,1,0,11511,8489,2,0,193,
9869,25/02/2022,204000,285700,0,1,1,73,52,1,1,11258,9309,3,0,14,
9870,03/03/2023,426000,754000,2,1,1,47,53,1,0,32362,20982,2,0,4,23/03/2023
9871,20/05/2024,126000,240100,0,1,1,44,37,0,1,12692,7945,2,0,85,
9872,08/09/2021,201000,407000,0,2,0,55,,1,,36822,,2,1,201,
9873,31/01/2023,82000,130300,0,2,0,33,,1,,20000,,2,2,142,24/02/2023
9874,23/04/2024,116000,187800,0,1,0,71,,1,,20926,,2,1,192,12/05/2024
9875,05/09/2021,108000,211300,0,0,0,51,,1,,20000,,1,0,2,13/09/2021
9876,25/08/2022,289000,359500,0,1,1,26,41,1,0,13976,19922,3,0,15,
9877,17/08/2024,118000,190800,0,1,1,18,75,0,1,8083,11917,3,1,251,
9878,30/08/2022,196000,398100,0,2,0,57,,0,,46781,,3,0,87,
9879,06/03/2022,86000,160100,,1,1,53,33,1,0,12408,7592,2,0,76,
9880,27/08/2023,350000,664200,,1,1,53,37,0,1,42731,19421,2,1,80,24/09/2023
9881,16/08/2024,306000,500700,0,1,0,43,,1,,52353,,2,0,63,20/08/2024
9882,02/06/2023,26000,51900,0,1,0,48,,1,,20000,,3,0,78,
9883,22/03/2024,409000,554100,0,0,1,40,18,0,1,29715,11120,3,1,83,
9884,16/08/2022,150000,195600,0,1,0,50,,1,,20000,,0,0,214,
9885,26/10/2021,82000,122500,0,1,0,25,,0,,20000,,3,2,55,20/11/2021
9886,28/08/2022,94000,196600,0,2,1,48,58,1,0,12835,9170,0,0,61,
9887,11/01/2022,105000,152400,0,1,1,42,57,1,0,12494,7506,2,0,2,
9888,01/04/2024,141000,214800,0,1,1,37,32,0,1,11388,8612,1,0,76,
9889,08/12/2021,109000,143000,0,0,0,48,,1,,20000,,2,2,81,06/01/2022
9890,19/06/2022,264000,538800,0,2,1,22,71,1,0,42362,16714,3,0,220,11/07/2022
9891,13/03/2022,132000,272900,0,1,0,39,,1,,20000,,2,1,34,
9892,12/04/2023,90000,272800,0,1,0,21,,1,,26092,,3,,0,23/04/2023
9893,25/08/2024,133000,206900,0,2,0,70,,0,,20000,,1,0,63,
9894,02/04/2024,338000,399900,0,2,0,48,,0,,34370,,2,1,46,
9895,07/10/2021,231000,449100,2,0,1,49,51,0,1,20061,26134,3,0,233,
9896,16/02/2022,107000,195700,0,1,0,49,,0,,20000,,0,0,179,
9897,01/06/2023,794000,1297900,2,2,1,18,44,1,0,44926,75179,2,0,9,23/06/2023
9898,15/06/2022,139000,213200,0,1,1,48,58,1,0,9485,18463,2,0,,
9899,10/03/2022,124000,169000,,1,0,48,,1,,20000,,2,0,43,03/04/2022
9900,22/08/2022,179000,222200,0,1,1,54,46,1,1,4737,17567,2,0,,22/10/2022
9901,09/03/2024,167000,234600,0,1,0,36,,1,,20000,,2,0,200,
9902,17/08/2024,115000,165100,2,1,1,51,71,1,0,10712,9288,3,1,15,
9903,06/03/2024,187000,266400,0,1,0,30,,1,,20000,,2,0,177,
9904,03/05/2022,210000,341700,3,2,0,46,,0,,39487,,3,1,53,
9905,31/08/2022,128000,269800,0,1,0,49,,1,,20501,,2,0,92,18/09/2022
9906,08/03/2022,92000,108300,0,0,0,58,,1,,20000,,2,0,86,
9907,10/08/2024,98000,138400,0,1,0,61,,1,,20000,,2,0,27,
9908,30/10/2023,184000,270800,0,1,1,38,54,0,1,6067,13933,2,0,75,28/11/2023
9909,18/07/2023,269000,700700,0,2,0,34,,0,,66895,,,2,18,22/07/2023
9910,22/07/2022,100000,215000,0,1,0,19,,0,,21624,,,0,30,27/07/2022
9911,15/02/2023,630000,939200,0,0,1,44,54,1,0,37315,45906,2,0,263,
9912,20/11/2022,165000,235700,0,0,1,32,45,0,1,6651,13577,2,0,17,08/01/2023
9913,13/03/2023,22000,35800,0,1,0,72,,0,,20000,,2,0,53,26/03/2023
9914,17/08/2024,162000,232300,0,2,0,18,,0,,20000,,2,1,51,
9915,30/06/2023,127000,319300,0,,0,46,,1,,30602,,2,0,60,07/07/2023
9916,21/09/2021,53000,103200,,0,1,28,49,1,1,10059,9941,2,0,81,
9917,24/10/2022,190000,243000,0,1,0,63,,1,,20000,,,0,206,
9918,10/02/2022,126000,200700,0,0,0,63,,1,,21013,,,1,81,25/03/2022
9919,29/04/2023,140000,173700,,1,0,45,,0,,21916,,2,0,21,16/06/2023
9920,30/08/2023,59000,154100,0,1,1,45,67,0,1,6245,13755,2,1,,
9921,07/05/2024,308000,431000,0,1,1,33,57,1,0,21797,14209,,2,70,
9922,31/08/2022,92000,216100,0,2,1,55,26,1,0,9540,11169,1,2,64,09/09/2022
9923,24/08/2022,129000,207300,0,1,0,44,,1,,20000,,1,0,24,
9924,18/08/2022,120000,245600,,1,1,44,30,0,1,5833,14167,2,0,84,01/09/2022
9925,15/04/2024,195000,263800,0,0,0,58,,0,,20000,,3,0,152,
9926,22/09/2022,181000,256200,,1,0,19,,0,,40423,,3,,84,
9927,28/08/2023,168000,202900,0,1,1,34,43,1,0,7293,12707,2,2,84,
9928,30/04/2024,25000,84900,0,1,0,42,,0,,20000,,2,0,129,
9929,06/08/2022,63000,75700,0,1,0,57,,1,,20000,,2,0,54,
9930,19/06/2022,202000,311600,0,1,0,18,,1,,27036,,2,0,39,
9931,15/02/2023,80000,134200,1,1,0,57,,1,,20000,,2,1,203,
9932,08/08/2023,419000,543100,0,1,0,46,,1,,58874,,3,0,84,
9933,31/01/2022,88000,223900,0,2,0,64,,0,,20798,,3,1,81,
9934,10/01/2023,54000,116400,0,1,0,46,,0,,20000,,2,0,95,19/01/2023
9935,24/05/2022,184000,255500,0,1,0,75,,1,,20226,,3,0,52,
9936,04/01/2024,216000,479900,,2,0,38,,1,,38949,,3,0,271,
9937,22/10/2023,184000,342800,0,1,0,61,,1,,48996,,2,0,74,
9938,22/02/2024,791000,1288800,,1,1,56,25,1,0,50638,63939,2,1,85,
9939,28/08/2023,160000,209800,0,0,0,67,,1,,20606,,1,2,50,02/10/2023
9940,19/08/2023,69000,105000,0,1,0,55,,1,,20000,,2,2,48,
9941,25/07/2024,94000,129200,0,2,0,45,,1,,20000,,3,0,74,18/08/2024
9942,26/08/2024,431000,680000,0,1,1,34,18,0,1,33291,28253,3,0,86,
9943,31/08/2023,118000,159400,0,2,1,45,33,0,1,10625,9375,2,0,234,
9944,16/07/2023,369000,473500,0,2,1,33,39,1,0,26324,15478,2,1,71,27/08/2023
9945,21/06/2022,574000,751400,0,1,1,60,62,1,0,29261,26196,2,0,13,
9946,03/07/2023,249000,400200,0,1,1,61,58,0,1,11880,16052,3,,226,29/08/2023
9947,04/01/2024,224000,317300,0,1,1,42,49,0,1,17110,21317,2,0,66,22/02/2024
9948,09/08/2022,88000,259700,0,1,0,30,,0,,22384,,,0,72,
9949,09/08/2024,82000,149600,0,1,1,62,21,0,1,10149,9851,2,0,217,
9950,24/06/2023,107000,261300,0,2,1,26,46,1,0,13021,7396,2,2,39,
9951,08/04/2023,80000,147200,1,1,1,24,32,0,1,14377,5623,2,0,46,
9952,02/03/2023,134000,315600,0,1,0,46,,1,,23968,,3,0,60,22/03/2023
9953,03/04/2022,78000,165200,0,0,0,43,,0,,20000,,3,0,48,
9954,29/03/2022,67000,143400,0,1,0,41,,1,,20000,,2,0,12,
9955,24/09/2021,211000,335900,0,2,0,44,,0,,22212,,3,0,150,01/11/2021
9956,29/03/2022,177000,343900,0,1,0,46,,0,,31844,,2,0,257,
9957,22/04/2024,294000,528600,0,0,1,28,43,0,1,24505,22216,3,2,86,
9958,13/04/2022,111000,169000,0,1,1,75,48,1,0,11452,8548,2,0,,
9959,22/07/2024,67000,196600,0,1,1,47,18,0,1,10943,9057,0,0,12,
9960,09/03/2023,125000,203100,0,2,1,48,65,0,1,4989,15011,1,0,177,
9961,17/01/2022,274000,382700,,,0,51,,0,,36823,,2,0,66,
9962,09/07/2023,69000,160500,0,1,0,20,,1,,20000,,3,1,163,
9963,03/12/2021,177000,311800,0,0,1,47,46,1,0,9783,11789,3,0,0,
9964,19/07/2024,119000,228500,0,1,1,41,52,1,0,15000,5000,2,1,85,
9965,20/07/2023,78000,122900,0,2,0,29,,1,,20000,,2,0,49,17/08/2023
9966,09/08/2024,171000,261400,0,1,0,75,,0,,27511,,2,0,201,
9967,22/02/2024,356000,453000,0,0,0,75,,1,,42140,,3,2,231,
9968,27/06/2024,154000,203400,0,1,0,38,,0,,20000,,1,1,155,
9969,10/02/2024,137000,177200,,2,0,46,,1,,20000,,2,0,35,
9970,19/04/2022,136000,417900,0,1,0,53,,1,,34785,,2,1,202,
9971,05/02/2024,117000,207100,0,1,1,32,28,1,0,9765,15397,1,1,65,
9972,26/08/2023,389000,614900,0,0,1,60,55,0,1,44970,11467,2,0,9,
9973,21/07/2023,536000,804900,0,,0,40,,0,,79771,,3,0,57,
9974,05/09/2023,92000,156800,0,1,1,56,45,0,1,7057,12943,,0,13,
9975,12/04/2022,324000,419900,0,1,1,51,45,1,0,9431,25719,2,0,74,29/05/2022
9976,10/07/2023,766000,1038400,2,2,0,56,,0,,91094,,3,2,39,06/08/2023
9977,07/09/2023,65000,98400,3,1,1,55,44,1,0,8127,11873,2,0,,
9978,12/01/2024,84000,112300,,1,1,51,29,0,1,9824,10176,2,0,196,27/02/2024
9979,30/06/2023,114000,205800,0,1,0,74,,1,,20000,,3,0,74,02/07/2023
9980,17/02/2023,50000,125500,3,2,0,37,,1,,20000,,2,0,165,27/02/2023
9981,22/02/2024,191000,279700,0,1,1,44,49,1,0,14542,12461,3,,204,
9982,11/12/2021,322000,397200,0,1,1,48,32,1,0,18416,15925,3,0,171,
9983,11/09/2021,292000,621900,0,2,0,32,,1,,55864,,2,0,8,13/09/2021
9984,23/07/2022,238000,394400,0,1,0,75,,0,,37090,,3,0,12,08/08/2022
9985,19/03/2022,139000,236600,0,0,0,47,,0,,20000,,2,0,227,01/05/2022
9986,13/08/2022,230000,308300,,2,1,50,38,1,0,14286,11299,3,1,80,08/10/2022
9987,15/02/2024,265000,496200,0,1,0,38,,1,,56108,,2,0,18,08/03/2024
9988,28/07/2023,46000,85800,0,2,0,37,,0,,20000,,2,1,76,
9989,15/04/2022,82000,228000,0,,0,50,,1,,20444,,2,1,167,
9990,25/11/2022,82000,207500,0,1,0,46,,1,,20000,,1,0,71,
9991,03/11/2021,90000,124900,0,1,0,69,,1,,20000,,2,2,83,
9992,05/02/2023,279000,416000,0,1,0,18,,1,,38946,,3,1,75,
9993,18/10/2023,151000,201200,3,1,0,51,,1,,20000,,0,2,81,
9994,08/03/2023,412000,515800,0,0,0,45,,0,,41236,,2,0,29,
9995,14/11/2023,132000,173800,0,1,0,33,,0,,20000,,3,1,94,
9996,23/03/2024,65000,95100,3,1,1,46,60,1,0,9968,10032,2,1,56,03/04/2024
9997,06/04/2022,115000,233700,0,0,1,48,67,0,1,16588,5106,3,2,2,02/05/2022
9998,07/09/2021,192000,276900,0,0,0,42,,1,,27375,,2,,66,
9999,13/06/2023,46000,97000,0,1,0,19,,1,,20000,,2,0,52,
10000,28/02/2024,74000,198600,0,2,0,48,,0,,20000,,0,0,88,
10001,26/08/2023,256000,515500,0,2,1,46,63,1,0,20053,18356,3,0,190,10/10/2023
10002,18/02/2022,90000,172400,0,1,0,46,,0,,20000,,2,0,53,
10003,12/09/2022,63000,96200,0,1,0,53,,1,,20000,,2,2,226,16/10/2022
10004,25/07/2024,50000,69200,0,1,0,58,,1,,20000,,2,0,73,
10005,19/01/2022,119000,135600,0,1,0,48,,0,,20000,,2,0,18,14/03/2022
10006,26/08/2024,517000,703900,0,1,0,50,,0,,65918,,2,0,90,
10007,14/01/2024,213000,518000,0,1,0,32,,1,,42830,,3,1,13,
10008,28/03/2022,105000,231500,0,2,0,31,,1,,20000,,2,0,72,
10009,09/06/2024,77000,164200,,1,0,51,,1,,20000,,3,1,36,19/06/2024
10010,17/03/2024,126000,213300,0,1,0,46,,1,,20000,,1,,61,
10011,03/03/2022,222000,306900,0,1,0,54,,0,,28494,,2,1,52,
10012,05/10/2023,111000,190600,0,2,1,66,38,0,1,9178,10822,2,0,157,
10013,15/07/2023,413000,744600,0,0,0,43,,1,,67022,,2,0,231,
10014,10/02/2023,70000,177500,1,,0,53,,0,,20000,,2,0,74,
10015,03/09/2021,475000,962200,0,,1,35,35,1,0,53075,7949,3,2,67,
10016,17/07/2023,597000,892000,0,0,1,42,63,1,0,24935,47106,2,,4,
10017,05/07/2022,101000,214400,1,2,0,63,,0,,20000,,3,0,195,
10018,05/09/2021,130000,201200,0,0,0,39,,0,,23224,,0,1,14,
10019,06/12/2023,577000,765900,3,1,0,69,,0,,89288,,3,2,79,08/01/2024
10020,17/11/2021,182000,416200,0,1,1,38,50,0,1,21110,13417,2,0,13,
10021,31/01/2024,96000,252400,0,1,0,41,,0,,20000,,2,0,18,
10022,20/07/2023,143000,260000,2,0,1,59,51,0,1,7936,15155,2,0,229,
10023,10/07/2024,225000,456100,0,2,1,56,33,1,0,16268,15225,3,0,59,31/07/2024
10024,20/04/2023,121000,208400,0,1,1,38,63,1,0,10420,13988,2,0,6,23/05/2023
10025,04/03/2022,99000,253800,0,2,0,21,,0,,20000,,2,2,63,
10026,14/02/2024,152000,239600,0,2,0,40,,0,,26644,,2,0,56,12/03/2024
10027,17/01/2024,101000,165700,,1,1,18,75,0,1,6974,13026,2,0,204,
10028,09/08/2024,344000,613000,1,2,1,39,67,1,0,24360,48123,3,0,10,
10029,08/07/2023,131000,209600,,1,1,45,18,0,0,13532,6468,1,0,85,11/08/2023
10030,08/02/2024,189000,255300,2,2,1,42,71,1,1,21347,20420,2,,,
10031,26/08/2022,371000,650300,2,1,1,49,46,1,0,19116,30264,3,1,,
10032,05/04/2023,218000,359900,0,,1,54,29,0,1,29770,11446,3,,34,
10033,06/08/2024,65000,96300,0,1,0,38,,0,,20000,,2,0,18,
10034,09/02/2023,637000,1188800,1,1,1,19,64,1,0,23740,60326,3,0,31,
10035,01/12/2022,138000,191200,3,1,0,44,,0,,20000,,0,0,231,
10036,23/01/2023,240000,407600,2,1,0,46,,0,,31766,,2,0,203,
10037,03/09/2021,108000,169200,0,1,0,57,,0,,20000,,2,2,205,
10038,03/03/2024,119000,168400,0,2,1,71,59,0,1,11902,8098,2,0,6,
10039,10/10/2023,179000,322100,0,1,1,69,60,1,0,15527,18263,2,1,73,12/11/2023
10040,06/09/2023,64000,101900,3,2,1,48,37,1,0,9875,10125,2,0,7,18/09/2023
10041,09/02/2024,268000,412200,0,1,0,35,,1,,32838,,3,0,81,21/02/2024
10042,03/09/2022,43000,47400,2,2,0,47,,0,,20000,,2,0,186,
10043,03/11/2023,136000,219700,0,1,0,47,,1,,30290,,3,0,159,
10044,08/02/2023,190000,237100,,1,1,35,43,1,0,9354,10948,3,0,51,
10045,15/01/2023,130000,244400,0,2,0,52,,0,,34190,,3,0,57,19/01/2023
10046,09/04/2022,113000,212700,2,1,1,42,52,0,1,12217,7783,1,0,68,
10047,23/07/2023,94000,206500,1,0,1,55,56,1,0,7518,12482,1,2,0,
10048,17/06/2024,276000,523700,2,1,0,38,,0,,51658,,2,2,0,22/06/2024
10049,06/12/2022,137000,205600,0,0,0,52,,0,,20000,,1,0,7,08/01/2023
10050,22/04/2024,198000,330300,0,2,0,45,,0,,37033,,3,0,14,
10051,18/08/2024,1312000,1501800,0,1,1,44,49,1,0,48574,59843,3,2,16,
10052,24/08/2022,141000,203400,0,1,0,47,,0,,20000,,0,0,14,
10053,23/08/2024,126000,363300,0,1,0,64,,0,,37608,,2,2,80,
10054,10/09/2022,294000,623100,0,1,1,22,62,0,1,34196,14418,3,0,62,30/09/2022
10055,18/05/2024,523000,721600,2,0,0,18,,1,,59996,,2,0,0,
10056,25/06/2024,205000,252700,0,2,1,58,45,1,0,13468,6532,2,0,197,28/08/2024
10057,06/04/2024,48000,100300,0,1,0,57,,1,,20000,,2,0,204,
10058,28/03/2023,191000,338300,0,0,1,50,64,1,0,17353,8518,3,0,79,
10059,21/08/2023,70000,190700,0,1,1,37,39,1,0,4602,15398,2,0,92,01/09/2023
10060,05/02/2023,95000,137400,0,1,1,20,46,0,1,12579,7421,2,1,85,
10061,23/08/2023,350000,1107500,,2,1,22,75,0,1,74189,25097,2,1,62,
10062,25/03/2023,125000,219100,0,1,0,59,,1,,20000,,2,0,74,
10063,09/02/2024,197000,430900,,2,0,56,,0,,39483,,3,0,52,
10064,12/04/2023,108000,185100,0,1,0,75,,0,,20000,,3,0,92,25/04/2023
10065,02/03/2022,381000,563800,0,2,0,57,,0,,56464,,3,1,61,
10066,26/03/2024,217000,402400,0,1,0,46,,1,,52580,,3,0,81,
10067,09/08/2024,45000,101600,0,0,0,42,,1,,20000,,2,0,73,22/08/2024
10068,26/08/2024,427000,768700,0,1,0,56,,0,,79512,,,1,228,
10069,10/09/2023,107000,208000,0,1,0,62,,1,,20484,,2,0,32,
10070,24/03/2022,372000,496400,0,1,1,18,26,0,1,20087,17661,2,0,190,09/05/2022
10071,07/07/2022,366000,470100,2,1,1,56,26,0,1,15265,39177,2,0,,20/09/2022
10072,21/07/2024,135000,204000,0,1,1,43,34,1,1,8082,18140,1,0,61,
10073,19/01/2022,218000,367200,0,1,0,36,,1,,27050,,3,1,84,
10074,27/10/2023,123000,211000,,1,1,46,44,0,1,10396,9604,1,0,149,07/12/2023
10075,08/03/2022,148000,200400,0,1,0,45,,0,,20000,,0,0,18,
10076,30/12/2022,242000,406500,0,2,0,42,,0,,37383,,2,0,,
10077,29/08/2022,139000,204500,1,1,0,38,,1,,20000,,,0,172,
10078,23/05/2024,168000,304000,0,1,0,55,,0,,31958,,3,0,86,
10079,13/10/2022,117000,197200,0,2,0,49,,1,,26055,,0,2,84,04/11/2022
10080,19/09/2023,82000,124300,0,1,1,75,34,1,0,8879,11121,2,1,179,
10081,19/01/2022,481000,808700,0,1,0,41,,1,,84377,,2,0,218,18/02/2022
10082,28/06/2022,69000,126300,0,2,0,37,,0,,20000,,2,0,16,
10083,24/06/2023,49000,136800,0,1,1,52,57,1,1,8256,11744,2,0,88,29/06/2023
10084,05/03/2022,337000,486400,0,1,0,23,,0,,30233,,3,0,52,
10085,01/04/2023,78000,130300,0,1,0,54,,1,,20000,,2,2,80,
10086,03/08/2024,102000,204500,0,1,1,49,63,0,1,5066,14934,1,0,17,20/08/2024
10087,29/01/2024,136000,253200,0,2,0,50,,0,,22034,,2,1,169,
10088,23/06/2022,135000,159500,0,1,0,37,,0,,20000,,2,1,232,05/08/2022
10089,16/12/2022,82000,156800,0,1,0,41,,1,,20000,,2,0,209,
10090,05/06/2022,460000,812600,0,1,0,46,,0,,59320,,,0,9,29/06/2022
10091,23/08/2024,118000,200600,0,1,1,43,46,0,0,12789,9294,0,0,56,26/08/2024
10092,19/03/2024,89000,171200,0,1,1,43,57,0,0,8482,11518,2,0,82,09/04/2024
10093,31/05/2024,37000,56500,0,1,0,32,,1,,20000,,2,0,53,
10094,07/03/2024,73000,114400,0,1,0,40,,1,,20000,,2,0,243,18/04/2024
10095,18/03/2023,135000,250400,0,2,0,58,,0,,23323,,2,,16,24/03/2023
10096,30/01/2023,140000,234000,0,1,0,52,,1,,20000,,2,0,6,09/02/2023
10097,18/01/2023,152000,196100,0,1,1,18,18,1,0,6888,13112,0,0,170,01/03/2023
10098,08/04/2024,174000,234700,0,2,1,43,53,0,1,6919,13081,2,0,6,04/05/2024
10099,26/07/2022,68000,117000,0,1,0,53,,0,,20000,,3,2,16,
10100,14/07/2023,257000,357800,0,1,1,52,65,1,0,24883,20247,2,1,77,18/08/2023
10101,06/09/2022,189000,280800,0,2,0,45,,1,,25149,,2,,274,
10102,03/06/2023,549000,631900,1,1,1,54,49,0,1,11941,26666,3,0,7,
10103,24/03/2022,401000,578000,0,2,0,52,,1,,36910,,2,1,36,
10104,07/08/2024,140000,249200,0,1,0,30,,0,,20000,,,2,77,
10105,20/06/2023,57000,164900,1,1,0,54,,0,,20000,,2,0,13,30/05/2023
10106,27/12/2023,120000,320800,0,1,1,52,40,0,1,15756,14756,2,1,74,
10107,09/06/2023,64000,111200,,1,1,37,44,0,1,14401,5599,2,0,89,
10108,31/07/2022,285000,453200,0,1,0,47,,1,,41879,,,0,7,
10109,08/02/2023,261000,359500,0,1,0,52,,1,,23269,,3,0,204,
10110,10/08/2022,369000,609100,0,2,1,64,49,0,1,17706,30657,2,0,203,
10111,18/03/2023,135000,240700,0,1,0,39,,0,,24231,,2,0,92,
10112,02/12/2021,195000,290700,0,1,1,56,51,0,1,11228,12134,2,0,,
10113,07/10/2022,171000,319500,0,1,1,36,65,1,0,14278,9232,2,0,45,
10114,08/11/2022,79000,120500,0,1,0,75,,1,,20000,,2,0,84,
10115,25/08/2022,447000,585300,3,1,1,63,37,1,1,23271,29989,2,0,51,
10116,19/03/2024,81000,167900,0,2,1,37,39,0,1,11964,8036,2,1,79,10/04/2024
10117,26/04/2024,397000,605900,0,1,1,49,38,0,1,15683,47992,2,0,153,
10118,02/07/2023,180000,254000,0,2,0,63,,1,,24642,,2,0,52,
10119,25/08/2023,74000,135100,0,2,1,39,43,0,1,8423,11577,2,1,212,
10120,12/09/2023,100000,188200,2,,1,58,40,0,1,7254,12746,2,1,197,14/10/2023
10121,28/04/2023,330000,411600,1,2,1,60,33,0,1,17283,14204,2,2,275,
10122,13/10/2021,283000,563200,2,2,0,24,,1,,43081,,2,0,73,
10123,07/07/2022,188000,294200,0,1,0,25,,0,,25033,,2,0,204,
10124,18/03/2023,200000,237000,0,2,0,54,,1,,23600,,3,0,,30/04/2023
10125,26/04/2022,316000,621500,0,2,1,64,28,1,0,25647,20462,3,0,30,
10126,21/07/2023,525000,1346800,0,1,1,50,48,0,0,23675,76394,3,0,56,
10127,14/02/2023,102000,181500,0,2,1,42,25,0,1,6850,13150,2,0,85,
10128,01/03/2023,391000,455000,0,1,0,19,,1,,44695,,2,0,80,
10129,07/04/2024,356000,445400,0,2,0,75,,1,,39618,,3,0,91,
10130,26/01/2023,179000,209600,,1,1,44,66,0,0,8055,12969,1,0,79,
10131,07/11/2023,433000,637800,0,1,0,55,,1,,52488,,3,0,252,
10132,05/03/2023,161000,260200,0,2,0,49,,1,,24291,,3,0,54,28/03/2023
10133,04/11/2022,150000,209500,2,1,0,36,,0,,21100,,3,0,70,
10134,18/04/2024,133000,189800,0,2,0,33,,1,,20000,,0,0,,
10135,03/08/2024,144000,199500,0,1,1,39,65,0,1,8222,11778,1,,57,
10136,03/03/2023,111000,168200,0,2,0,44,,1,,20000,,,2,9,
10137,19/11/2023,149000,200400,0,2,0,67,,0,,20000,,0,0,94,08/01/2024
10138,23/08/2022,55000,84600,0,1,1,75,45,0,1,9603,10397,2,0,62,
10139,28/02/2022,152000,212200,0,0,1,29,35,1,0,7388,12612,1,0,78,28/03/2022
10140,08/07/2023,77000,135500,0,1,1,44,42,1,0,4502,15498,3,0,73,
10141,16/08/2022,227000,303700,0,1,0,57,,0,,24916,,2,1,87,14/09/2022
10142,08/08/2022,101000,231600,0,1,0,34,,1,,28986,,2,1,,
10143,28/03/2023,157000,187000,0,1,0,32,,0,,20000,,2,2,195,
10144,30/07/2023,141000,194600,0,,0,58,,0,,20000,,0,0,3,17/08/2023
10145,04/03/2022,95000,203100,0,2,1,56,62,1,1,7723,12277,1,0,55,
10146,28/11/2021,152000,226500,0,1,1,20,42,0,0,15030,5576,2,0,74,
10147,07/09/2022,542000,749800,2,1,1,30,63,0,1,20885,49481,3,0,12,28/10/2022
10148,17/12/2022,49000,113800,3,2,1,30,43,0,1,10908,9092,2,1,59,31/12/2022
10149,21/07/2023,149000,197500,0,1,0,49,,0,,24325,,0,0,,
10150,20/01/2024,362000,684700,0,1,0,75,,1,,63720,,3,0,0,
10151,20/02/2023,186000,370700,,2,0,55,,1,,32189,,3,0,82,
10152,09/08/2022,128000,189400,0,1,0,54,,0,,20000,,2,2,84,
10153,24/06/2024,190000,350000,0,1,0,57,,1,,29464,,3,1,138,
10154,09/08/2024,85000,152000,0,2,0,47,,1,,20000,,2,1,13,
10155,02/04/2023,105000,184000,0,1,0,73,,0,,20000,,2,0,51,
10156,05/07/2022,66000,91200,2,2,0,42,,0,,20000,,2,2,,07/08/2022
10157,18/08/2024,289000,384200,,1,1,26,35,1,0,5344,28247,3,0,66,
10158,13/06/2024,181000,246000,0,1,0,47,,0,,22956,,3,0,205,
10159,25/03/2024,218000,484700,0,1,0,75,,1,,55943,,3,0,,
10160,07/08/2022,562000,638300,0,2,1,43,68,0,1,36575,20857,3,0,52,
10161,18/04/2023,132000,199100,0,,1,64,18,0,1,10073,9927,2,0,83,
10162,29/02/2024,143000,252100,0,2,1,39,75,0,1,5611,17117,2,2,228,
10163,16/05/2024,104000,198700,0,2,1,38,70,1,0,11942,8058,0,,229,
10164,19/03/2022,34000,62700,0,1,0,34,,1,,20000,,2,1,74,
10165,10/08/2022,132000,199600,2,1,1,46,45,1,0,16723,3277,2,,93,
10166,10/07/2022,141000,195400,0,1,0,33,,0,,21485,,2,0,5,05/08/2022
10167,09/09/2021,141000,231100,0,1,0,56,,0,,20000,,2,1,175,
10168,04/09/2023,120000,277600,0,,0,39,,0,,29894,,3,1,13,11/09/2023
10169,13/04/2024,189000,347000,0,2,1,65,27,1,0,21665,8524,3,,236,
10170,29/08/2023,143000,313900,0,1,0,51,,0,,20484,,2,0,83,
10171,04/05/2022,98000,142400,0,1,0,57,,1,,20000,,2,0,50,
10172,26/02/2023,109000,173200,0,1,0,28,,0,,20000,,2,0,14,
10173,22/05/2023,39000,93000,0,1,1,45,47,0,1,5392,14608,2,0,198,08/06/2023
10174,16/12/2023,79000,125700,0,2,1,50,64,0,1,7041,12959,2,0,76,
10175,18/02/2022,47000,58000,0,1,0,73,,1,,20000,,2,0,89,20/03/2022
10176,25/02/2024,351000,702700,0,0,1,18,56,1,0,21999,36741,3,0,8,
10177,22/08/2024,553000,1047100,0,1,0,52,,1,,97726,,2,0,81,
10178,02/04/2022,602000,1367500,,1,0,43,,0,,163134,,2,0,187,08/05/2022
10179,13/10/2023,274000,461000,0,1,1,43,22,0,1,29967,24594,,,1,
10180,10/03/2022,100000,202100,0,1,1,29,38,0,0,13922,8716,1,0,10,19/03/2022
10181,11/12/2021,313000,563000,,1,0,59,,0,,42614,,2,1,69,17/01/2022
10182,18/02/2022,96000,129900,0,2,1,51,44,1,0,9395,10605,2,,13,20/03/2022
10183,06/09/2022,398000,564800,0,2,1,37,54,1,1,35770,34941,2,0,218,
10184,03/12/2023,641000,931900,0,1,0,67,,1,,69645,,3,0,,
10185,08/05/2022,96000,188800,0,1,0,63,,0,,20000,,2,,53,04/06/2022
10186,01/04/2024,76000,112400,0,0,0,18,,1,,20000,,2,0,72,
10187,27/02/2023,564000,665100,0,1,0,24,,0,,66050,,2,1,182,
10188,18/02/2024,228000,401900,0,2,0,67,,0,,28280,,2,1,,
10189,24/03/2022,126000,208800,0,2,0,30,,0,,20000,,1,0,227,
10190,24/12/2022,96000,206800,0,,0,35,,0,,23825,,1,,68,
10191,25/03/2022,377000,676500,0,0,0,60,,1,,43899,,2,0,,28/04/2022
10192,22/08/2023,64000,142600,3,,1,43,55,1,0,10130,9870,2,0,84,
10193,01/01/2023,233000,320900,0,2,0,74,,1,,32231,,2,0,50,
10194,11/09/2022,84000,135900,,1,0,41,,0,,20000,,3,1,89,
10195,13/04/2023,265000,319600,0,1,1,35,57,0,1,13552,16457,2,0,76,
10196,07/02/2022,150000,207900,0,,0,18,,1,,20000,,2,0,70,08/03/2022
10197,18/02/2022,56000,110100,0,2,1,63,56,0,1,15269,4731,2,0,12,
10198,19/08/2023,89000,131600,,2,0,32,,1,,20000,,3,0,,
10199,28/06/2023,146000,211100,0,1,1,28,63,1,0,10233,11431,1,,59,
10200,15/06/2024,93000,214700,0,1,0,33,,1,,22464,,2,0,191,30/06/2024
10201,23/02/2022,153000,212200,0,1,1,47,24,0,1,12464,7536,2,1,13,
10202,19/06/2023,265000,451700,0,0,1,41,18,0,1,9364,29570,3,1,10,
10203,12/09/2023,64000,96200,0,2,0,35,,0,,20000,,2,0,17,
10204,26/06/2022,89000,156200,0,1,1,39,36,0,1,10486,9514,2,1,16,
10205,09/03/2023,421000,522500,0,2,1,47,39,0,1,32955,10602,3,1,54,
10206,12/09/2021,131000,290800,0,1,0,24,,0,,24731,,2,0,81,28/09/2021
10207,17/11/2022,162000,205700,,2,0,23,,0,,20000,,1,2,50,04/01/2023
10208,12/09/2022,118000,153400,0,1,1,58,36,1,0,14833,5167,2,1,16,03/10/2022
10209,08/08/2024,193000,214200,0,1,1,48,41,0,1,13581,10377,1,0,200,
10210,08/12/2021,328000,561300,0,1,1,30,29,0,1,30392,35947,2,1,16,25/12/2021
10211,10/08/2022,89000,254500,3,1,1,44,51,0,1,14453,9607,2,0,211,01/09/2022
10212,05/09/2022,54000,88800,0,2,0,56,,1,,20000,,2,0,69,
10213,09/04/2022,100000,164000,0,,1,58,48,0,1,13738,11153,2,1,7,
10214,26/05/2022,207000,261700,0,0,1,30,60,0,1,10084,13061,2,0,80,
10215,11/12/2022,90000,190300,0,2,1,48,66,1,0,24259,10145,2,0,187,
10216,22/02/2022,191000,306500,0,1,1,47,51,0,1,19431,7352,2,0,79,
10217,30/08/2023,249000,333400,0,1,0,43,,1,,26738,,,1,168,
10218,22/01/2024,64000,115000,1,2,0,54,,1,,20000,,2,0,72,
10219,24/03/2022,67000,101000,0,2,1,55,65,0,0,14324,5676,2,2,238,
10220,12/11/2022,410000,544500,0,1,0,25,,1,,55890,,3,0,58,
10221,01/04/2023,191000,327900,0,2,1,53,32,1,1,7041,18326,3,0,204,
10222,02/04/2024,90000,129100,0,2,1,37,23,0,1,12481,7519,2,1,18,26/04/2024
10223,11/04/2024,622000,917900,0,,0,42,,0,,75609,,3,1,53,09/05/2024
10224,13/08/2024,70000,106600,0,1,1,28,45,1,0,11481,8519,2,0,199,
10225,12/09/2021,95000,205700,0,1,1,28,49,0,1,9979,10021,3,1,12,
10226,18/08/2022,172000,299200,0,2,0,56,,0,,46188,,2,0,37,
10227,11/08/2024,250000,352200,0,2,0,39,,0,,30585,,2,2,184,
10228,19/08/2022,52000,91000,0,1,0,58,,0,,20000,,2,0,194,21/09/2022
10229,16/06/2022,78000,131300,0,1,0,36,,1,,20000,,2,0,179,
10230,04/01/2024,141000,194200,0,1,0,44,,1,,20000,,2,0,73,
10231,25/09/2022,190000,275200,0,1,1,18,27,1,0,15338,9104,2,0,172,30/10/2022
10232,26/10/2022,207000,382000,0,2,0,50,,0,,46650,,2,0,59,
10233,03/10/2023,260000,379600,3,1,1,66,38,0,1,19609,9232,,0,85,
10234,04/09/2023,22000,68900,0,0,0,20,,1,,20000,,2,0,94,02/09/2023
10235,05/09/2021,750000,1024300,0,0,1,37,41,0,1,20429,52486,3,0,14,18/10/2021
10236,26/02/2023,236000,368500,0,2,1,44,75,1,0,20035,6486,3,0,205,
10237,06/09/2021,168000,285900,0,2,0,48,,0,,24737,,2,0,97,
10238,22/01/2022,39000,54200,0,2,0,49,,1,,20000,,2,0,47,
10239,05/09/2021,109000,189700,0,2,1,35,27,0,1,10261,9739,2,0,80,
10240,02/03/2022,203000,316600,0,0,1,22,52,1,0,10966,14368,3,0,74,
10241,25/08/2023,151000,195600,0,0,1,35,55,0,1,7746,12254,1,0,53,
10242,25/07/2022,226000,348700,0,1,0,30,,1,,38355,,2,0,29,
10243,11/04/2023,256000,340900,0,2,0,41,,1,,28600,,2,2,79,01/06/2023
10244,24/02/2022,70000,139300,0,1,1,32,36,1,1,14986,8559,3,2,14,
10245,17/08/2022,169000,231300,3,1,0,72,,0,,20496,,2,0,61,
10246,20/08/2023,95000,132200,0,2,0,55,,1,,20000,,2,,84,
10247,31/08/2023,55000,160900,0,,0,41,,1,,20000,,2,0,32,
10248,19/08/2024,56000,240600,0,1,0,55,,0,,23044,,2,0,88,
10249,28/02/2022,174000,307600,0,2,1,39,43,0,1,22187,9374,2,1,51,22/03/2022
10250,27/03/2023,27000,72100,0,2,0,58,,0,,20000,,2,0,87,13/04/2023
10251,24/02/2024,193000,391500,0,1,0,21,,1,,34378,,3,1,77,28/02/2024
10252,02/05/2023,183000,240600,0,2,1,39,33,0,1,7202,15367,2,0,72,02/06/2023
10253,25/12/2023,42000,81500,0,0,1,18,56,1,0,7104,12896,,0,67,
10254,24/05/2024,145000,215700,0,1,0,42,,0,,20000,,1,0,82,11/06/2024
10255,21/08/2024,245000,399900,0,1,0,36,,0,,29593,,2,0,59,
10256,26/08/2022,184000,196800,0,2,0,37,,0,,20000,,0,0,8,13/10/2022
10257,07/08/2023,268000,429900,0,1,0,44,,0,,37537,,2,1,63,
10258,23/06/2022,114000,146500,0,,0,21,,1,,20000,,2,2,6,
10259,07/06/2024,46000,61500,0,0,0,55,,0,,20000,,2,,28,
10260,07/10/2021,94000,153100,0,0,0,58,,0,,20000,,2,,39,
10261,22/06/2023,233000,317900,0,0,1,67,27,1,1,8414,27858,3,0,81,
10262,29/07/2024,191000,294100,0,2,0,53,,0,,27886,,3,1,15,
10263,22/07/2024,66000,95500,2,1,0,51,,0,,20000,,2,0,59,
10264,09/02/2023,81000,91600,0,1,0,65,,0,,20000,,2,1,72,
10265,14/06/2022,45000,66500,0,1,0,59,,1,,20000,,,0,76,28/06/2022
10266,16/05/2023,103000,175800,0,2,1,45,75,0,0,5447,14553,2,0,216,
10267,10/09/2021,208000,249600,0,1,1,46,67,1,0,7051,17572,2,0,56,07/11/2021
10268,24/04/2022,93000,156000,0,0,0,25,,1,,20000,,2,1,4,
10269,28/03/2023,118000,166500,0,1,1,48,52,1,0,8598,11402,3,1,64,
10270,26/08/2022,192000,372700,0,2,0,68,,0,,34607,,,0,9,30/08/2022
10271,27/12/2023,70000,160100,0,2,0,45,,0,,20000,,2,0,55,
10272,18/02/2024,123000,300800,0,2,0,44,,1,,28633,,2,0,,
10273,28/06/2022,139000,270100,0,1,0,34,,1,,25026,,2,0,49,
10274,21/08/2024,230000,497500,0,2,0,55,,0,,49625,,3,0,14,
10275,16/03/2023,153000,321700,0,,0,51,,1,,35016,,2,0,168,
10276,08/08/2022,109000,161400,3,2,1,35,29,0,1,7618,12382,2,0,53,04/09/2022
10277,22/04/2022,283000,731700,1,2,1,71,36,0,1,27299,31445,2,2,198,
10278,31/03/2024,114000,271400,0,0,0,75,,0,,20000,,,0,19,
10279,23/11/2022,82000,91700,0,1,0,46,,0,,20000,,2,1,69,
10280,24/09/2021,52000,73200,0,2,1,28,32,0,1,13188,6812,3,0,66,
10281,31/03/2024,51000,79700,0,2,1,35,44,0,0,12657,7343,2,0,16,
10282,01/12/2022,102000,205100,2,1,0,70,,0,,20000,,1,0,17,
10283,25/11/2023,52000,72200,3,2,1,42,62,0,0,10336,9664,2,1,76,
10284,27/08/2023,102000,174000,0,1,1,35,59,1,0,7408,12592,2,0,78,
10285,11/02/2022,149000,190800,0,1,1,46,49,1,0,15096,4904,2,0,11,
10286,11/12/2023,133000,220100,0,2,1,62,64,0,1,17909,7309,2,0,181,
10287,15/08/2022,244000,323800,,2,0,58,,1,,33980,,,1,77,
10288,08/04/2022,78000,134200,0,1,1,49,52,1,0,6626,13374,2,2,54,
10289,12/02/2024,139000,206500,0,1,0,43,,1,,20000,,1,0,94,10/03/2024
10290,01/09/2022,36000,65800,0,1,0,47,,1,,20000,,2,0,54,26/09/2022
10291,13/04/2024,103000,182800,0,1,0,28,,1,,20000,,3,0,80,
10292,04/08/2023,204000,284700,0,,1,49,38,0,1,14557,9660,2,0,77,
10293,05/06/2023,150000,204900,0,1,1,63,35,0,1,13770,6230,1,2,7,03/07/2023
10294,19/08/2022,177000,322600,0,2,0,23,,1,,36022,,2,0,89,
10295,22/12/2023,89000,109600,0,1,1,39,59,0,1,9644,10356,2,0,24,17/01/2024
10296,08/04/2023,108000,149900,0,0,1,48,19,0,1,10331,9669,3,0,81,
10297,19/12/2021,90000,125600,3,1,0,63,,1,,20000,,2,2,89,06/01/2022
10298,15/08/2023,249000,407300,0,1,1,42,53,0,1,20749,16563,3,0,88,
10299,11/02/2022,180000,278600,0,2,1,42,36,0,1,11282,13737,2,0,86,26/02/2022
10300,26/02/2024,227000,518800,,,1,48,18,1,0,10647,39551,3,1,79,
10301,26/02/2022,44000,90100,0,2,0,50,,0,,20000,,3,0,162,
10302,19/12/2023,84000,126100,0,1,0,70,,1,,20000,,2,0,80,
10303,24/03/2022,295000,368000,0,2,0,46,,1,,36031,,2,1,,
10304,21/10/2022,164000,232900,0,1,0,75,,1,,20000,,2,0,80,
10305,02/09/2022,132000,192800,0,1,1,37,66,1,0,6729,13271,2,0,78,
10306,13/06/2024,141000,204300,0,1,0,53,,0,,20000,,1,0,,01/07/2024
10307,31/08/2024,123000,206700,0,2,0,50,,0,,20000,,1,,150,
10308,26/08/2024,140000,176100,3,1,0,74,,1,,20000,,2,0,89,
10309,03/07/2022,337000,512300,2,1,0,65,,1,,56704,,2,0,2,
10310,19/04/2022,568000,851000,0,2,0,22,,1,,87859,,2,0,,
10311,13/02/2023,83000,165800,0,2,1,60,60,0,1,8624,11376,2,0,15,
10312,16/02/2024,202000,339700,0,1,0,32,,0,,27683,,3,2,175,
10313,03/08/2023,102000,212500,0,1,0,37,,0,,20529,,2,0,15,
10314,26/01/2023,97000,202900,0,1,1,33,54,1,0,11136,16145,2,0,85,
10315,01/03/2022,139000,226800,0,1,1,39,34,1,1,10275,9916,2,0,56,
10316,20/09/2023,164000,290100,0,2,1,45,53,1,0,19734,6298,2,0,90,
10317,07/01/2024,180000,323500,0,2,0,50,,0,,25640,,2,0,37,27/01/2024
10318,26/08/2023,144000,156300,0,1,1,54,26,0,1,10671,9329,2,0,17,
10319,25/06/2024,144000,283900,0,0,1,36,51,0,1,8177,20529,2,,91,
10320,28/05/2024,120000,191100,0,2,1,47,43,0,1,10954,9046,0,0,85,
10321,09/01/2023,267000,373800,0,1,0,42,,1,,29466,,3,1,3,
10322,09/03/2023,135000,197300,0,0,1,27,43,1,0,12055,7945,1,2,70,
10323,13/08/2024,85000,154200,0,1,1,32,53,0,1,5104,14896,2,0,55,
10324,16/08/2022,41000,50900,2,,0,57,,1,,20000,,2,1,87,
10325,30/09/2022,171000,322300,,2,1,47,67,0,1,17816,17640,,0,85,
10326,08/03/2022,79000,133900,0,1,0,34,,1,,20000,,2,0,5,
10327,14/01/2023,209000,284800,,1,1,50,47,1,0,17918,4470,3,0,56,17/02/2023
10328,10/04/2023,84000,151600,0,2,0,62,,1,,20000,,2,0,16,
10329,27/08/2024,128000,158200,0,1,1,58,55,0,1,10845,11843,2,1,10,
10330,07/01/2024,97000,243100,0,2,0,34,,1,,20000,,2,0,15,
10331,01/06/2022,49000,94100,0,1,1,39,18,1,1,9484,10516,2,0,43,
10332,23/05/2024,65000,103300,0,1,1,59,51,1,0,9136,10864,2,0,206,
10333,01/03/2023,69000,120600,0,2,1,46,49,1,0,12012,7988,2,0,213,
10334,25/08/2023,149000,206300,0,1,1,70,18,1,1,11529,8471,2,0,,
10335,30/03/2023,86000,233500,0,1,0,55,,0,,20000,,3,2,26,03/04/2023
10336,22/03/2024,118000,206900,0,1,0,53,,1,,20000,,1,1,72,
10337,07/08/2024,299000,406800,0,2,0,40,,0,,38773,,2,0,,
10338,09/07/2022,210000,332800,0,1,0,30,,0,,28430,,2,0,222,
10339,17/09/2023,98000,199700,0,2,1,18,48,0,1,12024,7976,0,0,181,29/09/2023
10340,06/03/2022,166000,219600,3,2,0,18,,1,,20000,,3,2,42,
10341,04/09/2023,118000,199400,0,2,1,18,23,1,0,13319,6681,2,0,90,
10342,08/10/2023,113000,233800,0,,0,28,,1,,20000,,2,0,11,
10343,25/11/2022,204000,248300,0,0,1,43,18,0,1,8276,11724,2,0,225,
10344,14/09/2022,488000,1316300,2,2,0,36,,1,,157493,,2,0,2,26/08/2022
10345,17/03/2024,90000,180100,,2,0,49,,1,,20000,,2,0,85,
10346,13/04/2022,134000,200000,0,1,0,33,,1,,20520,,1,1,,
10347,26/01/2023,342000,469900,,1,0,75,,1,,44282,,2,0,73,
10348,16/05/2022,126000,155700,3,1,0,21,,0,,20000,,2,0,233,
10349,17/11/2023,104000,198700,0,1,0,52,,1,,21248,,0,0,81,
10350,07/07/2022,138000,233500,0,1,0,58,,1,,20000,,,0,15,
10351,11/07/2022,314000,364000,0,2,0,40,,0,,28355,,3,0,6,
10352,05/06/2023,156000,277000,0,1,1,67,38,0,1,12926,18360,2,0,209,
10353,26/10/2023,150000,205200,0,0,0,42,,1,,21217,,1,0,55,22/11/2023
10354,08/05/2023,124000,140400,2,1,0,71,,1,,20000,,2,0,73,
10355,27/06/2024,154000,190500,0,1,1,49,56,0,1,17064,5944,,1,88,17/07/2024
10356,28/05/2023,157000,385900,2,1,0,33,,0,,30860,,3,0,201,
10357,28/11/2021,47000,73700,3,1,1,49,55,0,1,5880,14120,2,1,118,29/12/2021
10358,23/10/2021,111000,198100,0,0,0,75,,1,,20000,,0,1,162,
10359,30/07/2024,134000,207500,0,2,1,45,40,0,1,5069,14931,,2,0,
10360,04/06/2022,512000,740100,0,0,1,66,23,0,1,49531,38760,2,2,86,25/06/2022
10361,26/02/2024,168000,306300,1,1,0,31,,0,,25640,,3,0,57,
10362,21/08/2022,96000,206000,0,1,0,58,,1,,20000,,2,0,162,06/09/2022
10363,07/09/2021,49000,108000,0,1,1,59,64,1,0,9399,10601,2,0,17,04/10/2021
10364,05/04/2023,91000,198800,0,1,0,47,,1,,23487,,0,2,9,06/04/2023
10365,28/02/2022,167000,261100,0,1,0,18,,0,,29266,,2,0,75,
10366,14/10/2023,61000,207300,0,1,0,49,,1,,20000,,1,0,15,
10367,14/08/2024,192000,256200,0,1,0,49,,1,,22981,,2,0,84,
10368,11/04/2023,147000,379500,0,2,0,48,,0,,65195,,2,1,92,20/04/2023
10369,18/02/2024,158000,253300,0,2,0,53,,0,,21090,,3,0,33,
10370,16/08/2024,36000,91400,2,1,0,35,,0,,20000,,2,0,195,
10371,02/12/2021,92000,147800,0,1,0,51,,1,,20000,,2,0,91,
10372,26/07/2022,342000,473600,0,1,1,37,75,0,1,17992,14991,2,0,8,28/08/2022
10373,15/04/2024,224000,320900,0,1,1,67,75,1,0,23989,12312,3,0,19,31/05/2024
10374,04/04/2023,189000,268600,2,2,1,38,22,1,0,19926,7100,,2,59,
10375,10/09/2023,139000,233500,0,,1,50,54,0,1,15211,8207,2,0,79,
10376,07/05/2024,46000,68900,0,2,0,44,,1,,20000,,2,0,62,
10377,19/08/2022,261000,278600,0,1,0,53,,0,,22681,,2,0,3,
10378,13/04/2024,263000,620700,0,1,0,48,,0,,47709,,3,0,69,
10379,17/05/2022,89000,99100,0,1,0,43,,1,,20000,,2,1,7,
10380,02/02/2023,121000,208900,0,2,0,18,,1,,20000,,3,,218,
10381,30/08/2023,92000,126100,0,1,0,31,,1,,20000,,2,1,9,
10382,16/10/2022,504000,567000,2,2,0,49,,0,,64039,,2,0,13,
10383,16/04/2022,149000,199500,0,1,0,55,,0,,22008,,2,0,55,28/05/2022
10384,26/10/2023,163000,221300,1,0,1,57,23,1,0,10576,9535,2,0,40,
10385,06/01/2023,62000,86200,0,2,0,39,,1,,20000,,2,0,30,
10386,19/11/2023,150000,195000,0,2,1,38,20,1,0,13059,7582,0,2,15,
10387,16/11/2021,271000,388500,0,2,0,37,,0,,35022,,2,1,141,
10388,12/09/2023,119000,209200,0,1,1,33,18,1,0,16449,20865,1,,93,
10389,11/01/2022,103000,172100,0,1,0,45,,0,,20000,,3,2,54,
10390,15/06/2024,104000,207900,0,2,0,74,,0,,20000,,1,0,,29/06/2024
10391,03/04/2023,151000,204700,3,1,0,18,,1,,20000,,3,1,53,
10392,15/08/2022,140000,195100,2,,1,35,62,1,0,11835,8722,3,1,69,05/10/2022
10393,23/04/2023,141000,348300,0,1,0,56,,0,,44883,,2,2,7,
10394,27/08/2023,204000,606800,0,1,0,26,,1,,45700,,2,0,86,
10395,21/02/2024,150000,208500,0,0,1,57,53,0,1,8620,11380,1,0,18,
10396,10/07/2022,164000,472600,0,0,0,36,,0,,33549,,2,0,53,19/07/2022
10397,10/08/2024,120000,180500,2,2,0,35,,1,,20736,,,0,152,
10398,10/08/2024,106000,170200,0,1,1,51,39,0,1,8525,11475,3,0,188,
10399,19/02/2023,307000,492700,0,2,0,42,,0,,55862,,2,0,218,
10400,16/09/2023,90000,208000,0,2,1,34,61,1,1,10485,9515,1,0,260,
10401,19/05/2024,75000,120800,0,1,0,18,,1,,20000,,2,0,263,
10402,13/03/2024,154000,308100,0,2,1,40,45,0,1,14144,14700,2,0,71,08/04/2024
10403,08/09/2021,83000,208500,0,1,0,27,,1,,21529,,1,0,16,
10404,01/12/2023,80000,100300,0,1,0,53,,1,,20000,,2,0,82,19/12/2023
10405,22/04/2024,167000,210600,2,1,1,18,54,1,0,9153,10847,2,0,73,14/06/2024
10406,30/09/2021,56000,78400,0,1,1,39,38,0,1,6397,13603,2,0,77,
10407,21/12/2023,61000,107800,0,1,0,58,,0,,20000,,2,1,223,
10408,12/04/2022,127000,202800,3,1,0,55,,1,,20000,,0,1,16,
10409,30/08/2023,322000,478300,0,1,1,19,29,0,1,16318,20831,3,1,68,
10410,20/01/2022,78000,125700,2,1,0,54,,0,,20000,,2,0,227,
10411,07/01/2024,101000,270900,3,1,1,37,54,0,1,7899,19307,2,1,73,02/02/2024
10412,05/02/2023,195000,364500,0,2,1,39,50,1,0,24780,15997,3,0,89,01/03/2023
10413,21/03/2024,49000,89100,0,0,1,40,59,0,1,12235,7765,2,1,14,
10414,14/05/2024,181000,313700,0,2,1,56,40,0,1,13595,13711,2,0,53,
10415,08/08/2024,102000,141800,0,1,0,42,,0,,20000,,2,2,83,
10416,19/03/2022,233000,732800,0,1,1,31,52,0,1,15603,59810,3,0,182,
10417,03/08/2022,170000,272000,0,1,0,61,,0,,31761,,2,0,52,15/09/2022
10418,21/03/2023,95000,200000,0,0,0,32,,1,,20000,,0,0,165,
10419,28/04/2022,419000,781500,0,2,0,31,,1,,57951,,3,0,76,
10420,13/04/2024,186000,278400,2,0,1,54,35,1,0,15374,9585,2,0,54,
10421,28/03/2023,101000,144200,0,1,0,42,,1,,20000,,2,0,7,08/04/2023
10422,30/03/2024,281000,372300,3,1,0,40,,0,,39033,,2,0,156,
10423,13/07/2022,251000,364700,0,1,1,22,41,0,1,10141,26337,3,0,,01/09/2022
10424,23/04/2022,88000,122000,0,1,0,60,,0,,20000,,2,0,17,
10425,07/05/2024,100000,192200,0,2,1,55,46,1,0,11046,16468,2,1,79,
10426,30/11/2021,27000,43400,0,1,0,44,,0,,20000,,2,0,,
10427,14/12/2021,86000,216600,0,1,1,43,41,1,0,11208,11229,2,0,,
10428,03/10/2022,196000,243600,0,2,0,75,,1,,20000,,2,0,18,
10429,23/08/2023,130000,193700,0,2,0,28,,0,,20000,,0,2,15,
10430,09/09/2022,136000,240300,0,,0,27,,0,,24822,,2,2,148,
10431,20/11/2023,53000,82700,0,0,1,59,75,1,1,11008,8992,2,0,5,05/12/2023
10432,15/06/2024,206000,473600,3,1,0,67,,1,,50877,,3,1,34,
10433,12/07/2024,100000,154700,0,1,0,47,,1,,20000,,3,0,16,
10434,08/03/2022,119000,149900,0,1,1,28,35,1,0,3956,16044,2,1,247,30/05/2022
10435,31/03/2024,91000,120900,0,1,1,59,68,1,0,12844,7156,2,0,217,
10436,17/08/2023,117000,207300,0,1,1,58,39,1,0,11400,9139,1,0,13,14/09/2023
10437,26/02/2024,60000,75200,0,0,0,58,,1,,20000,,2,2,134,15/04/2024
10438,12/08/2022,241000,352900,0,2,0,25,,0,,41747,,2,0,81,
10439,10/04/2024,68000,100000,0,,0,49,,0,,20000,,2,0,39,
10440,22/03/2024,151000,211000,0,1,0,41,,0,,21348,,1,0,12,
10441,07/04/2022,155000,352500,0,1,0,58,,0,,35215,,2,1,69,
10442,27/09/2023,41000,92800,0,2,0,39,,0,,20000,,2,0,15,
10443,14/05/2022,250000,410700,0,1,1,48,50,1,0,19559,14594,3,1,1,15/05/2022
10444,28/05/2024,148000,205800,0,2,1,25,52,0,0,9863,10137,0,0,,
10445,12/06/2024,172000,236000,0,1,0,44,,1,,30292,,3,1,28,08/07/2024
10446,01/11/2021,55000,173900,3,2,1,44,75,1,0,9784,10216,3,0,50,
10447,07/07/2024,138000,199600,0,2,0,54,,1,,20000,,1,0,191,17/08/2024
10448,07/02/2023,75000,145600,0,1,1,37,48,0,1,14540,5460,2,0,12,
10449,02/03/2024,124000,282600,0,1,1,18,44,0,1,14931,10947,2,0,76,
10450,26/02/2024,223000,440400,3,2,0,28,,1,,39343,,2,0,41,21/02/2024
10451,28/04/2024,242000,468400,2,1,0,29,,1,,47216,,2,0,20,
10452,19/11/2022,86000,121500,0,2,0,58,,0,,20000,,2,0,17,
10453,10/07/2022,155000,212100,0,1,0,54,,0,,20000,,1,0,50,
10454,05/08/2023,144000,203800,0,1,0,59,,1,,20000,,2,1,187,
10455,14/05/2023,41000,85900,0,1,0,51,,0,,20000,,2,1,88,
10456,24/04/2023,240000,447700,0,,1,51,28,1,1,32400,22301,3,1,51,
10457,11/12/2022,84000,110200,0,1,0,38,,1,,20000,,2,0,57,
10458,21/07/2023,309000,420200,0,1,0,49,,1,,35608,,2,1,78,
10459,08/03/2023,136000,204200,0,1,1,75,28,0,1,16066,8087,0,2,0,29/03/2023
10460,12/11/2023,100000,241200,0,,0,41,,1,,20000,,2,0,90,
10461,07/08/2023,109000,153400,0,1,1,59,63,0,1,7561,12439,3,0,8,
10462,21/10/2022,563000,758800,0,2,1,51,35,1,0,53174,40539,,0,2,18/11/2022
10463,11/08/2024,64000,94700,2,2,1,65,44,0,1,14719,5281,3,0,58,
10464,01/07/2022,139000,173600,0,2,1,32,64,0,1,14311,5689,2,1,59,
10465,18/03/2024,152000,283800,3,2,1,70,55,0,1,11776,14870,2,0,87,
10466,29/06/2022,68000,144400,0,1,1,21,41,1,0,5580,14420,2,0,74,
10467,28/01/2022,55000,116400,0,1,1,42,49,0,1,13435,6565,3,2,58,
10468,08/06/2023,247000,334200,2,2,0,40,,0,,29030,,2,1,224,
10469,11/09/2022,41000,96200,0,,1,40,65,1,0,10894,9106,2,0,72,
10470,22/12/2023,157000,211100,2,1,0,37,,0,,20000,,1,0,0,
10471,28/06/2024,136000,222400,0,1,0,58,,0,,20000,,2,0,88,
10472,29/01/2024,164000,228700,0,0,1,39,26,1,0,11130,8870,2,0,10,13/02/2024
10473,01/03/2024,101000,114600,,2,0,40,,0,,20000,,2,2,83,
10474,29/04/2023,137000,198100,0,,0,31,,1,,20000,,3,0,254,
10475,13/08/2024,41000,79100,0,0,1,24,55,1,0,8714,11286,2,0,182,
10476,16/06/2024,339000,519600,0,2,1,62,31,1,0,36160,33113,2,,54,
10477,30/08/2023,186000,238900,,1,1,39,56,0,1,8096,11904,3,0,28,
10478,14/03/2022,56000,97200,0,2,0,60,,1,,20000,,2,,204,04/05/2022
10479,21/07/2024,93000,191100,3,1,0,53,,0,,20000,,0,1,86,
10480,04/09/2022,17000,38900,0,1,0,29,,1,,20000,,2,0,87,
10481,11/05/2024,163000,204300,0,1,1,33,65,0,1,13629,6371,0,2,54,
10482,08/09/2023,271000,661500,0,2,1,40,63,0,1,27569,16579,2,0,56,01/10/2023
10483,28/11/2023,116000,159500,0,0,1,64,30,1,0,11195,8805,2,0,219,28/12/2023
10484,13/04/2022,179000,400400,0,1,0,58,,0,,38101,,2,0,59,
10485,02/12/2021,227000,279800,0,2,0,51,,0,,24644,,2,0,243,03/01/2022
10486,01/12/2023,120000,197200,0,1,0,18,,0,,20187,,0,0,47,
10487,11/08/2022,627000,992800,0,1,1,56,45,1,0,52402,38641,2,0,3,
10488,17/07/2024,229000,402400,,2,0,51,,0,,32451,,2,,75,08/08/2024
10489,15/08/2022,121000,192100,0,1,1,68,64,1,0,11015,8985,0,0,212,25/09/2022
10490,29/08/2022,170000,251100,0,,1,35,62,0,1,15278,8005,3,0,11,
10491,12/04/2022,205000,408900,0,2,1,75,48,0,1,27711,13776,2,0,76,
10492,12/02/2023,139000,178800,0,2,0,66,,0,,20000,,2,0,90,
10493,11/01/2022,105000,159200,0,1,0,39,,1,,20000,,2,1,74,01/02/2022
10494,01/09/2022,80000,108700,0,1,0,72,,0,,20000,,2,0,201,
10495,21/04/2022,196000,374800,3,2,1,47,32,0,1,9353,15560,2,0,87,19/05/2022
10496,24/05/2022,106000,207400,0,1,0,56,,1,,20000,,,0,225,01/07/2022
10497,16/06/2022,436000,756100,0,2,0,57,,1,,96593,,3,1,215,
10498,22/12/2022,198000,449100,0,2,0,61,,1,,41920,,2,0,57,24/01/2023
10499,28/02/2024,333000,502300,,2,1,53,49,0,1,11127,28806,3,0,60,
10500,09/08/2024,66000,125100,,1,0,44,,1,,20000,,3,0,53,
10501,05/04/2023,104000,461900,0,1,0,35,,0,,35378,,3,0,11,
10502,24/08/2022,361000,418400,0,1,0,52,,1,,43772,,2,0,83,
10503,01/09/2023,158000,219900,0,2,0,41,,0,,20000,,2,0,,
10504,15/08/2024,95000,194700,0,0,0,25,,0,,20000,,2,0,35,
10505,18/04/2024,154000,216800,0,2,0,47,,0,,20000,,1,0,74,11/05/2024
10506,23/10/2022,353000,497400,0,1,1,42,60,1,0,26207,18203,2,1,50,
10507,29/08/2022,128000,202000,,1,1,48,45,0,1,8721,11279,0,0,79,
10508,04/07/2023,272000,477000,0,1,0,75,,1,,44305,,3,1,237,
10509,11/08/2024,92000,128300,0,1,1,71,44,0,1,10390,9610,2,0,172,
10510,27/08/2023,213000,275100,2,1,0,51,,0,,27429,,2,0,83,
10511,15/08/2022,87000,205000,0,1,0,49,,1,,33086,,2,0,164,
10512,17/05/2022,144000,210900,0,2,1,45,33,1,0,9660,10340,1,0,89,
10513,06/01/2022,135000,272500,0,2,0,48,,0,,31461,,2,0,86,
10514,10/09/2023,201000,269400,0,2,0,44,,1,,21555,,2,0,157,20/10/2023
10515,09/09/2022,75000,107400,0,1,0,45,,0,,20000,,2,1,86,
10516,14/12/2021,196000,517700,0,2,0,58,,1,,36158,,2,0,183,
10517,24/11/2021,90000,135400,0,1,0,40,,0,,20000,,2,0,76,
10518,14/06/2023,182000,328000,3,1,1,55,18,1,0,6820,20719,3,1,11,
10519,01/04/2022,51000,119300,0,1,0,40,,1,,20000,,3,1,150,
10520,29/05/2022,97000,206000,0,1,0,67,,0,,20000,,1,0,10,15/06/2022
10521,09/03/2023,135000,187400,0,1,1,33,56,1,0,15767,4233,0,0,253,
10522,19/04/2024,57000,94400,0,1,0,47,,0,,20000,,2,0,57,
10523,09/09/2021,252000,385100,0,1,1,52,25,1,0,17068,13584,3,,41,
10524,17/12/2023,165000,293500,0,1,1,18,51,1,0,14807,9827,,2,88,
10525,03/04/2023,70000,97300,0,1,1,45,41,1,0,6959,13041,2,0,5,09/05/2023
10526,17/09/2023,412000,562200,0,1,1,75,24,0,1,11929,37606,2,2,77,
10527,12/01/2022,211000,282100,0,1,1,72,44,0,1,14952,12484,2,0,83,20/02/2022
10528,13/05/2024,183000,317900,0,0,0,48,,1,,39528,,2,0,86,
10529,02/05/2022,303000,506700,0,1,0,28,,1,,43915,,3,0,21,
10530,07/07/2024,307000,510900,0,1,0,29,,0,,37938,,3,1,63,
10531,08/02/2022,119000,208600,0,1,0,59,,1,,20000,,1,0,215,22/02/2022
10532,05/02/2023,121000,200300,0,1,1,39,52,1,0,5903,14097,0,1,80,
10533,04/06/2022,187000,289400,0,2,1,44,45,1,0,12161,16296,2,0,52,
10534,30/06/2024,429000,771100,0,2,0,73,,0,,57273,,3,0,56,
10535,03/01/2022,120000,171000,0,0,1,50,74,1,0,7435,13991,2,0,143,28/02/2022
10536,27/09/2021,104000,224600,0,2,1,27,42,0,1,12247,7753,2,1,87,07/10/2021
10537,14/06/2023,324000,459100,0,1,1,18,54,0,1,23274,13694,3,1,39,
10538,17/02/2024,206000,405700,0,,0,37,,1,,38437,,2,0,49,29/02/2024
10539,30/11/2021,406000,558000,0,,1,26,56,1,0,33675,15119,3,0,69,
10540,01/09/2022,76000,155000,0,1,1,58,51,1,0,7069,12931,2,0,182,
10541,23/06/2023,380000,459400,0,2,0,33,,1,,36369,,2,1,49,
10542,04/03/2022,147000,199500,0,2,1,52,46,0,1,5578,14422,0,1,87,
10543,12/11/2022,77000,190400,0,1,1,60,33,0,1,7602,12398,0,0,203,
10544,19/07/2022,174000,242300,0,2,1,48,40,1,1,7576,16218,3,,16,28/08/2022
10545,26/02/2022,66000,137400,0,0,0,27,,0,,20000,,2,0,83,
10546,24/08/2022,342000,510400,0,1,0,48,,1,,57679,,3,0,88,
10547,10/07/2023,170000,259400,0,1,1,50,29,1,0,10239,10814,2,0,86,
10548,25/09/2022,104000,199600,0,,1,45,29,1,0,9560,10440,1,1,27,
10549,13/08/2024,219000,312300,0,1,0,35,,0,,24225,,2,0,197,
10550,16/03/2024,174000,203800,0,1,0,48,,0,,20000,,1,0,135,
10551,31/08/2023,74000,90600,0,2,0,25,,1,,20000,,2,,53,17/10/2023
10552,22/12/2022,207000,302100,0,1,0,22,,1,,24649,,2,0,61,
10553,11/08/2024,275000,391500,0,1,0,36,,0,,34145,,2,0,58,
10554,25/01/2023,111000,174200,0,1,1,36,41,0,1,10934,9066,3,1,57,
10555,10/09/2022,398000,527600,0,0,1,38,44,0,1,33816,11566,2,0,241,
10556,24/05/2023,150000,209900,0,1,0,18,,0,,20000,,1,1,190,
10557,12/02/2022,50000,91400,0,1,0,45,,1,,20000,,2,0,82,
10558,15/10/2022,149000,206200,2,1,0,25,,0,,20000,,1,1,223,
10559,11/08/2023,319000,432500,0,1,1,52,52,1,0,31415,7666,2,1,0,
10560,10/05/2023,130000,245100,,1,0,44,,1,,24161,,2,0,47,22/05/2023
10561,18/08/2022,123000,207300,0,1,0,48,,1,,20000,,1,0,57,
10562,03/11/2022,111000,207700,0,2,0,33,,1,,20000,,1,2,49,14/12/2022
10563,20/02/2024,172000,217200,0,1,1,63,23,0,1,18339,23804,2,0,86,
10564,12/09/2022,117000,181600,0,1,0,37,,0,,20000,,2,0,14,13/10/2022
10565,08/02/2022,204000,359800,0,1,0,64,,0,,31022,,2,0,73,
10566,07/02/2023,148000,190200,0,1,0,38,,1,,20000,,2,0,91,
10567,13/04/2024,93000,195700,,2,0,49,,1,,20000,,3,0,85,
10568,16/10/2023,243000,596400,0,0,0,44,,0,,54657,,3,,63,13/11/2023
10569,27/10/2023,112000,209500,3,,0,21,,1,,28602,,1,0,248,
10570,09/01/2024,119000,209000,3,1,0,39,,0,,20000,,1,0,71,
10571,29/05/2023,52000,78000,0,1,1,38,24,1,1,12030,7970,2,0,58,06/06/2023
10572,21/02/2023,141000,206100,0,2,1,47,41,1,1,8679,12487,1,0,189,
10573,22/09/2023,553000,700400,0,2,1,43,43,0,1,38205,29959,2,0,93,
10574,24/05/2022,185000,443100,0,1,0,47,,0,,35519,,2,0,2,
10575,13/04/2024,150000,206600,0,1,0,53,,1,,20000,,2,0,12,14/05/2024
10576,29/04/2024,342000,622900,0,1,1,42,32,0,1,38253,13183,2,0,123,18/05/2024
10577,18/12/2021,38000,81800,0,2,1,56,40,0,1,8201,11799,,0,44,
10578,15/08/2023,99000,115700,0,2,0,42,,0,,20000,,,0,81,
10579,31/01/2022,267000,326500,0,2,0,59,,0,,29430,,2,0,217,
10580,13/10/2021,161000,252500,0,1,1,23,48,0,1,17407,6049,2,0,253,
10581,24/07/2024,53000,94800,0,2,0,43,,1,,20000,,2,0,76,05/08/2024
10582,24/02/2022,428000,531100,0,1,0,53,,1,,49716,,2,0,86,
10583,10/08/2023,51000,75500,0,1,0,42,,1,,20000,,2,0,82,
10584,22/02/2024,172000,205300,0,1,1,50,55,1,0,10807,10297,1,0,82,
10585,15/02/2022,38000,82600,0,1,1,47,60,1,0,13951,6049,2,2,219,
10586,24/12/2021,109000,213200,0,1,0,39,,0,,20000,,1,0,12,02/02/2022
10587,25/07/2022,100000,130200,0,2,1,32,22,0,1,13190,6810,3,0,158,
10588,26/10/2022,126000,215600,0,,0,48,,1,,20000,,2,0,16,02/11/2022
10589,20/08/2024,722000,945200,0,1,1,39,44,1,0,54834,39144,3,0,80,
10590,21/03/2023,69000,110600,0,2,1,61,18,1,0,13832,6168,2,0,200,
10591,11/12/2022,183000,217200,1,2,1,33,33,0,1,15064,4936,2,0,227,
10592,10/08/2022,52000,112400,0,0,1,58,61,0,1,8097,11903,2,0,65,
10593,03/02/2023,68000,128700,,,0,59,,0,,20000,,3,0,,17/02/2023
10594,20/08/2023,281000,357000,3,2,1,45,31,1,0,20349,14856,2,0,80,18/09/2023
10595,17/08/2023,89000,284900,0,1,0,58,,1,,28715,,2,0,9,13/08/2023
10596,17/08/2024,215000,447000,0,2,0,55,,1,,41986,,2,1,194,
10597,22/07/2023,55000,83600,0,1,0,28,,0,,20000,,2,,11,
10598,07/06/2024,75000,188200,,1,0,63,,0,,20000,,2,0,82,
10599,01/11/2022,45000,69700,0,1,1,46,54,0,1,12517,7483,2,0,,11/11/2022
10600,01/05/2024,136000,199800,0,1,0,58,,0,,20000,,0,2,56,
10601,20/08/2023,155000,212200,0,1,1,35,65,1,1,12268,8383,1,,,
10602,15/10/2021,62000,197900,1,1,0,51,,0,,21655,,2,0,82,
10603,17/01/2024,16000,53800,3,1,1,25,75,1,0,9934,10066,2,0,54,
10604,15/08/2024,106000,186000,0,1,0,58,,1,,20000,,2,0,13,
10605,07/03/2024,359000,481200,3,2,1,43,40,0,1,16369,32200,2,,7,
10606,15/02/2023,112000,208300,0,1,0,55,,0,,20000,,1,1,60,
10607,16/03/2024,107000,180500,0,,0,36,,0,,20000,,3,1,85,
10608,09/02/2022,56000,99300,0,1,1,30,57,0,0,12241,7759,2,0,,
10609,22/01/2024,268000,347200,0,1,0,66,,1,,28235,,2,0,5,
10610,15/08/2024,273000,370300,0,2,0,21,,1,,40961,,2,0,,
10611,05/04/2022,136000,206200,0,1,1,62,19,1,0,14907,5093,1,0,,
10612,19/10/2021,87000,201400,0,1,1,66,50,0,1,4610,15390,1,0,52,
10613,02/09/2022,125000,166100,0,2,0,56,,1,,20000,,2,0,83,04/10/2022
10614,04/08/2022,24000,53500,1,2,0,60,,0,,20000,,2,1,78,
10615,29/08/2024,149000,193300,0,1,0,33,,1,,20000,,0,0,20,
10616,11/12/2023,96000,195500,2,1,1,55,44,1,0,6937,14184,2,0,5,
10617,25/11/2021,14000,25800,0,2,1,52,39,0,1,7888,12112,2,0,57,
10618,22/01/2022,84000,206800,0,2,1,42,52,0,1,13062,6938,1,0,90,
10619,12/06/2024,265000,542400,0,,0,55,,0,,43564,,3,0,85,
10620,15/04/2022,175000,524900,0,2,1,18,38,1,0,18506,26559,3,1,197,24/04/2022
10621,10/05/2022,224000,323200,0,1,0,55,,1,,26379,,2,0,,
10622,21/08/2022,224000,300900,0,1,1,48,36,0,1,19860,19062,,2,58,
10623,07/02/2022,154000,196100,3,1,0,18,,1,,20000,,0,1,75,
10624,10/08/2022,146000,237000,0,1,1,33,42,1,0,10446,9554,,2,14,22/09/2022
10625,16/09/2021,41000,70700,0,1,0,65,,1,,20000,,2,0,,
10626,03/05/2022,125000,206900,0,1,0,63,,1,,20000,,1,0,217,05/06/2022
10627,29/04/2022,146000,211500,0,2,1,40,37,1,0,7404,12596,1,2,78,20/06/2022
10628,02/08/2024,22000,40800,0,0,0,32,,1,,20000,,2,1,81,
10629,01/03/2022,138000,164500,0,2,1,21,34,1,0,15661,4339,2,0,79,
10630,21/07/2022,150000,199800,0,1,1,35,20,1,0,13461,9506,2,0,16,
10631,13/08/2023,146000,231500,3,1,1,60,68,0,0,13541,20873,2,2,79,
10632,18/03/2022,126000,199000,0,1,0,61,,1,,27216,,0,0,47,
10633,28/04/2022,124000,169600,0,1,0,28,,0,,20000,,2,0,74,03/05/2022
10634,31/08/2024,341000,424000,0,1,1,38,58,0,0,14950,27069,3,0,83,
10635,21/04/2022,53000,99400,2,0,1,35,39,1,0,14590,5410,2,1,87,11/05/2022
10636,18/12/2021,185000,255700,0,0,0,18,,1,,24819,,2,0,78,
10637,04/02/2022,123000,260600,0,1,0,49,,1,,32307,,3,1,86,
10638,16/04/2022,157000,240800,2,2,1,44,36,0,1,19729,8397,2,0,183,
10639,05/07/2024,170000,202100,0,2,0,50,,0,,21641,,0,2,,
10640,28/03/2022,199000,246200,0,1,1,41,25,1,1,4840,19769,2,2,148,
10641,01/04/2024,410000,760200,0,1,1,58,75,0,1,34836,21052,2,0,14,
10642,14/09/2022,28000,37000,0,2,0,54,,1,,20000,,2,0,49,
10643,17/05/2024,126000,190100,0,1,1,35,38,0,1,9674,10326,0,0,187,
10644,02/01/2024,62000,130000,0,1,0,36,,1,,20000,,2,0,72,
10645,01/09/2024,304000,453500,0,2,0,69,,0,,50425,,2,1,39,
10646,22/04/2022,158000,272500,,2,0,38,,1,,21088,,3,2,43,
10647,09/08/2023,67000,88700,0,1,1,45,39,1,0,13997,6003,2,0,83,
10648,11/03/2022,120000,209700,,0,1,51,47,1,0,10911,14278,,2,28,
10649,15/07/2023,42000,61900,0,2,1,50,21,0,1,7364,12636,2,0,7,
10650,29/04/2022,194000,577500,0,1,0,50,,0,,46832,,3,0,10,
10651,01/09/2023,143000,205000,0,2,0,53,,0,,20000,,1,2,,
10652,11/04/2022,122000,156400,0,1,0,34,,0,,20000,,2,0,78,03/05/2022
10653,10/07/2024,87000,217800,0,2,0,37,,0,,21726,,1,1,66,
10654,11/09/2022,90000,150800,0,1,0,46,,1,,20000,,2,1,235,
10655,10/08/2022,304000,494200,0,1,1,33,49,0,1,13015,29896,3,0,184,29/09/2022
10656,09/07/2023,116000,204100,0,2,0,61,,0,,20000,,1,0,53,
10657,13/03/2024,30000,71100,0,2,0,51,,1,,20000,,2,2,80,
10658,09/04/2024,390000,556400,3,1,1,34,58,1,0,26371,21958,2,1,38,
10659,28/08/2023,254000,490500,1,1,0,25,,1,,48723,,2,0,50,
10660,24/04/2022,296000,455400,0,2,1,36,48,1,0,28003,21401,2,1,2,
10661,19/04/2024,119000,246800,0,2,0,75,,1,,20000,,2,1,77,
10662,11/12/2023,342000,702400,0,1,1,43,58,0,1,33942,27862,2,0,79,
10663,30/09/2022,95000,145800,0,2,1,31,39,1,0,10692,9308,2,2,69,26/10/2022
10664,02/10/2023,127000,200600,0,1,1,41,53,0,1,13414,8815,0,0,203,
10665,11/06/2022,134000,205700,0,1,0,67,,0,,20000,,1,,204,
10666,28/01/2024,153000,216600,0,2,0,18,,1,,28490,,2,0,48,
10667,17/08/2023,44000,79000,0,2,0,51,,1,,20000,,2,0,242,31/08/2023
10668,17/03/2024,57000,104400,0,1,0,73,,0,,20000,,2,,95,
10669,26/02/2022,325000,559800,0,,0,26,,0,,43948,,2,0,76,
10670,16/06/2024,116000,165400,0,2,1,60,26,0,1,13293,6707,2,2,86,
10671,28/01/2022,285000,531700,0,1,1,36,61,1,0,22849,24918,3,0,251,
10672,12/09/2023,178000,232700,3,1,0,47,,0,,20000,,2,2,75,
10673,16/04/2023,121000,393900,0,2,1,51,48,1,0,20681,16134,2,0,,
10674,06/09/2023,240000,432300,0,1,0,49,,1,,40084,,3,1,87,
10675,23/03/2023,160000,245800,0,1,0,67,,1,,24686,,3,0,,
10676,28/07/2024,338000,492900,0,1,1,47,47,1,0,25034,35846,3,0,60,
10677,01/07/2022,304000,592000,0,1,0,75,,0,,50594,,3,0,73,
10678,14/12/2022,108000,174500,0,1,0,75,,0,,20000,,2,0,,
10679,04/02/2022,76000,98700,0,1,0,43,,1,,20000,,2,1,16,14/03/2022
10680,17/02/2022,669000,809200,3,1,0,34,,1,,79274,,3,,,
10681,24/11/2021,105000,174400,0,1,0,26,,0,,20000,,2,0,90,07/12/2021
10682,27/07/2022,113000,201100,0,0,0,57,,0,,20000,,3,1,216,
10683,20/02/2022,369000,471000,0,1,0,41,,0,,62792,,3,0,3,
10684,06/04/2024,33000,42700,0,2,0,46,,0,,20000,,2,0,59,27/04/2024
10685,09/09/2021,129000,203500,0,2,0,34,,1,,20000,,1,0,,
10686,25/02/2024,57000,132900,3,,1,56,57,1,0,8600,11400,2,0,69,
10687,17/08/2023,136000,200200,0,1,1,73,45,1,0,12304,7696,0,1,196,
10688,04/09/2023,100000,205700,0,1,0,65,,0,,20000,,1,2,82,
10689,11/08/2023,234000,462900,0,,0,67,,0,,31835,,2,,72,
10690,19/03/2022,97000,204300,0,2,1,53,38,1,0,9586,10414,0,2,73,
10691,20/08/2023,49000,69300,0,2,0,49,,0,,20000,,2,0,79,
10692,05/02/2022,67000,109400,0,2,0,24,,0,,20000,,,1,176,
10693,11/09/2021,44000,62400,0,0,1,59,43,0,1,3817,16183,3,0,58,06/10/2021
10694,29/08/2024,124000,170100,1,1,1,57,29,0,1,6821,13179,3,0,184,
10695,14/11/2022,170000,224600,0,1,0,75,,0,,20000,,2,0,17,15/12/2022
10696,11/09/2022,151000,233800,0,1,1,66,75,0,1,3040,17914,2,1,53,
10697,24/05/2023,138000,167500,0,2,1,42,63,0,1,14269,11217,3,,104,
10698,01/07/2022,379000,546800,0,2,1,27,73,0,1,13506,31339,2,0,3,27/07/2022
10699,24/08/2024,138000,274400,0,1,1,43,44,0,1,11452,22416,2,0,48,
10700,03/12/2021,153000,385700,0,2,0,64,,0,,55534,,2,0,37,
10701,16/07/2023,144000,205900,0,1,0,54,,1,,20000,,1,0,80,
10702,11/09/2021,462000,561800,0,2,0,51,,0,,50023,,2,1,34,
10703,17/11/2023,245000,361500,0,1,1,70,64,1,0,6470,23114,3,1,4,
10704,08/02/2022,52000,114100,0,1,0,55,,0,,20000,,2,0,84,
10705,13/08/2023,228000,378500,0,2,0,56,,1,,29891,,3,0,4,22/08/2023
10706,19/08/2022,187000,354100,0,1,1,26,40,1,0,24975,15325,2,0,30,
10707,22/05/2022,282000,371600,2,1,1,58,27,1,1,21639,20851,3,1,158,
10708,28/08/2024,48000,65400,0,2,0,72,,1,,20000,,2,2,82,
10709,19/02/2023,135000,192100,0,1,0,38,,1,,20000,,0,0,80,
10710,13/07/2024,264000,385000,0,1,0,23,,0,,35633,,2,0,2,
10711,21/12/2022,130000,213300,0,1,0,49,,0,,20000,,2,0,75,
10712,16/12/2023,80000,192700,0,2,0,40,,1,,20000,,0,0,62,29/12/2023
10713,09/02/2024,106000,239400,0,2,0,74,,0,,23239,,3,1,58,
10714,29/10/2021,89000,186400,0,1,1,18,52,0,1,8263,11737,2,0,54,13/11/2021
10715,06/04/2024,128000,198300,0,1,0,75,,1,,20000,,3,0,92,29/04/2024
10716,11/09/2021,166000,201300,0,1,1,28,48,1,0,4538,15462,1,2,80,26/11/2021
10717,30/12/2021,178000,367200,,1,0,53,,0,,39349,,2,0,51,05/02/2022
10718,05/02/2022,120000,200100,0,2,0,26,,0,,20966,,2,0,172,
10719,13/09/2022,228000,380500,0,1,0,48,,0,,31868,,2,1,192,14/10/2022
10720,14/08/2023,144000,200700,0,1,0,46,,0,,20000,,0,0,63,
10721,22/06/2023,237000,412000,0,2,0,59,,0,,40814,,2,,208,
10722,14/08/2024,357000,648100,0,0,0,31,,0,,49329,,3,0,54,
10723,25/06/2022,68000,113000,0,2,1,45,22,1,0,8846,11154,2,0,178,11/07/2022
10724,28/05/2023,231000,394400,0,1,0,75,,0,,29389,,2,1,85,
10725,10/09/2023,177000,214000,0,1,0,28,,0,,20000,,1,2,171,
10726,12/08/2024,149000,280700,0,2,1,65,67,0,1,11333,16712,2,,258,
10727,24/08/2022,166000,224000,0,2,1,33,35,0,1,7692,12308,3,0,241,
10728,05/10/2021,212000,381400,0,0,1,36,37,0,0,6485,20994,2,0,,
10729,04/08/2022,151000,326200,0,1,1,46,18,1,0,5678,19341,2,1,84,23/08/2022
10730,04/06/2024,149000,207900,0,1,1,52,34,0,1,10832,9168,1,0,72,
10731,15/08/2024,323000,508300,0,2,0,30,,1,,48529,,3,0,78,
10732,18/03/2022,31000,104200,0,0,0,70,,1,,20000,,2,0,257,
10733,23/08/2023,107000,204100,0,2,1,45,71,0,0,12672,7392,1,,78,
10734,08/04/2022,347000,511000,0,,1,62,26,0,1,19178,23357,3,1,75,
10735,08/12/2023,171000,256800,0,1,1,48,59,1,0,4072,19047,2,0,71,14/02/2024
10736,26/07/2023,141000,234000,0,1,0,60,,1,,20000,,2,0,87,
10737,21/10/2021,257000,284500,2,2,0,58,,1,,24814,,2,0,205,
10738,05/07/2023,129000,204300,0,0,0,53,,1,,21214,,,1,10,15/07/2023
10739,01/08/2022,255000,378300,0,1,0,26,,1,,34305,,3,1,9,
10740,07/07/2024,100000,213600,0,1,1,42,58,0,1,11616,8384,1,0,0,04/07/2024
10741,24/07/2024,288000,537700,0,2,0,43,,1,,38864,,3,0,53,
10742,23/04/2024,130000,236100,0,2,0,43,,1,,29063,,2,1,92,13/05/2024
10743,26/03/2022,52000,111200,,1,1,18,54,0,1,5724,14276,2,1,13,
10744,30/03/2024,131000,178000,0,2,0,45,,0,,20000,,2,0,243,
10745,22/02/2024,368000,620500,,,0,38,,1,,44657,,3,0,10,
10746,25/12/2022,52000,92000,,1,0,33,,0,,20000,,3,0,15,02/01/2023
10747,06/05/2022,112000,203600,0,2,0,71,,1,,20000,,1,0,35,
10748,27/02/2022,232000,435400,0,,0,54,,1,,43384,,2,0,204,
10749,27/04/2023,364000,501000,0,1,1,36,61,1,0,18652,25710,2,0,16,
10750,18/08/2024,75000,102300,0,2,0,31,,0,,20000,,2,0,,
10751,29/08/2023,171000,472600,1,0,0,23,,1,,42196,,3,0,58,11/09/2023
10752,24/04/2022,273000,437900,0,0,1,41,42,1,0,16971,31037,,0,17,30/05/2022
10753,25/08/2023,109000,144600,0,1,0,43,,1,,20000,,2,0,225,27/09/2023
10754,07/10/2021,39000,104700,0,2,0,46,,0,,20000,,2,0,,04/10/2021
10755,27/02/2023,97000,200600,0,1,0,56,,1,,20000,,0,1,186,20/03/2023
10756,07/04/2024,116000,192500,0,1,1,64,57,1,1,10094,9906,2,0,86,
10757,05/06/2023,216000,256200,0,2,0,18,,0,,31672,,2,1,177,
10758,22/05/2023,162000,213700,,1,1,61,68,0,1,11127,8873,1,0,222,
10759,13/07/2024,278000,526700,0,1,0,30,,1,,48064,,3,2,33,
10760,09/09/2021,138000,189800,0,1,0,50,,1,,20000,,2,0,6,01/10/2021
10761,03/06/2022,260000,453900,,1,0,57,,1,,39998,,2,1,48,
10762,18/05/2022,316000,558400,3,1,1,73,32,1,1,29858,37125,2,0,81,
10763,13/03/2022,304000,350700,2,1,1,43,56,0,0,16083,14909,2,2,71,
10764,08/12/2022,57000,88900,0,2,0,52,,1,,20000,,2,0,235,
10765,06/09/2021,257000,419900,0,0,1,65,57,1,0,19931,24421,2,0,176,19/10/2021
10766,05/08/2023,146000,210900,0,1,0,63,,0,,20000,,1,2,84,
10767,02/09/2022,122000,197800,0,1,0,40,,1,,20000,,0,0,199,
10768,20/08/2023,40000,57900,0,1,0,34,,1,,20000,,2,0,72,28/08/2023
10769,15/06/2023,135000,205900,0,2,0,56,,0,,20000,,1,0,17,
10770,20/08/2024,192000,282300,0,1,0,34,,0,,21075,,2,2,205,
10771,07/02/2024,198000,286400,0,1,0,56,,0,,20000,,3,0,71,
10772,25/11/2021,103000,200700,0,1,0,48,,0,,25041,,1,0,34,
10773,04/04/2022,100000,157300,0,1,0,50,,1,,20000,,2,0,190,
10774,26/06/2022,108000,164300,0,2,1,52,28,1,0,10447,9553,2,1,155,
10775,09/08/2024,98000,120600,0,1,0,21,,1,,20000,,3,0,186,
10776,12/07/2023,214000,249000,0,2,1,49,57,1,0,18025,7573,3,1,10,07/09/2023
10777,27/04/2022,54000,206600,0,1,0,48,,0,,22151,,1,0,226,
10778,08/08/2022,449000,663700,0,1,1,55,44,1,0,14394,41381,2,1,34,19/09/2022
10779,15/02/2023,131000,210700,0,0,1,33,18,1,0,7272,14034,3,1,200,
10780,14/04/2022,180000,197700,0,2,1,18,24,0,1,11306,9311,3,0,,27/05/2022
10781,06/07/2023,749000,1192900,2,2,1,18,49,0,0,55887,62678,3,0,16,
10782,15/05/2023,345000,614000,0,1,0,43,,0,,47973,,2,0,35,01/06/2023
10783,18/03/2023,62000,93700,0,2,0,45,,1,,20000,,2,,60,16/04/2023
10784,03/06/2022,240000,365000,0,1,0,44,,0,,37951,,3,0,153,
10785,15/03/2023,42000,104700,0,1,1,63,68,1,0,8956,11044,2,0,59,
10786,16/03/2022,53000,95000,2,1,1,44,29,1,0,7981,12019,2,0,154,
10787,09/08/2023,107000,126200,0,1,1,56,58,0,1,5737,14263,3,0,72,
10788,08/10/2023,286000,340600,0,1,0,54,,1,,30088,,2,0,149,
10789,22/02/2024,32000,46800,3,2,0,37,,1,,20000,,2,0,12,
10790,06/05/2024,139000,194400,0,2,0,63,,1,,22994,,0,0,77,
10791,06/04/2024,100000,204900,0,1,0,55,,1,,20000,,3,0,53,11/04/2024
10792,31/10/2022,215000,356200,,2,0,18,,1,,29668,,2,1,77,20/11/2022
10793,15/08/2022,46000,87000,0,0,0,47,,0,,20000,,2,0,78,
10794,17/08/2023,146000,214200,0,1,1,49,33,0,1,9192,11556,1,0,,25/09/2023
10795,28/02/2022,147000,199400,0,1,0,51,,1,,20000,,1,0,83,04/04/2022
10796,07/04/2022,73000,115800,0,1,0,44,,0,,20000,,2,1,10,
10797,23/04/2022,247000,375000,0,1,1,42,75,1,0,22576,17554,3,,14,
10798,01/11/2021,329000,461300,0,2,1,75,39,0,1,29276,28620,2,0,57,06/12/2021
10799,11/07/2022,92000,157800,3,2,0,25,,1,,20000,,2,0,0,
10800,16/09/2023,46000,54800,0,0,1,42,64,0,1,6164,13836,2,0,87,22/10/2023
10801,24/08/2024,159000,443800,0,1,1,59,40,0,1,13950,26752,2,0,10,
10802,02/09/2022,143000,214300,1,2,0,55,,1,,20000,,2,,85,
10803,14/11/2023,254000,519600,3,1,1,75,39,0,0,21558,29727,3,0,53,
10804,06/09/2021,98000,142800,0,1,0,46,,1,,20000,,2,1,34,11/09/2021
10805,06/05/2023,170000,264800,0,2,0,62,,0,,23478,,2,0,3,20/05/2023
10806,12/08/2023,40000,49900,0,1,1,51,40,1,0,8448,11552,3,0,205,
10807,15/04/2024,211000,326800,0,1,0,40,,0,,28874,,3,0,55,
10808,05/02/2023,193000,304500,0,0,0,38,,1,,27656,,2,0,174,
10809,08/09/2023,107000,251700,0,1,0,30,,1,,20000,,2,0,87,
10810,22/04/2022,88000,120400,1,2,0,67,,0,,20000,,2,0,11,
10811,09/08/2023,111000,199200,0,1,0,25,,1,,20000,,2,1,20,
10812,26/02/2023,248000,475400,0,1,0,74,,1,,42249,,2,0,181,13/03/2023
10813,11/08/2024,220000,359500,0,2,0,52,,1,,29385,,2,0,16,
10814,20/02/2022,153000,206500,0,,0,54,,0,,20000,,1,1,36,
10815,12/08/2024,309000,478200,0,0,0,18,,0,,33562,,2,0,47,
10816,09/09/2023,108000,194800,0,2,1,28,32,1,0,8282,11718,0,0,13,
10817,27/07/2024,151000,198300,0,2,1,42,75,1,0,11680,8320,0,0,182,
10818,08/04/2022,81000,180800,0,2,0,56,,1,,20000,,2,1,32,
10819,24/03/2022,77000,150200,0,2,0,56,,1,,20000,,2,0,53,18/04/2022
10820,11/08/2022,126000,196800,0,1,0,55,,1,,20000,,1,1,244,
10821,15/07/2024,170000,424300,,1,0,19,,1,,50953,,3,0,55,
10822,17/09/2022,390000,563600,0,1,0,55,,1,,50814,,3,2,86,
10823,04/09/2022,216000,306300,0,1,0,57,,0,,23380,,3,0,0,
10824,11/04/2023,372000,508500,0,1,0,18,,1,,53363,,3,0,154,
10825,19/08/2023,151000,200600,0,1,1,29,27,1,1,4560,15440,0,1,72,
10826,10/06/2023,234000,490400,0,1,0,34,,1,,48589,,3,1,56,
10827,19/08/2023,91000,192300,0,1,0,18,,0,,20000,,2,0,195,
10828,17/09/2023,189000,245600,0,2,0,53,,1,,21321,,3,2,211,
10829,02/06/2023,96000,132700,0,,0,38,,0,,20000,,2,1,84,18/06/2023
10830,07/08/2024,742000,1063300,0,0,0,30,,1,,79987,,2,0,3,
10831,10/10/2023,81000,142600,0,,0,55,,0,,20000,,3,0,217,
10832,09/06/2022,46000,69500,0,1,0,48,,1,,20000,,2,0,210,
10833,08/05/2024,75000,188700,2,2,1,34,18,1,0,6514,13486,2,0,15,
10834,18/03/2022,185000,320800,2,1,1,75,44,0,1,20369,10097,2,1,56,
10835,30/06/2023,191000,403300,0,1,0,61,,0,,28095,,,0,83,
10836,14/09/2023,290000,454900,1,1,1,42,47,0,1,24567,12186,2,1,,
10837,27/03/2022,141000,232300,0,1,0,44,,0,,20000,,3,0,60,
10838,14/01/2024,79000,119200,0,2,1,75,55,1,1,6566,13434,2,0,54,13/02/2024
10839,03/03/2023,375000,531400,0,0,1,52,22,1,0,29610,36331,2,0,55,
10840,23/01/2024,314000,452800,0,2,0,45,,0,,33316,,2,2,38,13/02/2024
10841,02/09/2023,119000,206500,0,1,1,27,33,0,1,14059,5941,1,0,48,
10842,21/12/2021,164000,208500,0,2,0,45,,1,,20000,,1,0,259,
10843,10/10/2021,113000,207700,0,1,0,47,,1,,22492,,1,0,172,
10844,16/04/2022,47000,112700,0,0,0,34,,0,,20000,,3,0,224,
10845,16/02/2022,131000,259600,0,,0,48,,0,,20000,,3,,82,
10846,30/08/2023,94000,180000,0,1,1,45,65,0,1,16411,3589,2,0,54,
10847,30/06/2024,102000,124900,1,0,0,65,,0,,20000,,2,0,7,
10848,11/09/2022,298000,464000,0,1,0,37,,1,,34008,,3,0,48,04/10/2022
10849,30/10/2023,107000,136700,0,0,1,44,61,0,1,8379,11621,2,0,,
10850,04/01/2024,75000,108100,,2,1,67,45,0,1,14114,5886,2,2,51,
10851,06/05/2024,101000,208100,0,2,0,33,,1,,20000,,1,0,80,
10852,06/05/2024,281000,502800,0,1,0,39,,1,,39830,,2,0,73,
10853,18/04/2022,145000,297200,0,2,0,53,,1,,27042,,2,0,,
10854,12/08/2022,43000,56200,0,1,1,46,29,1,0,10521,9479,2,0,81,
10855,27/03/2024,58000,95300,0,1,0,51,,1,,20000,,2,0,5,
10856,18/02/2024,96000,167100,1,1,0,58,,0,,20000,,2,0,86,
10857,03/09/2022,97000,230500,0,2,1,65,72,0,1,7910,12090,2,1,77,
10858,18/01/2023,73000,167000,2,2,1,28,57,1,1,5347,14653,2,1,97,
10859,15/05/2022,180000,339000,0,1,1,31,55,1,0,28027,18526,2,1,179,
10860,23/06/2024,144000,194500,0,1,1,53,37,0,1,3960,16040,2,0,8,20/08/2024
10861,11/11/2021,126000,186600,0,1,1,70,32,1,0,15457,4543,2,0,54,
10862,13/07/2024,296000,454300,0,1,0,60,,0,,46291,,2,0,59,
10863,14/03/2023,111000,238000,3,2,0,59,,0,,20000,,2,2,3,
10864,09/04/2023,175000,256800,0,2,0,73,,1,,20000,,2,0,84,15/05/2023
10865,21/04/2023,73000,120500,0,1,0,50,,0,,20000,,3,1,80,
10866,29/03/2023,170000,252400,0,2,1,48,44,0,1,5402,18247,3,0,89,
10867,05/04/2023,285000,804600,0,1,1,67,56,0,1,18680,38144,2,0,50,
10868,16/02/2023,81000,135600,2,1,1,67,44,0,1,8486,11514,2,,40,28/02/2023
10869,22/02/2024,432000,697300,0,1,1,45,50,0,1,27020,35610,2,2,57,23/03/2024
10870,21/10/2021,123000,208000,,1,0,38,,1,,20000,,1,1,69,
10871,25/08/2023,144000,253600,0,1,1,47,65,1,1,24438,9018,3,0,150,
10872,18/07/2023,74000,137000,0,1,0,48,,1,,20000,,2,2,1,
10873,23/03/2023,386000,585900,0,2,1,52,18,1,0,20474,26603,2,0,,
10874,09/08/2023,94000,155100,2,2,0,42,,1,,20000,,2,1,9,
10875,06/03/2024,58000,138600,0,1,0,39,,1,,20000,,3,2,218,
10876,03/10/2022,105000,206700,0,1,0,60,,1,,20000,,1,0,84,19/10/2022
10877,03/02/2024,82000,138800,0,1,0,27,,0,,20000,,2,0,35,
10878,29/08/2022,199000,260000,0,1,0,38,,1,,20000,,,0,223,09/10/2022
10879,30/12/2022,92000,127600,0,2,0,18,,0,,20000,,2,0,88,
10880,10/12/2021,69000,91000,0,1,0,58,,1,,20000,,2,0,14,03/01/2022
10881,03/09/2023,291000,424900,0,1,1,62,45,1,0,13850,20118,2,0,65,
10882,09/09/2021,258000,458900,0,1,1,41,26,1,0,23180,29543,2,0,150,
10883,24/09/2022,88000,127500,2,1,0,50,,0,,20000,,3,0,,02/11/2022
10884,22/04/2022,234000,407100,0,2,1,70,50,1,0,10657,27177,3,0,89,21/05/2022
10885,27/08/2023,268000,436300,3,2,1,65,46,0,1,34595,28445,3,2,75,
10886,14/10/2023,262000,420300,0,2,1,31,63,1,0,8162,24837,,0,17,23/11/2023
10887,04/07/2022,88000,188500,0,1,1,33,34,0,1,9360,10640,3,2,6,
10888,25/01/2023,185000,252000,0,1,1,54,44,1,0,11448,12073,2,1,1,
10889,06/04/2024,312000,382000,,2,1,36,43,1,0,21250,9323,2,0,83,
10890,30/08/2023,99000,128000,0,1,0,51,,0,,20000,,2,0,54,
10891,09/09/2022,348000,539200,0,2,0,75,,0,,64193,,3,0,71,22/09/2022
10892,23/03/2022,262000,431900,0,1,0,33,,0,,42969,,,0,73,
10893,05/09/2022,46000,60000,0,0,1,44,70,1,0,6001,13999,2,0,92,
10894,16/06/2023,36000,51600,0,2,0,52,,1,,20000,,2,2,76,
10895,01/09/2023,91000,198700,0,,0,63,,0,,20528,,0,0,77,
10896,11/05/2024,167000,309800,0,1,1,35,37,0,1,10955,15261,3,1,16,17/05/2024
10897,02/03/2023,28000,76700,0,1,1,40,39,1,0,13451,6549,2,0,62,13/03/2023
10898,21/05/2022,217000,278600,0,,0,38,,1,,21944,,3,2,55,
10899,19/03/2024,149000,225500,0,1,1,39,61,0,1,11123,9166,2,0,187,
10900,24/08/2022,166000,209300,0,1,0,55,,1,,20000,,1,0,1,
10901,23/01/2024,210000,278400,0,1,0,41,,1,,26843,,2,0,78,
10902,02/08/2024,182000,303000,0,2,1,43,37,0,1,11408,11984,3,1,203,
10903,16/04/2023,66000,82800,0,1,1,35,25,1,0,14310,5690,2,1,85,
10904,03/08/2024,337000,541400,0,2,1,50,50,1,0,15152,28163,2,0,221,
10905,29/10/2023,134000,210500,1,1,1,43,34,0,1,8176,11824,3,0,12,
10906,03/09/2021,115000,204100,0,1,0,59,,1,,20252,,1,0,88,23/09/2021
10907,02/09/2023,24000,32800,0,2,0,50,,0,,20000,,2,0,205,
10908,02/12/2021,397000,641100,2,0,0,24,,1,,53359,,3,0,80,
10909,29/08/2022,107000,196200,0,2,1,62,72,1,0,15137,4863,0,1,10,
10910,04/08/2022,82000,115500,3,1,1,55,68,0,1,12518,7482,2,1,219,17/09/2022
10911,04/03/2022,322000,667400,0,0,1,39,44,1,0,42199,39217,2,0,83,
10912,20/02/2023,363000,548400,0,1,1,57,28,1,0,30001,11035,2,0,182,
10913,24/04/2024,60000,86700,0,2,1,53,31,0,1,7972,12028,2,2,165,
10914,06/09/2022,74000,90800,0,0,0,75,,0,,20000,,3,1,86,
10915,27/08/2024,77000,128300,0,1,0,44,,0,,20000,,2,1,90,
10916,04/04/2023,181000,259300,0,1,0,70,,1,,28692,,2,0,273,
10917,09/01/2023,37000,63300,0,2,0,41,,0,,20000,,2,0,71,
10918,08/11/2021,62000,288700,0,2,1,53,60,1,1,6348,18913,2,,61,
10919,17/11/2023,219000,428300,0,2,0,65,,1,,53636,,2,2,87,
10920,08/04/2024,28000,55700,,1,1,37,18,0,1,15551,4449,2,0,,18/05/2024
10921,04/01/2023,100000,209200,0,1,1,27,28,0,1,10298,9702,1,1,214,
10922,12/11/2022,113000,211700,0,0,0,28,,0,,20000,,2,1,163,
10923,06/04/2024,244000,385700,0,1,1,47,28,1,0,32578,20255,3,0,55,
10924,26/02/2024,253000,335100,0,0,0,47,,1,,28264,,3,0,90,
10925,17/02/2024,63000,113200,,2,0,68,,0,,20000,,2,0,225,
10926,30/08/2022,312000,471400,0,2,1,35,27,1,0,9489,30734,3,,29,
10927,30/08/2024,118000,207500,3,1,1,38,75,1,1,8756,11244,1,1,218,
10928,08/06/2023,160000,218500,,2,0,27,,1,,20000,,2,1,151,
10929,25/11/2023,535000,1056700,3,2,0,44,,1,,101654,,3,1,206,
10930,25/11/2021,116000,177000,0,1,0,50,,1,,20000,,2,0,195,
10931,16/04/2023,79000,122500,0,0,1,71,75,1,0,14428,5572,2,1,55,
10932,11/03/2023,146000,291800,,1,0,75,,1,,29400,,2,0,240,
10933,09/03/2024,153000,299000,2,1,1,52,56,1,0,9407,15926,3,1,12,
10934,09/08/2024,78000,141900,0,1,0,62,,0,,20000,,,0,56,
10935,08/10/2023,315000,478700,0,1,1,58,49,0,1,23680,20116,3,0,15,
10936,20/03/2022,224000,379300,0,2,0,48,,0,,47236,,2,1,74,
10937,29/03/2024,74000,98700,1,,0,42,,1,,20000,,3,0,46,
10938,08/06/2022,109000,337200,3,1,0,40,,1,,29774,,2,0,53,
10939,05/09/2023,48000,98600,0,0,1,50,52,1,0,13790,6210,2,0,31,
10940,05/06/2022,332000,539100,0,2,0,50,,0,,42451,,2,,38,
10941,29/02/2024,236000,324900,0,2,0,30,,0,,30974,,2,0,212,
10942,21/12/2023,126000,206500,0,2,0,32,,1,,23379,,1,0,72,
10943,02/05/2022,183000,253400,0,1,0,44,,1,,21095,,2,1,54,
10944,11/03/2023,117000,354000,,1,1,38,58,0,1,14988,17564,2,1,87,
10945,15/08/2024,76000,211100,0,0,0,52,,1,,22630,,1,2,74,
10946,24/10/2022,164000,202200,0,1,0,48,,1,,20000,,1,1,229,
10947,30/08/2024,48000,112900,0,1,1,69,34,0,0,15558,4442,2,1,68,
10948,06/08/2024,304000,722900,2,1,0,28,,1,,62137,,2,0,79,17/08/2024
10949,09/08/2023,51000,88300,0,,1,52,53,0,0,8692,11308,2,0,29,
10950,11/12/2021,176000,372600,0,1,0,60,,0,,35663,,2,0,77,
10951,10/10/2023,155000,235400,0,1,0,39,,0,,20025,,2,0,78,
10952,24/12/2021,34000,48900,2,1,1,70,41,1,0,12699,7301,2,0,77,28/01/2022
10953,07/08/2023,96000,192700,0,1,0,63,,1,,20000,,0,0,71,06/09/2023
10954,07/09/2022,692000,955900,1,1,0,43,,1,,72848,,3,0,225,
10955,15/03/2022,118000,142700,0,1,1,27,60,0,1,6851,13149,2,0,92,27/04/2022
10956,07/06/2024,195000,295600,0,1,0,40,,1,,26532,,2,0,227,06/07/2024
10957,31/03/2023,387000,748200,0,1,0,18,,1,,139123,,2,0,11,
10958,24/10/2023,177000,311500,0,1,0,60,,1,,35401,,3,0,17,
10959,11/09/2023,146000,207000,0,1,0,58,,0,,20000,,1,0,12,
10960,09/01/2023,167000,295000,3,0,1,58,40,1,0,8824,11830,3,0,39,06/02/2023
10961,23/04/2022,121000,198000,0,1,0,75,,1,,20000,,0,2,56,
10962,24/08/2022,55000,86800,0,2,0,39,,0,,20000,,3,0,6,17/09/2022
10963,21/07/2022,582000,928100,0,,1,55,33,0,0,24835,47143,2,0,52,25/08/2022
10964,13/10/2023,144000,244400,0,0,1,45,24,1,0,12426,10697,3,0,231,
10965,31/05/2024,256000,442900,0,2,0,42,,0,,45647,,2,1,14,
10966,08/07/2022,112000,260800,0,2,1,41,45,1,0,14385,7533,2,0,74,
10967,03/08/2023,305000,493700,1,1,0,57,,1,,35917,,2,0,202,16/09/2023
10968,21/08/2024,356000,477900,0,1,0,53,,0,,45181,,3,0,189,
10969,21/08/2022,851000,1043800,0,1,1,55,66,1,0,35246,61782,3,0,207,
10970,25/11/2021,274000,450000,0,1,0,28,,1,,37640,,3,0,33,
10971,12/01/2022,299000,589200,0,0,0,34,,0,,66367,,2,2,47,
10972,25/05/2024,237000,406600,0,1,0,19,,0,,35013,,3,0,17,
10973,01/09/2024,44000,60900,0,1,1,34,57,0,1,8024,11976,2,0,57,
10974,04/09/2023,156000,209000,0,0,1,41,49,0,1,10341,10553,1,0,11,
10975,31/03/2022,96000,106200,0,,0,50,,1,,20000,,2,1,205,11/05/2022
10976,14/05/2024,416000,579300,3,1,0,18,,1,,46598,,3,0,88,
10977,25/09/2022,189000,297400,0,1,0,32,,0,,27797,,3,0,39,
10978,21/09/2021,38000,73300,0,2,1,53,46,0,1,13646,6354,2,2,14,
10979,20/11/2022,134000,234600,0,2,1,60,59,1,0,3163,16837,2,0,50,
10980,09/02/2024,248000,414100,0,0,0,22,,0,,45647,,3,2,77,
10981,15/04/2023,117000,208800,0,1,0,40,,1,,25367,,1,0,9,15/05/2023
10982,25/09/2021,117000,200400,3,2,0,54,,0,,20000,,3,0,201,
10983,05/12/2021,135000,259300,0,2,0,49,,1,,22852,,2,0,83,
10984,25/06/2022,169000,312800,0,0,0,45,,0,,32575,,3,1,233,
10985,27/03/2024,236000,354900,0,2,0,52,,1,,31869,,2,1,199,
10986,16/10/2022,200000,338400,0,2,0,66,,1,,30536,,3,0,17,
10987,12/09/2023,112000,152600,2,2,1,59,39,0,0,7401,12599,2,0,,29/09/2023
10988,12/03/2022,86000,117400,2,,0,68,,1,,20000,,2,0,11,
10989,13/10/2021,96000,145700,0,1,1,28,35,0,1,19473,4165,2,0,64,
10990,26/02/2024,173000,260600,0,1,0,40,,0,,32649,,2,0,81,
10991,04/06/2024,214000,359600,0,2,0,55,,0,,35936,,2,1,73,
10992,28/07/2022,590000,738700,0,1,0,36,,0,,65861,,2,0,71,
10993,27/03/2022,86000,208700,0,0,1,41,26,0,1,12722,10060,2,,211,
10994,23/07/2024,104000,173100,,0,0,42,,0,,20000,,2,1,78,
10995,21/10/2023,148000,274800,0,1,0,44,,1,,24338,,2,1,14,28/11/2023
10996,27/01/2022,205000,228700,0,2,0,53,,1,,22134,,3,1,85,
10997,19/11/2022,455000,607600,0,1,0,53,,0,,50767,,2,1,156,28/12/2022
10998,04/05/2023,336000,661700,0,1,0,59,,1,,43614,,2,0,59,28/05/2023
10999,17/11/2021,43000,65800,1,0,0,45,,1,,20000,,2,0,53,07/12/2021
11000,30/08/2022,160000,325400,0,,0,21,,1,,32480,,3,0,88,08/09/2022
11001,15/01/2023,42000,64500,0,2,1,41,27,1,1,9775,10225,2,2,77,
11002,22/07/2023,156000,380800,0,2,0,37,,0,,54972,,2,0,226,
11003,13/04/2024,106000,198700,0,1,0,75,,0,,20000,,0,0,90,
11004,15/08/2023,285000,457000,,1,0,47,,1,,39910,,2,0,75,
11005,11/07/2023,149000,192400,0,1,1,49,25,1,0,11346,8839,0,0,7,
11006,01/11/2023,125000,229800,0,1,1,33,22,1,1,15479,4521,2,0,65,
11007,17/08/2023,83000,124100,0,,1,37,59,1,0,10827,9173,2,0,80,
11008,19/08/2024,75000,119900,0,1,0,25,,1,,20000,,2,0,75,
11009,01/04/2023,139000,203000,0,1,0,39,,1,,20000,,,0,,18/04/2023
11010,06/05/2022,212000,285700,0,1,1,46,58,1,1,13814,10225,2,0,59,
11011,04/04/2023,166000,393800,0,1,0,75,,0,,30255,,3,0,33,
11012,05/09/2021,77000,155000,0,2,1,32,35,0,1,12470,7530,3,0,72,
11013,17/07/2024,72000,91000,1,0,0,25,,0,,20000,,2,0,5,
11014,05/09/2021,352000,443600,,2,0,66,,0,,40803,,3,1,81,
11015,13/03/2022,147000,182000,0,1,1,51,52,0,0,8160,11840,3,1,86,23/04/2022
11016,29/04/2022,138000,200300,0,2,0,47,,0,,20000,,1,2,6,22/05/2022
11017,29/02/2024,66000,129100,0,2,0,18,,0,,20000,,,0,85,
11018,29/05/2023,158000,211200,0,2,0,75,,0,,24991,,1,0,32,12/06/2023
11019,05/10/2023,117000,171500,,1,1,27,51,0,1,11010,11205,2,0,15,08/11/2023
11020,12/07/2023,217000,261800,0,1,0,43,,0,,22928,,2,,189,
11021,22/09/2022,172000,251300,0,1,0,34,,1,,24849,,2,0,228,
11022,26/07/2022,78000,153300,1,1,0,49,,1,,21220,,2,0,210,
11023,14/09/2021,117000,230500,,1,0,51,,1,,30117,,,0,1,
11024,13/12/2022,212000,237200,0,1,0,44,,1,,20000,,2,0,85,14/01/2023
11025,19/12/2022,81000,141700,0,0,0,52,,1,,20000,,2,0,79,25/01/2023
11026,09/03/2022,134000,184300,0,2,0,18,,0,,20000,,2,2,57,
11027,16/07/2024,204000,414000,0,2,0,40,,0,,34173,,2,1,99,
11028,03/10/2021,256000,391600,0,1,0,66,,1,,35280,,,0,6,
11029,21/02/2023,69000,100800,0,1,0,42,,1,,20000,,2,2,12,
11030,28/04/2024,112000,200700,0,1,1,30,38,1,0,10590,9410,1,0,218,
11031,19/03/2024,204000,348700,0,2,0,45,,1,,30338,,2,1,80,
11032,21/02/2024,537000,808300,0,1,0,75,,0,,60413,,2,0,90,28/03/2024
11033,25/08/2024,98000,204400,,1,0,26,,0,,20000,,0,1,224,
11034,03/11/2023,105000,178100,0,1,0,39,,1,,20000,,2,1,78,
11035,28/08/2024,164000,200100,0,1,1,37,49,1,0,12661,7339,0,0,5,
11036,02/08/2022,39000,76100,0,0,0,41,,1,,20000,,2,0,95,
11037,27/12/2021,634000,1073900,3,0,0,37,,0,,82038,,2,1,79,
11038,28/08/2023,141000,225800,2,1,1,53,61,1,0,11343,8657,2,0,51,27/09/2023
11039,19/04/2022,312000,533600,0,1,1,53,72,1,0,27061,20378,3,0,174,
11040,19/09/2022,202000,239800,1,1,1,56,54,0,1,12728,7272,3,0,226,
11041,22/01/2022,388000,564500,0,1,1,34,21,1,0,25204,22570,3,0,15,
11042,11/09/2022,94000,146500,0,0,0,52,,1,,20000,,2,1,82,16/10/2022
11043,08/04/2023,64000,75300,0,1,1,31,53,0,1,5209,14791,2,0,56,
11044,20/01/2023,97000,231500,0,2,1,50,47,0,1,10424,11949,2,0,1,
11045,29/08/2022,128000,319000,0,1,0,34,,1,,25070,,3,0,90,
11046,11/07/2023,136000,205800,0,0,0,40,,1,,20000,,,,97,
11047,18/07/2023,329000,429000,0,1,0,45,,0,,39575,,3,,1,
11048,08/03/2022,111000,192900,0,1,0,51,,0,,20000,,3,0,176,
11049,23/03/2024,225000,348600,,2,1,67,18,1,0,14680,11557,2,1,,14/05/2024
11050,08/12/2021,34000,70400,0,1,0,49,,0,,20000,,2,0,230,26/12/2021
11051,27/12/2022,136000,213700,0,1,0,53,,1,,20000,,1,1,62,06/02/2023
11052,24/02/2022,110000,204500,0,0,0,56,,1,,20000,,1,0,227,20/03/2022
11053,27/03/2024,164000,493400,3,1,0,28,,1,,32958,,3,0,59,
11054,03/06/2022,108000,172100,0,1,0,65,,0,,20000,,2,0,78,
11055,19/03/2022,435000,635700,0,1,0,33,,1,,70835,,2,0,72,16/04/2022
11056,03/09/2022,425000,871000,0,1,0,45,,0,,82414,,2,0,77,
11057,06/11/2021,188000,404600,0,1,0,56,,0,,45534,,3,1,206,
11058,18/04/2023,141000,239500,0,1,0,47,,1,,31404,,2,0,214,
11059,03/04/2022,528000,835200,0,1,0,42,,1,,88367,,2,0,7,
11060,15/02/2023,100000,195700,0,2,0,30,,0,,20000,,0,2,18,03/03/2023
11061,18/10/2023,181000,284000,0,1,0,33,,1,,22420,,2,0,10,16/11/2023
11062,18/03/2022,354000,564200,2,2,0,58,,0,,48058,,3,1,57,
11063,25/05/2024,149000,257800,0,1,0,51,,1,,22521,,2,0,37,18/06/2024
11064,20/07/2022,448000,718000,0,1,1,58,45,1,0,40873,11861,2,0,212,
11065,27/08/2024,61000,146700,0,2,0,41,,0,,20000,,2,0,85,
11066,06/05/2024,73000,127900,0,1,1,39,55,0,1,10505,9495,2,0,59,
11067,13/07/2024,93000,167300,0,,0,18,,1,,20000,,3,0,81,27/07/2024
11068,04/01/2024,391000,797600,1,1,0,29,,1,,69444,,3,0,13,
11069,01/08/2023,24000,30500,0,2,0,26,,1,,20000,,2,0,184,
11070,01/09/2022,178000,201000,0,1,0,54,,0,,20000,,3,0,79,
11071,29/10/2021,130000,200500,0,,1,51,52,0,1,13938,6062,0,1,61,14/11/2021
11072,16/11/2021,78000,141700,0,0,0,61,,1,,20000,,2,0,57,
11073,03/02/2024,208000,324900,0,1,1,33,18,1,0,20580,6089,3,1,18,23/02/2024
11074,05/08/2023,110000,203800,0,,1,51,31,1,0,9551,10449,1,2,70,
11075,10/09/2021,121000,212900,0,1,0,31,,0,,20000,,1,1,55,
11076,26/08/2024,205000,273600,0,1,0,18,,0,,28510,,3,0,17,
11077,20/11/2021,95000,119200,0,2,1,39,32,1,0,10325,9675,2,1,217,21/01/2022
11078,28/07/2023,371000,731700,0,1,0,33,,1,,65987,,2,0,95,
11079,26/01/2023,145000,241300,0,1,1,54,75,0,1,10170,11185,2,1,54,28/02/2023
11080,08/12/2022,69000,141300,0,2,1,75,57,0,0,7072,12928,2,0,93,
11081,24/08/2022,24000,137100,,0,0,57,,0,,20000,,2,1,184,
11082,10/10/2023,146000,262900,0,1,0,36,,1,,33742,,2,2,203,02/11/2023
11083,04/11/2021,264000,313800,,1,1,53,18,1,0,7260,20564,2,1,230,31/01/2022
11084,07/09/2023,523000,702200,0,1,0,25,,0,,63454,,3,0,196,
11085,02/05/2022,123000,208600,0,1,0,75,,0,,20000,,1,0,88,
11086,01/06/2024,114000,196300,0,1,0,65,,1,,21278,,2,0,76,
11087,11/09/2022,83000,134600,0,1,1,69,56,0,1,12674,7326,2,0,28,07/10/2022
11088,10/02/2022,242000,418400,0,2,0,24,,0,,32357,,2,0,9,
11089,26/08/2024,173000,289600,0,2,1,49,61,1,0,24068,22004,3,0,56,
11090,18/04/2024,76000,209300,0,0,1,38,75,1,0,8903,14802,1,0,55,29/04/2024
11091,01/12/2023,74000,211500,0,1,1,28,67,0,1,12887,7113,2,0,62,
11092,21/02/2024,324000,450500,0,2,0,48,,0,,33590,,2,0,55,28/03/2024
11093,27/12/2022,37000,125000,0,1,1,49,46,0,1,13638,6362,2,2,254,30/01/2023
11094,04/09/2023,256000,417100,2,1,0,39,,0,,37711,,3,1,57,09/10/2023
11095,02/12/2021,64000,207000,3,2,0,42,,1,,21513,,1,0,33,
11096,29/08/2024,310000,470600,0,1,1,61,62,1,0,22878,12543,2,2,45,
11097,10/04/2024,845000,1144200,2,,0,39,,1,,86121,,,1,50,
11098,25/03/2022,390000,440700,0,1,1,42,56,1,0,21640,21901,3,0,191,
11099,07/02/2024,87000,158400,0,1,0,46,,1,,20000,,3,0,56,13/03/2024
11100,08/04/2024,122000,221000,0,1,1,39,26,1,0,11778,8222,2,0,76,19/04/2024
11101,08/08/2022,110000,204200,0,1,1,54,43,0,1,3979,16021,1,0,21,
11102,09/08/2024,790000,913700,0,1,0,38,,1,,76215,,2,0,89,
11103,07/06/2024,40000,58300,2,1,0,27,,1,,20000,,2,0,75,
11104,11/08/2024,256000,327000,0,,1,47,58,0,1,11006,12448,2,0,1,
11105,11/08/2023,186000,310400,3,1,1,43,37,1,0,12814,13644,3,0,60,07/09/2023
11106,04/02/2022,125000,210200,0,1,0,31,,0,,24721,,1,0,222,
11107,28/07/2023,62000,118400,0,1,0,53,,1,,20000,,2,0,76,
11108,29/08/2023,321000,882200,0,1,0,71,,0,,112657,,3,0,13,12/09/2023
11109,13/04/2022,61000,210100,0,1,0,69,,0,,20000,,1,1,65,
11110,23/04/2024,148000,212100,0,1,0,59,,0,,20000,,,0,59,
11111,01/08/2023,160000,203000,0,1,1,43,33,1,0,2214,18935,1,,52,27/10/2023
11112,22/04/2024,109000,211700,,2,1,53,46,1,0,10284,10156,1,0,79,10/05/2024
11113,14/08/2022,64000,108000,0,2,0,28,,1,,20000,,2,0,78,
11114,09/09/2022,126000,183200,0,1,0,42,,1,,20000,,2,1,7,
11115,24/05/2023,155000,191300,0,2,0,48,,0,,20000,,0,1,190,
11116,01/03/2024,25000,34200,2,1,1,36,49,0,1,10260,9740,2,0,228,
11117,14/08/2022,82000,188900,0,1,0,32,,0,,20000,,2,0,,
11118,16/05/2024,75000,177100,0,1,0,72,,0,,20000,,,0,88,
11119,30/08/2022,182000,312900,0,0,1,56,18,0,1,16332,8528,2,1,19,
11120,21/05/2023,542000,846500,,2,1,28,39,0,1,57223,10986,3,1,154,
11121,18/04/2023,130000,272200,0,,0,59,,0,,20807,,2,0,86,
11122,29/12/2021,209000,299800,0,1,0,34,,0,,24136,,2,,220,
11123,12/08/2024,336000,648300,0,1,0,45,,1,,54298,,2,0,,
11124,17/02/2022,263000,608100,3,1,0,64,,0,,69300,,3,0,82,15/02/2022
11125,07/08/2023,169000,340100,0,2,0,64,,1,,30529,,2,0,43,20/08/2023
11126,24/09/2021,518000,1090800,0,2,0,31,,1,,143208,,2,0,4,07/10/2021
11127,05/09/2023,106000,245500,0,2,0,26,,1,,31830,,3,0,81,
11128,11/08/2022,91000,180000,0,0,0,56,,0,,20000,,2,0,207,
11129,28/01/2022,126000,179100,2,1,0,41,,0,,20000,,2,0,16,26/02/2022
11130,28/08/2022,106000,195900,0,1,1,18,50,0,1,4299,15701,0,0,245,
11131,03/09/2022,103000,147100,0,0,0,45,,0,,20000,,2,0,47,06/09/2022
11132,07/03/2023,88000,114700,,1,1,51,31,0,1,16524,3476,2,1,216,11/04/2023
11133,15/03/2023,126000,185000,1,1,0,45,,1,,36247,,,0,77,02/04/2023
11134,10/08/2023,205000,328200,,2,0,50,,0,,32696,,2,2,189,17/09/2023
11135,29/03/2024,162000,276500,0,1,0,56,,0,,29009,,2,0,59,
11136,25/08/2022,169000,309000,0,2,0,49,,0,,26762,,2,0,165,23/09/2022
11137,18/10/2022,352000,538100,0,1,0,74,,1,,49582,,2,0,15,
11138,06/03/2023,34000,105300,0,1,0,22,,0,,20000,,3,,13,
11139,06/03/2022,165000,216700,0,1,0,56,,1,,20000,,3,0,80,
11140,15/03/2022,122000,206800,,1,1,18,53,1,0,13450,6550,1,1,77,
11141,25/01/2022,52000,116600,0,2,1,69,41,1,1,15152,4848,2,,73,
11142,03/09/2022,71000,125400,0,1,0,42,,0,,20000,,3,0,3,
11143,26/02/2023,177000,323200,0,1,0,56,,0,,27999,,3,0,50,
11144,28/02/2024,96000,175400,,2,0,18,,0,,20000,,3,0,59,
11145,18/04/2024,569000,1205500,0,,0,29,,1,,117679,,2,0,235,09/05/2024
11146,05/12/2023,332000,601800,0,2,0,49,,1,,49277,,3,0,11,
11147,04/11/2021,59000,109000,0,1,1,29,49,0,1,13532,6468,2,2,15,16/11/2021
11148,09/06/2023,127000,206300,0,1,1,25,42,1,0,9618,10382,1,1,52,18/06/2023
11149,27/01/2022,517000,779800,0,1,0,36,,0,,97349,,2,0,13,
11150,07/04/2023,191000,271300,0,2,0,25,,1,,20000,,2,0,52,
11151,08/12/2023,1118000,1546100,2,1,1,56,18,0,1,77451,34290,3,0,,30/01/2024
11152,20/11/2022,84000,156900,,1,0,49,,1,,26275,,2,2,,
11153,29/08/2022,34000,80300,0,1,0,47,,1,,20000,,2,0,81,
11154,10/01/2024,301000,458200,0,2,1,64,47,1,1,28026,25754,2,0,83,
11155,29/12/2021,109000,526100,0,0,0,48,,0,,49273,,2,0,5,
11156,24/02/2023,369000,484400,0,1,0,34,,0,,36129,,2,0,60,
11157,03/03/2023,80000,200100,0,1,1,34,54,1,0,9514,10486,1,0,90,
11158,22/08/2024,83000,140700,0,1,0,44,,1,,20000,,2,0,37,
11159,04/04/2023,222000,325400,1,1,0,38,,0,,28441,,2,0,150,
11160,18/08/2022,145000,214200,0,,1,60,38,1,0,7575,12694,1,1,127,
11161,03/12/2022,437000,884000,0,1,1,49,41,0,1,47919,91377,3,2,209,
11162,24/05/2024,256000,363100,2,0,0,44,,0,,33094,,2,0,47,23/06/2024
11163,21/08/2024,170000,239800,0,1,0,42,,0,,20000,,2,0,52,
11164,20/11/2021,75000,122600,0,1,1,37,41,0,1,13937,6063,,0,82,29/12/2021
11165,22/03/2022,291000,528000,0,1,0,26,,1,,55259,,3,,55,27/03/2022
11166,28/03/2023,174000,400400,0,1,1,33,21,0,1,15316,14192,3,0,76,09/04/2023
11167,15/06/2023,97000,187400,0,1,0,59,,1,,20000,,2,1,13,
11168,01/12/2022,184000,301300,0,2,0,30,,0,,28658,,2,0,26,29/12/2022
11169,31/03/2022,75000,123500,0,1,1,29,64,0,1,9197,10803,2,0,225,
11170,13/06/2024,50000,70900,0,2,1,41,56,0,1,13839,6161,2,0,77,
11171,30/07/2024,164000,199800,0,1,1,43,42,0,1,8619,11381,0,1,216,
11172,30/08/2023,156000,253500,0,2,1,62,43,0,1,15813,10604,2,0,91,
11173,31/03/2024,55000,138000,0,2,0,42,,1,,20000,,2,1,61,13/04/2024
11174,14/04/2024,156000,406600,0,1,1,72,38,0,1,22460,18277,2,2,,20/05/2024
11175,12/09/2022,287000,480700,0,1,0,27,,1,,40891,,2,1,91,
11176,01/12/2023,116000,204300,0,2,0,31,,1,,21212,,1,0,15,
11177,19/02/2024,287000,507300,0,1,0,56,,1,,44594,,3,1,18,17/03/2024
11178,16/06/2022,76000,197700,0,2,0,75,,1,,20000,,,0,95,
11179,21/10/2023,371000,645300,0,2,1,54,42,0,1,37777,22002,3,0,85,
11180,28/09/2023,109000,205300,2,2,0,51,,0,,20000,,2,0,80,
11181,09/09/2022,118000,194900,0,,1,26,56,1,0,13230,6770,0,0,74,14/10/2022
11182,14/01/2022,94000,139400,0,0,0,50,,0,,20000,,3,0,19,
11183,08/09/2021,122000,196400,0,1,0,53,,1,,20000,,2,1,0,
11184,17/11/2021,405000,726700,2,1,1,38,41,0,1,20752,53842,3,,81,
11185,01/05/2024,46000,66800,,1,0,53,,0,,20000,,2,2,60,
11186,23/07/2022,114000,185300,0,1,0,33,,0,,20000,,3,0,83,
11187,05/09/2022,53000,107900,0,2,0,45,,1,,20000,,2,0,41,
11188,07/11/2023,132000,205300,0,1,1,32,38,1,0,5410,14590,2,1,14,15/12/2023
11189,22/08/2022,141000,223200,0,1,0,49,,1,,22308,,2,0,,
11190,06/09/2022,492000,816000,0,1,1,37,75,1,0,48902,41751,2,2,,
11191,07/03/2022,125000,238700,0,1,1,52,30,1,0,12194,10744,2,0,213,13/04/2022
11192,12/09/2021,264000,544900,0,0,0,38,,1,,56727,,3,0,77,10/10/2021
11193,15/02/2023,283000,428500,0,1,0,61,,1,,38379,,3,0,83,
11194,08/04/2023,132000,200700,0,1,1,46,38,0,1,14122,5878,0,0,245,
11195,26/02/2023,233000,343600,2,0,1,28,57,1,0,12383,13333,2,0,3,18/03/2023
11196,07/08/2024,179000,310500,0,1,1,43,52,1,0,11691,17108,3,0,197,
11197,02/07/2023,89000,164900,,0,0,57,,1,,20000,,,0,60,
11198,01/03/2024,56000,84200,0,1,1,23,29,0,1,7409,12591,2,0,82,
11199,31/08/2023,114000,157700,0,1,0,58,,1,,20000,,2,,37,27/09/2023
11200,20/05/2024,70000,102400,0,1,0,42,,0,,20000,,3,0,241,
11201,27/05/2022,173000,256000,0,0,1,44,54,0,0,9598,14494,2,2,152,
11202,24/07/2023,133000,210600,0,1,1,39,26,1,1,7639,13567,1,2,187,
11203,17/07/2024,158000,366600,0,2,1,52,36,1,0,19739,12108,2,0,16,
11204,22/03/2022,353000,843700,0,1,0,60,,1,,85736,,3,0,15,
11205,04/09/2023,144000,175500,0,1,0,38,,1,,20000,,2,0,86,
11206,25/08/2022,75000,97000,0,1,0,55,,0,,20000,,2,0,185,
11207,04/06/2022,184000,398500,0,1,1,50,18,0,0,18215,32349,,0,54,09/06/2022
11208,05/08/2023,105000,231300,0,2,0,58,,1,,23370,,2,0,72,
11209,31/07/2024,149000,212100,0,1,1,21,36,1,0,8103,12959,1,0,15,
11210,15/08/2024,138000,206200,0,2,0,54,,0,,20000,,1,1,216,
11211,29/05/2022,260000,481900,0,0,0,34,,1,,38665,,3,0,77,
11212,21/06/2022,502000,675900,1,1,1,54,45,0,1,23665,49907,2,0,13,
11213,19/06/2022,82000,190800,0,2,0,55,,1,,20000,,2,2,189,
11214,19/03/2023,127000,261800,0,2,1,24,55,1,0,12184,8322,2,0,199,08/05/2023
11215,11/09/2023,79000,212500,0,2,0,51,,1,,28748,,1,0,56,08/09/2023
11216,01/03/2024,90000,113600,0,2,0,45,,0,,20000,,3,0,202,
11217,28/04/2023,290000,388400,0,,0,39,,0,,25990,,2,0,,
11218,22/09/2022,156000,210000,0,2,0,44,,1,,22572,,1,0,15,
11219,03/06/2024,389000,590800,0,2,0,72,,0,,61284,,2,1,15,
11220,12/02/2024,139000,233000,0,1,0,47,,1,,20460,,3,1,61,
11221,29/07/2022,225000,340300,0,1,0,45,,0,,49035,,2,0,,
11222,25/01/2023,236000,354400,3,1,0,48,,0,,31696,,3,0,,27/02/2023
11223,15/07/2023,76000,138300,0,1,1,59,30,0,1,11536,8464,2,1,56,11/08/2023
11224,04/04/2022,268000,456900,0,1,0,63,,1,,45232,,3,0,73,
11225,01/09/2022,380000,767400,0,1,0,59,,1,,52003,,2,,,
11226,28/01/2023,112000,130000,0,2,0,37,,1,,20000,,2,1,73,
11227,13/12/2023,70000,134600,1,2,0,47,,0,,20000,,2,,12,
11228,11/02/2023,106000,210800,0,2,0,27,,0,,20000,,1,0,96,
11229,10/08/2023,82000,211500,1,0,1,36,75,1,0,11545,8455,2,0,6,
11230,27/10/2023,156000,216600,0,2,1,19,45,1,0,11919,8081,3,1,83,
11231,31/03/2022,84000,194700,0,1,1,60,54,0,1,15209,4791,0,1,82,24/04/2022
11232,08/04/2023,102000,159200,3,2,1,28,47,0,1,8145,11855,,1,244,
11233,24/08/2022,252000,595400,0,1,0,38,,0,,51457,,3,0,82,
11234,08/10/2021,122000,158400,0,1,1,48,21,0,1,14066,5934,2,1,203,
11235,26/10/2022,225000,298700,0,1,0,38,,0,,37009,,2,0,79,29/11/2022
11236,12/03/2024,57000,202100,,1,1,59,39,1,0,10788,9212,0,0,15,10/03/2024
11237,20/08/2024,409000,683200,0,1,1,68,32,0,1,31750,35823,,2,54,
11238,23/02/2023,145000,286600,0,1,1,69,41,1,0,9172,20350,,0,8,
11239,16/03/2024,110000,211800,3,1,1,64,53,0,1,10900,9100,2,2,55,
11240,22/08/2024,59000,402700,0,2,1,75,40,0,1,22823,14070,3,,76,
11241,11/05/2024,363000,646200,0,1,0,53,,0,,85526,,3,0,63,
11242,10/08/2022,127000,167200,0,1,0,46,,0,,20000,,3,0,73,23/09/2022
11243,29/05/2024,207000,419500,0,0,1,24,39,0,1,23267,25806,2,0,76,
11244,02/04/2024,105000,165100,0,2,0,37,,0,,20000,,3,0,18,
11245,11/10/2021,115000,210400,0,1,0,56,,0,,20000,,1,1,193,
11246,16/06/2024,741000,917200,,1,0,32,,1,,80950,,3,1,80,
11247,14/08/2023,987000,1405600,0,1,0,23,,1,,116633,,2,1,67,
11248,25/08/2024,553000,690000,0,1,0,55,,0,,72057,,,1,79,
11249,03/09/2022,137000,163100,2,1,1,30,57,1,1,10244,9756,2,2,84,
11250,28/11/2023,43000,75200,0,2,0,56,,0,,20000,,2,1,169,
11251,22/03/2023,156000,246800,0,1,0,33,,0,,22039,,2,0,,
11252,20/03/2023,139000,206200,0,2,0,60,,1,,20000,,1,0,236,
11253,12/04/2024,118000,224300,0,0,1,48,27,1,1,14043,9856,2,2,38,
11254,17/08/2024,186000,272100,0,1,0,53,,0,,20000,,3,0,189,
11255,21/12/2023,490000,1051100,0,1,0,40,,0,,81873,,2,1,86,
11256,06/10/2023,128000,209200,0,1,0,49,,0,,20000,,1,0,50,
11257,10/06/2022,139000,206600,0,1,1,39,54,1,0,10970,9885,1,,22,
11258,12/08/2024,95000,194100,2,1,0,43,,0,,20000,,0,1,86,
11259,02/10/2021,33000,59500,1,1,1,38,41,1,0,12721,7279,2,1,86,02/10/2021
11260,13/03/2024,97000,160100,0,1,0,47,,1,,20000,,2,1,73,
11261,24/03/2022,64000,120200,0,2,1,48,59,1,0,12377,7623,2,0,184,
11262,28/09/2023,165000,264900,3,2,1,57,52,1,0,8320,11680,2,,84,
11263,11/02/2024,88000,137500,0,1,1,60,23,1,0,10689,9311,2,1,88,
11264,06/09/2023,81000,291500,0,2,1,62,47,1,0,18084,9807,3,0,18,17/09/2023
11265,17/04/2023,53000,92300,3,1,0,18,,0,,20000,,2,1,15,
11266,05/09/2023,328000,475000,0,1,0,63,,1,,41003,,,0,66,
11267,15/03/2022,125000,209800,0,1,1,38,62,0,1,8497,12880,2,0,79,
11268,14/06/2022,66000,125700,0,2,0,21,,0,,20000,,2,2,,11/06/2022
11269,24/07/2023,189000,323000,0,1,1,51,71,0,1,14644,11958,2,0,82,
11270,27/09/2022,46000,96900,0,1,0,35,,0,,20000,,2,1,79,29/09/2022
11271,07/07/2024,673000,1005500,0,2,0,65,,1,,107721,,2,,50,
11272,12/09/2021,178000,241200,3,1,0,48,,0,,20346,,2,0,200,
11273,20/02/2022,50000,84700,0,1,0,35,,1,,20000,,2,0,15,
11274,21/08/2022,241000,339500,0,1,1,44,41,0,1,18789,12461,2,0,187,01/10/2022
11275,21/08/2022,205000,297100,0,2,1,65,32,0,1,13021,16812,2,1,87,
11276,25/07/2024,318000,466200,0,1,0,18,,0,,39245,,,1,32,
11277,04/03/2024,185000,202900,0,1,1,52,63,0,1,8668,12213,0,0,6,
11278,12/11/2021,125000,210900,0,0,0,29,,1,,20000,,1,1,41,21/12/2021
11279,27/08/2023,210000,422900,0,1,0,56,,0,,47291,,2,0,8,
11280,29/05/2023,174000,290900,0,0,1,72,34,1,0,6484,14611,,0,15,
11281,13/10/2023,365000,512900,0,2,0,75,,1,,58682,,2,1,40,
11282,21/04/2022,90000,136600,,1,0,38,,1,,20000,,2,2,17,
11283,30/01/2022,168000,257900,0,2,0,40,,1,,20000,,2,0,8,
11284,13/03/2022,103000,228300,0,2,0,55,,1,,22085,,2,1,19,
11285,12/02/2023,209000,319400,1,1,0,63,,0,,27450,,2,,36,
11286,22/07/2022,154000,192400,0,2,0,36,,1,,20000,,2,0,39,
11287,09/02/2022,112000,160100,1,1,0,54,,0,,20000,,2,1,179,
11288,30/09/2021,205000,326100,0,1,0,68,,0,,25072,,2,0,56,
11289,11/07/2023,128000,222300,0,1,0,69,,0,,20000,,2,0,154,23/08/2023
11290,25/09/2022,30000,75600,0,0,0,50,,1,,20000,,2,1,159,
11291,10/08/2024,231000,414400,0,2,0,51,,0,,41349,,2,1,91,
11292,24/03/2023,48000,74900,0,0,1,42,56,1,0,10556,9444,2,0,15,21/04/2023
11293,26/10/2021,114000,161900,0,1,0,54,,1,,20000,,3,0,86,24/11/2021
11294,03/11/2023,152000,198700,0,2,0,29,,1,,20000,,2,0,177,
11295,10/03/2024,75000,136700,0,1,0,38,,1,,20000,,2,0,74,
11296,10/06/2023,90000,198600,0,0,0,54,,0,,20000,,3,2,34,
11297,13/07/2022,239000,329400,0,1,0,51,,1,,32366,,2,0,57,
11298,09/12/2023,365000,579600,0,1,0,40,,0,,46379,,2,0,87,24/12/2023
11299,09/09/2022,180000,267000,0,1,0,53,,1,,30427,,3,2,208,
11300,11/03/2024,114000,240900,0,,0,20,,0,,26275,,2,0,77,
11301,28/09/2023,28000,57000,0,1,0,37,,1,,20000,,2,0,78,
11302,12/09/2021,55000,97500,0,1,1,57,18,0,1,9275,10725,2,1,212,
11303,11/08/2022,112000,157100,0,2,1,26,43,1,0,10745,9255,2,0,58,
11304,26/03/2024,109000,141300,0,2,1,69,46,1,0,6415,13585,2,0,72,
11305,04/04/2022,157000,237900,0,2,0,55,,1,,20000,,,0,227,24/04/2022
11306,08/04/2022,111000,198400,0,2,1,67,45,1,1,8653,11347,1,0,12,
11307,27/02/2023,111000,166600,0,1,0,41,,1,,20000,,2,0,177,
11308,25/03/2024,76000,162700,0,,0,49,,1,,20000,,2,0,30,13/04/2024
11309,04/04/2024,96000,259600,3,1,0,63,,0,,26503,,2,0,227,
11310,27/08/2024,187000,268800,0,2,1,38,29,1,0,11661,16996,2,0,42,
11311,10/06/2024,476000,625000,2,1,1,18,39,0,0,27881,28596,3,0,52,
11312,31/03/2023,73000,147600,0,1,0,50,,1,,20000,,,1,208,
11313,21/03/2024,104000,206000,0,2,1,48,48,0,1,15816,4184,1,0,56,16/04/2024
11314,07/09/2022,119000,280000,0,1,1,43,23,0,1,19770,15637,2,1,75,04/09/2022
11315,09/08/2024,69000,122000,,1,0,48,,0,,20000,,2,0,17,
11316,15/01/2024,89000,135900,0,2,1,29,41,0,1,8514,11486,,0,80,06/02/2024
11317,29/02/2024,142000,208600,0,1,0,43,,1,,20000,,1,0,89,
11318,15/11/2023,47000,74500,0,0,1,18,26,0,1,7834,12166,2,0,234,
11319,14/05/2022,393000,789700,0,1,0,47,,0,,62282,,3,,87,19/05/2022
11320,06/01/2024,121000,166100,0,2,1,51,48,1,0,15134,4866,3,1,173,03/02/2024
11321,10/10/2023,72000,151900,0,1,1,41,61,0,1,4559,15441,2,0,37,13/10/2023
11322,12/07/2023,164000,293100,1,1,0,57,,1,,24837,,3,1,207,
11323,04/02/2022,54000,153500,0,1,1,26,41,0,0,11290,8710,2,0,85,10/02/2022
11324,19/11/2022,123000,196500,0,1,1,34,25,1,0,5703,14833,0,0,188,06/01/2023
11325,02/04/2022,99000,188100,2,2,1,34,33,1,0,8793,11207,2,0,5,
11326,22/06/2023,16000,46200,0,2,0,57,,0,,20000,,2,0,63,
11327,21/02/2023,89000,139200,0,1,0,40,,0,,20000,,,0,59,06/03/2023
11328,18/08/2023,170000,289400,0,1,1,50,45,0,0,14439,13547,2,1,89,
11329,24/08/2022,129000,202100,0,1,1,50,52,1,0,10310,9690,1,0,71,
11330,19/08/2022,39000,58500,0,1,0,29,,1,,20000,,2,0,37,
11331,20/04/2024,126000,205600,0,2,0,41,,0,,20000,,3,,215,15/05/2024
11332,26/10/2022,181000,219100,0,,0,38,,0,,20000,,2,0,49,
11333,26/05/2022,70000,143400,0,2,0,39,,1,,20000,,2,0,12,
11334,13/07/2022,213000,298100,1,2,1,37,63,0,1,22528,7722,3,0,6,
11335,23/07/2024,181000,259000,2,1,0,45,,1,,20788,,2,1,81,07/08/2024
11336,25/05/2024,165000,286200,0,0,1,56,46,0,1,8163,13309,2,0,18,03/07/2024
11337,07/10/2021,244000,374500,2,1,1,36,51,1,0,12283,12766,2,0,203,
11338,08/10/2022,206000,329400,0,1,1,50,46,1,0,15451,7351,3,0,241,
11339,30/03/2023,110000,203900,0,1,0,29,,1,,26379,,0,0,156,
11340,01/09/2022,118000,196400,2,2,0,52,,0,,20000,,0,0,162,
11341,17/08/2024,168000,250900,0,0,0,28,,0,,23637,,2,0,,
11342,17/07/2024,58000,114900,0,0,0,40,,0,,20000,,3,1,192,
11343,20/01/2022,405000,467100,0,1,0,52,,1,,39953,,2,0,235,
11344,31/07/2024,71000,125700,0,1,1,59,60,0,1,9683,10317,2,0,88,
11345,11/08/2022,295000,678500,0,1,1,45,36,0,1,13808,47897,3,0,18,08/09/2022
11346,15/11/2022,126000,195100,0,2,0,50,,0,,22779,,0,0,180,
11347,17/08/2022,61000,166000,0,1,1,55,37,0,1,6869,13131,2,0,173,12/09/2022
11348,09/09/2022,134000,198100,0,1,1,28,23,1,0,10287,9713,2,,57,
11349,20/05/2022,147000,262300,0,,1,42,56,0,1,5187,15050,2,,43,
11350,29/04/2022,177000,223200,0,2,0,34,,0,,20861,,2,0,85,
11351,12/07/2023,76000,205200,0,1,0,34,,0,,20000,,1,0,195,
11352,17/11/2021,296000,369900,1,2,1,23,44,1,0,21820,11466,,0,14,
11353,12/04/2022,54000,82600,,1,1,75,50,1,0,12553,7447,2,0,3,
11354,26/08/2023,58000,92800,0,1,1,57,47,1,0,9995,10005,2,0,55,
11355,08/03/2022,204000,280600,0,1,0,53,,1,,20732,,3,0,100,14/04/2022
11356,29/07/2022,67000,86700,0,2,0,56,,0,,20000,,3,1,,05/08/2022
11357,10/10/2023,158000,391300,0,1,0,60,,0,,34795,,3,0,72,
11358,22/01/2023,84000,149100,0,1,0,75,,0,,20000,,2,0,76,15/02/2023
11359,10/03/2023,112000,194000,1,2,0,66,,0,,20000,,2,0,50,
11360,02/05/2023,58000,114700,0,2,1,45,75,0,1,10951,9049,2,0,55,05/06/2023
11361,18/04/2024,158000,202000,0,0,1,43,53,0,1,7601,12399,3,0,81,14/05/2024
11362,19/11/2021,62000,132300,0,2,0,41,,0,,20000,,2,0,27,
11363,08/09/2023,120000,194000,0,1,0,60,,0,,20000,,3,0,75,07/10/2023
11364,08/07/2023,65000,137700,0,1,0,52,,0,,20000,,2,0,42,29/07/2023
11365,31/07/2024,97000,156900,0,1,0,48,,1,,20000,,3,0,234,
11366,07/03/2023,65000,79600,0,1,1,55,27,0,1,10510,9490,2,0,,
11367,19/03/2024,90000,135300,0,2,0,40,,0,,20000,,,0,240,
11368,12/02/2023,200000,309600,0,1,0,54,,1,,25666,,2,0,53,09/03/2023
11369,15/03/2023,99000,154500,0,1,0,74,,1,,20000,,2,0,40,
11370,04/04/2022,39000,64600,0,0,1,57,62,0,1,9662,10338,2,1,69,23/04/2022
11371,21/03/2022,71000,186700,0,1,0,35,,0,,20000,,3,0,218,
11372,24/12/2021,176000,268900,0,1,0,65,,0,,20000,,2,1,82,01/02/2022
11373,30/03/2024,132000,207100,0,1,0,47,,0,,20686,,1,0,179,
11374,10/10/2021,61000,79400,0,1,0,29,,1,,20000,,2,1,92,
11375,12/09/2022,232000,392200,0,1,0,62,,0,,40970,,3,0,215,29/09/2022
11376,14/05/2022,86000,200700,0,1,0,41,,1,,33550,,3,0,,08/05/2022
11377,22/11/2023,45000,78400,0,1,0,60,,1,,20000,,2,0,91,
11378,15/08/2024,116000,212900,0,,1,53,43,1,0,14129,5871,1,0,91,
11379,24/07/2023,88000,152700,0,1,1,18,35,0,1,14010,5990,2,1,57,
11380,23/11/2023,132000,314300,3,0,1,67,42,0,1,22068,12807,2,0,57,
11381,11/03/2023,218000,314000,0,1,1,25,53,1,0,13749,16082,2,1,13,13/04/2023
11382,17/09/2022,192000,306000,2,1,0,30,,1,,26614,,2,0,81,11/10/2022
11383,23/11/2023,95000,154100,0,1,1,35,51,1,0,9310,10690,2,0,9,26/11/2023
11384,07/03/2023,47000,57300,0,2,1,62,56,1,0,10174,9826,2,1,7,
11385,10/04/2024,85000,149000,0,2,0,32,,1,,20000,,2,0,7,30/04/2024
11386,22/08/2024,187000,342700,0,1,0,25,,1,,29128,,2,0,57,
11387,06/09/2023,146000,276000,0,0,1,38,42,1,0,18052,4675,2,0,75,20/09/2023
11388,22/08/2023,118000,204900,0,,1,25,28,1,0,6413,13587,1,0,209,
11389,08/08/2022,393000,632400,0,0,0,44,,1,,61023,,2,0,78,08/08/2022
11390,25/07/2022,103000,183600,0,1,0,51,,1,,20000,,2,1,29,11/08/2022
11391,17/12/2022,76000,123700,0,2,0,36,,0,,20000,,2,0,54,31/12/2022
11392,17/08/2022,134000,204200,0,1,1,68,28,0,1,12494,7506,1,0,31,
11393,22/01/2024,22000,41900,3,1,0,26,,1,,20000,,2,0,69,
11394,14/02/2022,149000,205100,0,0,1,40,56,1,0,7062,12938,1,1,51,
11395,10/01/2024,62000,113300,0,1,0,43,,1,,20000,,2,2,70,
11396,24/08/2022,106000,196600,0,0,1,55,18,0,1,10230,9770,0,0,74,30/09/2022
11397,24/06/2023,254000,866400,0,1,1,69,64,1,0,21970,54610,,0,147,
11398,14/03/2022,322000,444500,0,1,1,46,44,1,0,33283,11715,2,0,221,
11399,29/08/2022,138000,179800,2,1,1,18,42,1,0,10655,12144,2,0,17,
11400,06/09/2022,99000,196100,2,1,1,75,41,0,1,12675,8014,0,0,63,17/09/2022
11401,05/08/2023,180000,270200,2,,1,29,41,1,0,5497,22224,2,0,17,
11402,21/08/2022,95000,227400,0,1,0,59,,1,,25345,,2,0,197,
11403,19/02/2023,171000,315400,0,1,0,48,,1,,31552,,2,0,,
11404,17/08/2024,383000,478300,0,2,0,54,,0,,40491,,2,0,58,
11405,18/10/2022,236000,352500,,1,1,37,32,0,1,13350,15919,3,0,58,01/11/2022
11406,05/08/2023,105000,188600,0,1,0,44,,0,,20000,,2,0,199,
11407,14/01/2023,127000,336900,0,2,1,69,66,0,1,9420,19535,3,0,48,
11408,14/08/2024,204000,310700,0,,0,57,,1,,29667,,3,0,,
11409,05/02/2023,206000,294700,0,1,1,38,58,1,0,16752,17284,3,1,183,06/03/2023
11410,03/04/2024,844000,1299500,0,1,0,39,,1,,149355,,3,1,16,
11411,22/08/2022,108000,209700,0,2,0,67,,0,,20000,,1,2,79,
11412,08/02/2022,96000,242500,0,1,1,73,69,0,1,14332,10444,2,2,,
11413,10/02/2022,121000,229600,3,1,0,58,,0,,20000,,3,0,89,23/02/2022
11414,24/08/2023,450000,579400,0,2,0,37,,0,,49483,,3,2,155,
11415,19/08/2024,168000,235500,2,1,0,38,,0,,25531,,3,0,71,
11416,05/09/2021,96000,161600,0,2,1,65,45,1,0,3859,16141,3,1,79,30/09/2021
11417,22/07/2023,140000,200400,0,1,0,62,,1,,20000,,1,0,54,
11418,16/08/2024,49000,75100,,1,1,35,38,1,0,11160,8840,2,1,227,
11419,24/03/2022,141000,206100,,2,1,64,33,0,1,10349,9651,1,0,197,20/04/2022
11420,25/06/2024,132000,194000,2,1,0,28,,1,,20000,,0,0,17,13/08/2024
11421,31/01/2023,129000,197100,0,1,0,41,,1,,20000,,0,0,31,23/02/2023
11422,17/09/2023,90000,179100,1,0,0,75,,1,,20000,,3,,12,
11423,09/07/2024,96000,159100,0,1,0,25,,1,,20000,,2,0,,04/08/2024
11424,19/02/2023,143000,200700,,1,1,61,25,0,1,9100,13886,1,0,8,
11425,18/08/2022,68000,101400,3,1,0,50,,0,,20000,,3,1,17,
11426,07/09/2021,118000,208400,0,1,1,58,56,1,0,7198,12802,3,,,
11427,23/08/2023,125000,195000,0,1,0,52,,1,,20000,,0,0,60,
11428,03/06/2023,71000,155800,,1,0,41,,1,,20000,,2,1,189,
11429,22/09/2022,21000,60400,2,2,1,57,30,1,0,11102,8898,2,0,14,
11430,19/04/2022,79000,156000,0,1,1,47,20,1,0,14082,5918,2,2,52,06/06/2022
11431,14/09/2023,68000,110800,0,1,0,18,,1,,20000,,2,0,90,
11432,30/08/2023,175000,200900,0,2,0,41,,1,,20000,,1,2,85,
11433,26/07/2022,123000,206700,0,0,1,41,58,1,0,7664,12336,1,0,49,
11434,05/07/2023,169000,415000,0,2,0,21,,1,,35996,,2,0,32,
11435,09/01/2023,120000,276900,0,,1,56,33,1,0,19736,8311,3,0,54,
11436,26/02/2023,115000,175500,2,1,0,49,,0,,20000,,2,2,75,
11437,03/03/2022,472000,887000,0,1,1,18,59,1,0,17952,50929,3,1,87,
11438,30/03/2024,106000,207900,0,1,0,24,,0,,20000,,1,1,77,
11439,22/01/2022,71000,148600,0,1,1,28,56,0,1,9294,10706,,0,47,
11440,27/03/2023,132000,198900,0,2,0,48,,0,,20000,,0,0,58,
11441,26/04/2024,25000,42000,0,1,0,65,,1,,20000,,2,0,83,
11442,14/02/2022,145000,206900,0,1,0,39,,0,,20000,,2,0,127,11/03/2022
11443,28/07/2023,84000,152800,0,1,1,37,39,0,1,7097,16291,2,0,87,
11444,06/03/2023,84000,206800,0,2,0,56,,1,,21498,,1,0,55,06/03/2023
11445,27/08/2022,154000,193900,0,2,0,45,,0,,20000,,0,0,7,27/09/2022
11446,16/08/2023,78000,125400,0,1,1,55,45,0,1,10670,9330,2,0,80,
11447,22/01/2024,105000,150900,0,0,0,56,,1,,20000,,3,1,94,08/02/2024
11448,21/10/2021,247000,439000,0,2,0,47,,1,,41021,,,0,,
11449,17/01/2022,133000,174500,0,1,1,58,46,1,0,4703,15297,2,0,51,
11450,02/06/2022,468000,828600,0,0,1,36,39,0,1,52648,15899,2,0,85,
11451,09/06/2024,52000,115200,0,2,0,36,,0,,20000,,2,0,4,26/06/2024
11452,08/08/2022,524000,595300,0,0,0,45,,0,,65401,,3,0,88,
11453,12/08/2022,253000,409000,0,1,0,56,,0,,29613,,2,0,86,30/08/2022
11454,18/03/2023,93000,147600,0,2,1,52,67,0,1,12471,7529,2,1,79,05/04/2023
11455,14/08/2023,129000,255300,,1,0,26,,1,,37040,,2,2,58,
11456,30/12/2022,228000,279300,0,1,0,51,,0,,30480,,2,0,10,
11457,10/04/2024,86000,196900,0,1,0,44,,1,,20000,,0,1,192,
11458,28/04/2022,133000,372700,0,1,0,34,,0,,38526,,3,0,176,08/05/2022
11459,19/04/2022,65000,89300,0,2,0,29,,1,,20000,,2,0,85,05/06/2022
11460,05/04/2022,108000,169000,0,1,1,44,56,0,1,7286,12714,2,0,259,16/05/2022
11461,19/04/2022,151000,207000,,1,0,56,,0,,21777,,1,0,238,
11462,26/08/2022,110000,221600,0,2,0,25,,1,,28220,,3,0,270,21/09/2022
11463,24/08/2024,199000,305400,0,2,1,47,25,0,0,18908,11702,2,1,38,
11464,29/08/2022,115000,429600,0,1,0,37,,0,,45801,,2,0,76,06/09/2022
11465,26/05/2023,73000,124900,0,0,0,52,,1,,20000,,2,0,,
11466,12/07/2024,196000,416300,0,1,1,33,18,1,0,25032,10102,3,0,217,14/07/2024
11467,27/08/2024,163000,208900,0,2,1,29,42,1,0,15137,4863,1,0,17,
11468,03/12/2021,33000,61600,0,,0,45,,0,,20000,,2,0,80,
11469,16/11/2021,52000,90300,0,1,0,39,,0,,20000,,2,0,,
11470,22/08/2022,103000,179600,0,1,0,56,,0,,20000,,3,0,14,
11471,27/08/2024,112000,429100,0,1,0,37,,1,,32807,,2,1,6,
11472,18/08/2024,104000,193800,0,2,1,22,18,0,1,6908,13092,,0,85,
11473,13/06/2024,125000,161500,0,1,0,39,,1,,20000,,2,0,83,23/07/2024
11474,17/01/2022,195000,332800,0,1,0,75,,1,,32399,,2,0,80,
11475,05/07/2023,119000,181800,0,2,0,25,,0,,20000,,2,0,3,31/07/2023
11476,24/05/2023,750000,1042700,3,1,0,37,,1,,72655,,3,0,173,
11477,21/07/2024,176000,229400,0,0,0,74,,0,,20000,,2,,199,26/08/2024
11478,10/05/2024,61000,116400,0,1,0,43,,1,,20000,,2,0,16,19/05/2024
11479,16/08/2023,68000,96700,0,1,1,51,59,0,1,6189,13811,2,0,73,
11480,27/02/2023,148000,207100,0,1,1,42,50,0,0,11615,8385,0,2,71,
11481,26/06/2022,435000,489900,0,1,1,58,50,1,0,21754,21258,2,1,77,
11482,11/03/2023,31000,63500,0,1,0,20,,0,,20000,,2,0,91,
11483,30/07/2024,123000,263100,0,1,0,24,,1,,20049,,3,0,52,18/08/2024
11484,27/08/2024,137000,203300,0,2,0,18,,0,,20000,,1,0,194,
11485,20/08/2023,83000,163100,0,2,1,47,45,1,0,8498,11502,2,1,132,
11486,01/01/2024,289000,641300,0,1,0,59,,0,,63917,,3,0,9,
11487,09/09/2023,62000,211800,0,1,0,69,,0,,20000,,3,1,162,
11488,09/08/2023,60000,116100,3,1,0,59,,1,,20000,,2,,185,02/09/2023
11489,14/05/2023,190000,261200,,1,1,32,57,1,1,11641,8536,2,0,55,
11490,19/11/2022,121000,209900,0,1,0,58,,1,,20000,,2,0,75,
11491,25/12/2022,733000,1094200,0,2,1,61,31,1,0,45919,33374,3,0,6,16/02/2023
11492,27/08/2022,45000,59800,0,2,0,22,,1,,20000,,2,0,74,
11493,03/01/2022,158000,220100,0,1,0,42,,1,,20904,,2,0,81,25/01/2022
11494,11/06/2024,120000,199400,0,2,1,45,49,1,0,11412,8588,0,1,219,08/07/2024
11495,23/08/2023,499000,720800,0,1,1,54,52,1,0,48907,14351,2,0,204,
11496,13/06/2022,248000,428800,0,1,1,47,58,1,0,12275,23451,2,1,78,
11497,19/02/2023,76000,100800,0,2,0,47,,0,,20000,,2,0,176,
11498,27/06/2023,53000,121300,2,2,0,38,,0,,20000,,2,1,213,
11499,23/03/2024,66000,190600,0,1,1,55,60,0,1,11826,8174,0,0,57,28/03/2024
11500,01/07/2022,31000,76900,0,1,0,67,,0,,20000,,2,,5,
11501,24/08/2024,87000,136400,0,1,0,54,,0,,20000,,2,0,50,
11502,02/09/2023,130000,391100,0,0,1,47,27,0,1,25948,10249,2,0,69,09/09/2023
11503,11/02/2023,971000,1370200,0,1,1,31,59,0,1,57164,64260,3,0,75,
11504,11/07/2024,56000,99600,0,2,0,62,,0,,20000,,2,0,92,
11505,16/09/2022,150000,271400,0,1,0,19,,1,,26202,,2,0,247,
11506,18/05/2024,169000,205700,0,0,1,25,33,0,1,8227,16314,2,1,32,
11507,25/09/2023,170000,186900,2,1,1,38,35,0,1,6449,13551,3,2,244,06/12/2023
11508,29/09/2022,315000,520800,0,,1,39,29,1,1,43391,8745,3,0,,
11509,09/09/2022,161000,368400,0,1,0,53,,1,,31760,,2,0,81,08/09/2022
11510,12/09/2022,304000,439600,0,0,0,55,,0,,40206,,3,0,88,
11511,05/02/2023,105000,199900,,2,0,44,,1,,20000,,0,0,5,25/02/2023
11512,12/08/2023,98000,180800,0,1,0,18,,0,,20000,,2,0,55,
11513,29/03/2024,314000,717900,0,1,0,22,,0,,79297,,3,0,27,11/04/2024
11514,22/11/2023,169000,204600,0,2,1,35,51,0,0,8034,15664,1,0,41,31/12/2023
11515,27/09/2022,252000,477800,0,2,0,38,,0,,35315,,3,0,83,16/10/2022
11516,04/03/2023,328000,600000,0,2,1,60,42,1,0,41372,12118,,0,78,25/03/2023
11517,21/06/2024,119000,170900,0,1,0,60,,0,,20000,,2,0,63,
11518,17/03/2022,99000,152400,0,1,1,47,53,0,1,13779,6221,2,1,35,
11519,24/10/2023,108000,160200,2,2,0,36,,1,,20000,,2,0,,
11520,09/01/2024,165000,286600,0,1,1,32,75,1,0,18010,13979,2,0,60,09/02/2024
11521,11/03/2022,223000,343400,0,2,0,45,,0,,28274,,2,0,47,
11522,16/12/2022,198000,388400,3,1,1,44,41,0,1,20386,10583,2,0,16,19/12/2022
11523,02/09/2023,91000,148100,0,2,0,40,,1,,20000,,2,2,13,29/09/2023
11524,03/08/2024,428000,747100,1,2,1,60,67,1,0,30367,38901,2,1,63,
11525,15/11/2023,263000,405700,0,2,0,48,,1,,36149,,3,0,7,
11526,11/09/2022,100000,224800,0,1,0,70,,1,,20581,,2,2,85,
11527,09/09/2022,209000,292900,0,2,1,42,36,0,1,13741,10836,3,0,177,
11528,10/02/2023,48000,117400,0,1,0,38,,0,,20000,,2,0,35,24/02/2023
11529,10/08/2023,65000,101700,0,1,1,52,38,1,1,6014,13986,2,0,84,
11530,09/09/2021,32000,55800,0,1,1,32,40,0,1,7653,12347,2,0,223,
11531,31/07/2024,55000,93600,0,2,1,47,57,1,1,5261,14739,2,0,263,29/08/2024
11532,11/06/2023,635000,837900,0,0,1,52,31,0,1,28762,29532,3,0,209,
11533,08/02/2024,189000,305000,0,1,1,57,58,1,0,13028,9207,2,0,73,
11534,20/05/2024,90000,123900,0,1,0,44,,1,,20000,,2,1,74,
11535,07/04/2024,99000,247900,0,1,1,63,35,0,1,11530,12287,2,0,81,
11536,28/04/2022,216000,387200,0,1,0,56,,0,,37287,,2,0,193,
11537,02/12/2021,232000,396200,0,1,0,62,,0,,44262,,3,0,34,
11538,13/07/2024,176000,372500,,2,0,50,,1,,25295,,3,0,187,
11539,28/01/2022,192000,288700,0,1,1,21,38,1,0,6959,13828,2,0,58,
11540,03/12/2022,246000,390300,0,1,1,41,28,1,0,11984,21957,3,2,214,
11541,16/06/2023,46000,75300,0,2,0,35,,1,,20000,,2,0,85,
11542,18/01/2023,190000,391700,0,1,0,36,,0,,34111,,3,0,59,
11543,06/12/2022,213000,460600,3,2,0,51,,1,,32674,,3,0,87,
11544,31/08/2022,83000,148600,0,2,0,34,,1,,20000,,2,0,59,
11545,28/08/2023,138000,210700,0,2,1,51,23,1,0,16595,7388,2,0,209,04/10/2023
11546,16/02/2024,207000,231600,1,2,1,35,18,1,0,9792,12902,2,0,83,
11547,06/04/2022,126000,201600,0,1,1,43,65,1,0,10424,12469,,0,16,07/05/2022
11548,09/08/2024,136000,220800,0,1,0,29,,0,,20890,,3,1,,
11549,19/06/2023,295000,459900,3,2,1,45,26,1,1,23357,26451,,0,88,
11550,06/05/2023,21000,46000,0,0,0,46,,1,,20000,,2,0,69,
11551,09/02/2023,168000,192100,0,,0,64,,1,,20602,,0,1,77,01/03/2023
11552,06/06/2024,539000,876700,3,1,1,40,37,1,0,34331,48950,2,1,190,
11553,18/07/2024,37000,84100,0,1,1,47,38,0,0,10904,9096,2,0,11,04/08/2024
11554,22/03/2023,101000,196700,3,1,0,36,,1,,20000,,2,0,55,
11555,10/08/2022,322000,477900,0,1,1,67,19,1,1,28197,13291,3,0,3,
11556,02/08/2023,193000,302600,0,2,0,21,,0,,33741,,2,1,200,
11557,11/08/2023,119000,212800,0,2,0,59,,0,,20000,,1,1,216,
11558,19/08/2023,92000,131600,0,1,1,55,43,0,1,7708,12292,2,0,73,
11559,29/07/2022,116000,165300,0,0,1,45,44,1,0,11840,8160,2,1,181,
11560,26/06/2023,83000,118600,0,0,0,62,,1,,20000,,2,0,78,
11561,24/08/2024,233000,394100,,2,0,51,,0,,32984,,2,0,29,
11562,07/09/2021,80000,149300,0,2,1,59,30,0,1,6181,13819,2,0,62,
11563,19/11/2022,125000,165300,0,1,0,18,,1,,20197,,2,0,82,
11564,12/08/2024,534000,678300,0,1,0,68,,1,,64944,,3,,171,
11565,27/07/2024,127000,278400,0,0,0,46,,0,,21665,,,0,243,
11566,25/11/2023,268000,397000,0,1,1,51,49,0,1,20895,18887,3,2,208,08/01/2024
11567,04/09/2023,84000,210800,0,0,0,39,,0,,20000,,1,0,58,
11568,17/05/2024,613000,1146100,0,1,1,19,53,0,1,46480,53708,3,0,64,27/05/2024
11569,01/06/2024,478000,639000,0,1,1,59,26,1,0,34070,38923,3,2,49,
11570,17/12/2023,292000,399800,0,1,0,27,,1,,27467,,2,1,53,16/01/2024
11571,05/02/2023,79000,133900,0,1,0,44,,0,,20000,,2,1,7,10/02/2023
11572,03/03/2023,235000,345600,1,1,0,49,,1,,32625,,2,0,60,
11573,22/08/2022,110000,161700,0,2,0,53,,0,,20000,,2,0,76,
11574,20/08/2022,158000,209000,0,0,1,61,64,0,1,8714,11286,1,0,59,23/09/2022
11575,27/10/2023,89000,133300,0,1,1,34,61,1,0,5236,14764,2,0,0,
11576,05/06/2024,328000,693000,0,1,0,70,,0,,51928,,3,0,82,
11577,21/08/2024,40000,68400,0,1,0,71,,0,,20000,,2,0,194,
11578,21/10/2021,101000,209500,0,1,0,41,,1,,25616,,2,1,83,
11579,20/03/2024,37000,74100,0,1,1,52,18,0,0,5449,14551,2,0,53,
11580,09/09/2021,106000,208100,0,1,1,75,28,1,0,5880,14618,1,,54,
11581,14/11/2023,275000,383800,0,0,1,69,35,1,0,13311,19504,2,1,82,
11582,11/05/2024,98000,169100,0,1,0,50,,0,,20000,,2,0,10,23/05/2024
11583,20/05/2023,75000,114400,0,1,0,34,,0,,20000,,2,0,86,
11584,26/03/2022,121000,162100,1,1,0,37,,1,,20000,,2,0,82,
11585,23/05/2023,63000,166300,0,2,0,33,,0,,20000,,2,2,49,11/05/2023
11586,31/03/2023,114000,165600,,1,1,30,64,1,0,13746,6254,3,0,12,26/04/2023
11587,02/06/2022,197000,307700,0,1,1,42,41,1,0,33247,17423,2,0,87,15/06/2022
11588,10/10/2021,44000,78100,0,1,1,31,23,0,0,8878,11122,2,1,181,
11589,11/10/2022,125000,197800,0,2,0,71,,1,,20000,,0,1,171,
11590,31/03/2023,406000,728800,0,0,1,38,43,1,0,40998,24974,3,1,,
11591,18/04/2024,151000,332200,0,1,1,43,51,0,1,12925,21612,2,,74,
11592,03/10/2021,132000,270100,0,2,1,21,28,1,0,12577,13107,2,0,52,
11593,11/10/2023,194000,242900,0,1,0,41,,0,,25206,,2,0,15,
11594,09/06/2023,30000,72500,0,1,0,37,,0,,20000,,3,2,52,
11595,19/04/2023,993000,1636800,0,2,1,36,71,0,1,96899,89777,3,0,173,
11596,24/03/2022,216000,352400,0,1,0,19,,0,,26632,,3,0,0,
11597,04/09/2023,135000,212900,0,1,1,21,64,0,1,9244,12680,1,0,54,29/09/2023
11598,23/10/2021,93000,131200,0,1,1,54,75,1,0,14537,5463,2,,186,21/11/2021
11599,30/05/2022,135000,238000,0,1,1,32,43,0,1,12707,7681,3,0,61,
11600,14/02/2022,54000,107100,0,0,0,65,,1,,20000,,2,0,83,
11601,15/01/2023,109000,211200,0,1,0,64,,1,,20000,,1,0,,
11602,01/12/2023,288000,390700,0,1,0,63,,0,,32777,,2,0,41,12/01/2024
11603,21/04/2023,261000,444200,,2,1,46,48,0,1,19559,20304,2,0,55,11/05/2023
11604,21/08/2022,194000,433900,0,1,1,43,66,1,0,22106,12076,2,0,12,03/09/2022
11605,15/02/2022,189000,316100,3,1,0,44,,0,,27708,,2,0,204,
11606,24/08/2023,91000,132500,1,2,0,40,,1,,20000,,2,0,76,04/10/2023
11607,18/01/2024,328000,522900,0,1,0,18,,0,,56063,,2,1,15,
11608,27/09/2022,325000,466100,0,2,0,59,,1,,40161,,3,0,,24/09/2022
11609,26/08/2022,152000,318400,0,2,1,48,53,1,0,19598,8299,2,0,49,10/09/2022
11610,03/03/2023,70000,126600,,1,0,41,,0,,20000,,2,1,76,
11611,24/08/2024,256000,527400,0,1,0,49,,0,,65728,,3,0,86,
11612,18/08/2023,103000,206800,0,2,0,45,,1,,20000,,1,1,86,14/08/2023
11613,05/05/2024,170000,259800,0,1,1,42,52,0,1,19307,10190,2,0,217,
11614,20/06/2022,173000,219200,0,2,0,42,,1,,21153,,2,0,12,30/06/2022
11615,14/02/2022,135000,211400,0,1,0,56,,1,,20349,,2,0,60,
11616,02/08/2022,84000,136500,0,1,0,75,,1,,20000,,2,0,190,
11617,08/12/2021,1010000,1207400,0,1,1,39,49,1,0,20103,68438,,2,59,
11618,03/03/2023,96000,189300,1,,1,34,56,0,1,9743,10257,2,0,93,
11619,30/08/2022,112000,199300,2,1,1,40,58,1,0,3458,16542,2,0,212,
11620,09/05/2023,584000,916200,2,1,0,59,,0,,79512,,3,2,178,
11621,23/06/2023,91000,144900,,1,0,42,,1,,20000,,2,0,81,
11622,16/07/2023,265000,342900,0,1,0,34,,0,,48044,,3,0,61,
11623,04/06/2022,154000,312200,0,1,1,58,25,0,1,14160,21873,3,0,10,20/06/2022
11624,02/06/2023,31000,51700,0,1,0,25,,0,,20000,,2,0,60,24/06/2023
11625,10/08/2024,154000,309700,0,2,0,71,,0,,23074,,3,1,87,
11626,27/03/2023,387000,539500,0,,0,31,,1,,52466,,3,0,80,10/05/2023
11627,24/09/2023,115000,195300,0,2,0,56,,0,,20000,,0,0,,
11628,30/11/2023,258000,389200,0,2,1,34,72,0,0,25763,6878,3,0,65,
11629,28/03/2022,240000,416700,0,1,1,46,55,1,0,21927,19890,3,0,43,
11630,03/06/2022,420000,659800,0,0,0,66,,0,,59907,,2,0,19,
11631,14/11/2022,73000,183300,0,1,1,46,37,0,1,11248,8752,2,0,5,24/11/2022
11632,16/02/2022,147000,200000,2,2,1,27,27,1,1,12935,7065,0,0,52,
11633,12/06/2024,93000,147600,0,2,0,48,,1,,20000,,3,0,62,
11634,07/09/2022,5000,16700,0,1,1,60,43,1,0,12413,7587,2,0,68,
11635,19/05/2024,53000,105600,0,1,0,54,,0,,20000,,2,0,73,
11636,27/03/2024,93000,127400,0,1,0,58,,0,,20000,,2,0,49,
11637,06/01/2022,263000,430400,0,1,0,46,,1,,27148,,3,1,52,
11638,20/03/2023,201000,301400,0,,1,49,42,1,0,15823,19008,3,1,5,
11639,15/02/2023,75000,112200,0,1,1,68,18,0,1,10140,9860,2,0,232,
11640,10/03/2024,140000,307500,0,1,0,47,,1,,25398,,2,0,83,18/03/2024
11641,03/03/2023,54000,75600,0,1,1,31,46,0,1,6451,13549,2,1,58,
11642,09/04/2022,280000,380900,0,1,0,37,,1,,25735,,2,1,57,
11643,14/04/2024,52000,136200,0,1,1,40,64,1,0,10784,9216,2,0,86,
11644,28/01/2024,61000,128300,0,1,1,33,29,0,1,9119,10881,3,1,83,04/02/2024
11645,13/06/2022,84000,105600,0,2,0,19,,0,,20000,,2,2,25,
11646,04/05/2023,250000,360300,0,2,0,40,,1,,26467,,3,1,78,
11647,06/04/2022,193000,257600,,1,1,50,46,0,1,12867,12129,2,1,94,
11648,18/06/2024,78000,102600,0,2,1,18,49,0,1,10415,9585,2,0,4,
11649,15/02/2023,197000,336000,0,2,1,43,45,0,1,18598,17181,2,0,59,
11650,17/12/2023,57000,96500,0,1,1,57,50,0,1,9035,10965,2,0,57,
11651,07/09/2022,24000,56300,0,1,0,41,,0,,20000,,2,1,176,
11652,04/01/2023,206000,366700,0,1,0,29,,1,,29556,,2,1,12,
11653,08/08/2024,243000,321900,0,2,0,51,,0,,27161,,2,2,254,
11654,31/08/2024,173000,198100,0,2,1,66,26,0,1,9105,10895,2,,51,
11655,30/08/2022,41000,56300,0,2,1,63,47,0,0,10784,9216,2,0,,
11656,17/08/2024,187000,281800,,2,1,58,55,1,0,10152,13995,3,1,25,
11657,22/08/2022,103000,255000,0,0,0,20,,0,,20705,,2,0,74,01/09/2022
11658,09/12/2023,265000,491600,0,2,1,40,43,0,1,24593,9574,3,0,,
11659,24/11/2021,394000,535400,0,2,0,39,,0,,56621,,2,2,77,
11660,08/04/2023,89000,199300,0,1,1,60,63,1,0,12844,7156,1,1,15,
11661,17/06/2023,107000,165400,0,1,1,34,55,1,0,12195,7805,3,0,36,22/07/2023
11662,20/09/2023,81000,105600,0,1,1,36,70,1,0,11546,8454,2,2,55,03/11/2023
11663,29/08/2023,101000,182100,0,2,0,65,,1,,20000,,2,0,78,
11664,31/08/2024,88000,120400,,1,0,55,,0,,20000,,2,0,211,
11665,02/05/2022,66000,88900,0,0,0,40,,1,,20000,,3,0,178,04/06/2022
11666,18/07/2023,251000,508900,0,1,1,58,40,1,0,38389,18544,3,0,14,
11667,01/03/2024,257000,316900,0,1,1,37,51,0,1,12559,11344,3,0,14,
11668,23/03/2022,452000,613600,0,1,1,45,18,1,0,29252,16495,2,0,4,
11669,08/08/2022,384000,465200,0,2,0,46,,0,,42660,,3,0,79,
11670,18/04/2024,32000,55100,0,1,1,31,52,0,1,13247,6753,2,1,151,
11671,10/12/2021,321000,515600,0,2,0,31,,0,,40696,,3,0,9,
11672,30/01/2023,207000,366300,1,1,1,52,54,1,0,13201,16020,3,0,85,
11673,07/08/2024,93000,174700,0,1,0,18,,0,,20000,,2,0,247,
11674,08/04/2023,594000,811400,0,,0,49,,0,,78506,,3,,81,
11675,12/03/2022,129000,198800,0,2,1,34,45,1,0,13046,6954,2,1,38,
11676,09/06/2023,166000,204900,0,2,0,31,,0,,20000,,1,0,205,
11677,27/01/2022,218000,276100,3,1,1,46,42,0,1,16352,6808,2,1,74,
11678,25/09/2021,124000,190200,1,,1,61,55,1,0,10776,9224,0,0,102,11/11/2021
11679,13/08/2023,80000,95500,0,1,1,52,58,0,1,5764,14236,2,0,15,
11680,19/03/2022,136000,227600,0,2,0,56,,0,,20000,,2,0,16,07/04/2022
11681,23/04/2023,109000,171700,0,0,0,56,,0,,20000,,2,0,72,10/05/2023
11682,17/04/2022,49000,70700,0,0,0,61,,1,,20000,,2,1,17,20/05/2022
11683,04/04/2022,153000,207400,0,1,1,36,49,0,1,7686,12314,1,0,66,
11684,20/02/2022,64000,155900,0,0,1,64,48,1,0,9540,10460,2,0,70,
11685,29/05/2024,96000,146600,0,2,0,37,,1,,20000,,3,,75,15/06/2024
11686,14/09/2022,148000,344500,2,1,0,36,,1,,32471,,2,2,181,
11687,15/02/2022,413000,603600,2,1,0,20,,0,,51556,,2,,71,
11688,16/06/2022,24000,84900,0,1,1,62,54,0,1,14766,5234,3,0,15,
11689,11/06/2023,166000,204200,,2,0,27,,1,,31220,,1,1,15,
11690,27/08/2023,101000,170700,0,1,0,64,,0,,20000,,2,0,81,
11691,01/11/2021,845000,1299400,0,1,1,45,66,0,1,43186,63563,3,0,58,
11692,06/09/2023,150000,208500,0,2,1,59,65,1,0,15187,4813,3,1,166,
11693,04/09/2022,192000,313900,0,1,1,26,24,0,0,15681,10543,2,0,173,
11694,04/09/2023,88000,135900,0,1,0,53,,0,,20000,,,1,,
11695,25/12/2022,71000,206400,0,1,1,46,42,1,0,12248,8700,3,0,56,
11696,21/07/2024,46000,67600,0,2,0,30,,0,,20000,,2,0,166,
11697,24/03/2023,93000,114400,0,2,0,40,,0,,20000,,2,0,67,22/04/2023
11698,10/12/2021,111000,184900,0,1,0,18,,1,,20000,,2,1,88,
11699,17/03/2023,55000,94500,0,2,1,30,30,1,0,8950,11050,3,0,217,13/04/2023
11700,12/03/2024,106000,309100,0,2,1,42,63,1,0,20119,6492,2,0,86,
11701,14/07/2022,86000,141100,3,1,0,59,,0,,20000,,2,2,53,09/08/2022
11702,20/04/2023,102000,134300,0,1,1,50,48,1,0,8431,11569,2,0,73,
11703,09/04/2022,289000,438300,0,1,1,48,56,1,0,11661,18208,3,1,6,
11704,19/08/2023,123000,199700,0,1,0,41,,0,,20000,,3,0,201,10/09/2023
11705,23/08/2023,239000,429100,1,1,0,34,,0,,47402,,2,0,74,
11706,13/07/2022,222000,568500,0,1,0,53,,1,,48399,,2,0,74,
11707,13/08/2023,107000,216700,2,1,1,33,40,1,0,10706,9294,2,0,88,
11708,08/03/2023,159000,234500,0,1,0,42,,1,,20000,,2,1,67,
11709,29/03/2024,209000,294900,,1,0,26,,1,,21988,,2,0,8,
11710,22/06/2022,203000,345500,0,1,0,41,,0,,25359,,2,2,15,06/07/2022
11711,23/11/2023,274000,590700,,2,1,35,56,1,0,15499,29012,2,0,83,
11712,14/05/2022,124000,260600,0,1,0,45,,1,,22447,,3,0,65,
11713,28/08/2024,167000,259600,0,1,0,50,,1,,28829,,2,0,54,
11714,19/02/2023,48000,80700,,1,0,49,,1,,20000,,2,0,80,
11715,27/07/2022,92000,210800,3,0,1,41,60,0,1,8928,11072,1,0,10,
11716,17/06/2024,183000,266200,0,2,1,50,35,1,0,6951,15352,3,0,,02/08/2024
11717,05/07/2024,121000,208700,0,2,1,28,43,1,0,7283,15300,1,1,32,
11718,01/01/2024,167000,217900,0,2,1,39,33,1,0,17475,7420,2,0,4,
11719,21/10/2021,220000,299700,0,2,0,38,,0,,27706,,2,0,11,
11720,01/12/2022,314000,606700,0,1,1,25,46,1,0,22159,33466,3,0,84,19/12/2022
11721,22/08/2023,613000,952600,0,2,0,42,,0,,74860,,3,2,93,
11722,01/01/2022,342000,446700,0,1,0,38,,0,,43701,,3,1,76,14/02/2022
11723,27/09/2023,161000,211500,0,1,1,54,53,1,0,11074,8926,,1,0,09/10/2023
11724,04/08/2023,193000,300700,0,,0,51,,1,,21300,,2,0,196,
11725,23/04/2023,82000,138700,0,0,1,46,50,1,0,2960,17040,2,2,217,18/06/2023
11726,17/12/2022,282000,408700,,1,0,34,,0,,34260,,3,2,194,11/02/2023
11727,14/04/2023,83000,183200,0,1,0,19,,1,,20000,,2,0,77,
11728,27/04/2022,92000,149200,0,1,1,44,41,0,1,10941,9059,2,1,158,
11729,17/11/2023,81000,113800,0,2,1,41,42,0,1,8035,11965,2,0,0,
11730,11/07/2024,469000,830900,0,1,0,42,,1,,86474,,3,0,15,
11731,10/05/2024,103000,184700,2,1,0,37,,0,,24164,,2,0,80,
11732,11/06/2024,279000,303900,0,1,0,30,,0,,26786,,2,0,60,
11733,29/07/2022,200000,323300,0,2,1,38,40,1,0,8618,20736,3,1,11,
11734,05/03/2024,121000,206100,0,2,0,41,,1,,20000,,1,0,5,
11735,27/04/2023,391000,727700,0,0,0,62,,1,,68267,,3,0,46,03/06/2023
11736,14/01/2022,187000,280100,0,1,1,61,56,1,0,7037,15817,,,4,
11737,07/02/2022,99000,155500,0,2,1,48,42,1,0,7423,12577,2,0,58,18/03/2022
11738,28/07/2024,171000,205000,,1,0,42,,0,,20000,,1,1,1,
11739,05/09/2022,113000,213800,0,2,0,46,,0,,20000,,1,0,74,
11740,07/08/2023,82000,123600,2,1,0,62,,1,,20000,,2,0,83,
11741,15/06/2023,85000,139400,2,,0,66,,1,,20000,,3,0,38,23/06/2023
11742,04/01/2023,171000,296700,0,2,0,25,,0,,25843,,2,0,56,17/01/2023
11743,14/01/2024,76000,159200,0,1,0,24,,1,,20000,,2,1,13,
11744,09/06/2022,48000,100800,2,0,0,58,,0,,20000,,2,0,237,
11745,08/07/2022,142000,208200,0,1,0,61,,1,,20144,,1,0,77,
11746,27/11/2021,156000,191600,0,1,0,22,,1,,20000,,2,0,82,
11747,04/11/2023,87000,106600,0,1,0,39,,0,,20000,,2,0,53,
11748,10/03/2022,130000,197900,,2,1,48,32,1,0,9266,10734,0,0,73,
11749,24/08/2022,122000,202000,0,1,0,33,,1,,20000,,3,2,60,18/09/2022
11750,30/01/2023,80000,136100,0,2,0,58,,0,,20000,,2,0,85,12/02/2023
11751,27/12/2021,261000,591600,0,1,1,50,53,1,0,19098,20715,2,0,90,
11752,25/04/2024,110000,198200,0,1,0,19,,0,,20000,,0,0,57,
11753,22/08/2022,112000,202700,0,0,1,59,35,0,1,10232,9768,1,0,53,
11754,04/04/2023,97000,200600,0,2,0,38,,1,,20000,,0,1,73,10/04/2023
11755,19/11/2022,89000,131300,0,,0,34,,1,,20000,,2,2,56,
11756,21/05/2023,144000,215200,0,1,1,29,53,0,1,10550,9450,1,,86,11/06/2023
11757,21/06/2024,643000,859500,1,1,1,42,61,1,0,26669,49410,3,0,56,
11758,17/08/2022,103000,198900,0,1,0,60,,1,,20000,,2,0,187,
11759,31/08/2024,66000,109600,0,2,1,34,40,1,0,12863,7137,3,0,238,
11760,07/09/2022,174000,246700,0,1,1,59,41,1,0,20833,7892,2,0,77,08/10/2022
11761,07/02/2022,52000,83900,0,1,0,57,,1,,20000,,2,0,201,
11762,16/05/2023,113000,152100,0,0,0,46,,1,,20000,,2,,74,
11763,10/10/2023,120000,180700,,2,1,52,22,1,0,14618,5382,2,0,194,11/11/2023
11764,09/03/2024,259000,366500,0,1,1,65,45,1,0,13048,21564,2,0,11,
11765,01/11/2022,130000,202400,0,1,1,46,34,1,1,13339,6661,0,0,2,
11766,08/04/2024,130000,195100,0,1,1,46,39,1,0,14844,5156,0,2,37,
11767,12/09/2022,160000,188600,0,1,1,43,18,0,1,11341,8680,3,1,78,
11768,28/02/2022,32000,74800,0,1,0,57,,0,,20000,,2,0,79,
11769,21/02/2022,200000,255600,0,1,1,46,41,0,1,9266,12016,3,0,10,
11770,19/06/2024,129000,196000,0,1,0,29,,1,,20000,,0,2,4,
11771,15/08/2022,186000,301400,0,1,1,54,27,1,0,10237,9783,2,,33,18/09/2022
11772,17/03/2024,197000,302900,0,1,0,42,,1,,30425,,3,,8,08/04/2024
11773,10/08/2022,398000,465800,0,1,1,41,42,1,0,10656,33619,2,0,224,
11774,22/04/2022,137000,207900,2,2,0,61,,1,,20612,,1,1,71,07/05/2022
11775,17/04/2022,207000,352300,0,1,0,28,,1,,42595,,2,1,5,
11776,15/11/2022,113000,208700,2,1,0,38,,1,,20000,,1,,82,09/12/2022
11777,26/04/2022,112000,187000,,1,0,18,,1,,20000,,2,1,178,27/05/2022
11778,26/08/2023,183000,198600,0,0,1,45,46,0,1,11826,8174,0,0,,
11779,21/04/2022,413000,1026600,0,2,0,36,,0,,93233,,3,0,11,
11780,03/10/2023,75000,144300,0,2,1,75,45,0,1,6335,13665,3,2,6,
11781,07/08/2024,160000,213300,0,2,0,64,,0,,20000,,1,0,83,
11782,25/09/2023,62000,89500,0,2,0,41,,0,,20000,,2,0,64,
11783,14/09/2023,158000,286300,0,0,0,66,,1,,26099,,,0,232,17/10/2023
11784,28/04/2022,334000,526400,0,0,0,26,,1,,33483,,3,2,96,
11785,23/05/2023,257000,465300,0,2,0,51,,1,,35807,,3,0,96,
11786,18/08/2024,105000,134300,0,2,1,29,37,1,0,9659,10341,2,0,3,
11787,26/05/2023,448000,683000,0,1,0,42,,1,,48561,,2,0,75,
11788,31/08/2024,646000,1276500,0,1,0,38,,1,,118999,,3,,88,
11789,30/07/2023,142000,208500,0,,0,47,,1,,20000,,1,,9,17/08/2023
11790,09/09/2023,138000,201000,0,1,0,32,,0,,20000,,0,0,211,
11791,05/03/2024,77000,229300,0,2,0,42,,1,,20000,,3,0,180,
11792,22/08/2024,116000,245100,0,1,0,46,,0,,21006,,,0,10,
11793,25/11/2022,142000,195500,0,1,0,43,,0,,20000,,0,1,181,
11794,10/06/2022,449000,711900,0,2,1,35,58,1,0,58421,22926,2,1,138,
11795,01/09/2024,239000,295800,0,1,0,33,,0,,22457,,3,0,86,
11796,31/08/2024,84000,195900,0,1,0,18,,0,,20000,,0,0,13,
11797,08/09/2023,81000,230000,1,,0,65,,1,,22737,,,0,,29/09/2023
11798,15/02/2022,363000,441900,,1,0,75,,0,,38381,,,2,146,05/04/2022
11799,18/08/2024,160000,278600,3,1,0,53,,0,,29565,,3,,48,
11800,04/06/2023,514000,729900,0,0,0,40,,1,,92187,,3,0,33,
11801,06/05/2022,40000,92600,0,0,0,59,,0,,20000,,2,0,83,
11802,14/02/2022,113000,178000,0,0,1,47,34,1,0,2515,18849,2,0,77,
11803,29/09/2022,390000,567000,0,1,1,38,63,0,1,17914,27697,3,0,86,
11804,10/06/2024,275000,341300,0,1,0,42,,0,,25552,,2,,,
11805,05/09/2021,119000,199600,0,2,0,26,,1,,20000,,2,0,192,
11806,24/07/2023,159000,200700,0,1,0,43,,1,,20000,,0,0,5,
11807,14/12/2021,259000,308800,0,1,0,50,,1,,35320,,2,0,56,
11808,02/02/2023,103000,230000,0,1,0,55,,1,,20000,,,0,74,
11809,25/08/2022,468000,664200,0,1,0,22,,0,,57093,,3,0,43,15/09/2022
11810,08/03/2024,104000,197800,0,0,1,34,37,0,1,6568,13432,0,0,58,
11811,09/09/2022,376000,432600,0,1,0,72,,0,,38663,,2,0,60,23/10/2022
11812,09/08/2024,103000,123200,0,1,1,44,43,0,1,12427,7573,2,0,59,
11813,04/06/2022,74000,94300,0,1,0,18,,0,,20000,,2,,75,10/07/2022
11814,17/03/2022,66000,107300,2,2,0,56,,1,,20000,,2,0,73,03/04/2022
11815,28/07/2022,152000,206700,0,,1,50,63,1,0,12580,7420,1,0,54,
11816,10/07/2022,259000,375800,0,1,0,39,,1,,30021,,2,0,202,18/08/2022
11817,30/09/2023,98000,284800,0,2,1,23,68,0,1,18585,5914,2,0,88,
11818,26/02/2024,87000,208400,0,2,0,57,,1,,20000,,1,0,56,12/03/2024
11819,17/05/2024,175000,214600,0,2,1,40,47,0,1,10279,9721,1,0,13,
11820,09/11/2023,192000,392700,0,2,1,42,37,0,1,31269,11258,3,0,54,
11821,11/03/2022,264000,375000,0,2,1,66,66,0,1,17169,20678,2,0,61,25/04/2022
11822,01/09/2023,322000,473100,0,2,0,36,,1,,39806,,3,1,196,05/10/2023
11823,20/01/2023,62000,177000,0,1,0,47,,0,,23671,,2,,80,
11824,11/06/2023,59000,216700,3,2,1,24,42,0,1,25074,12435,2,0,54,
11825,06/11/2023,257000,314700,0,2,0,60,,0,,28045,,2,1,169,
11826,19/10/2022,137000,310200,0,1,0,56,,1,,21737,,2,0,52,13/11/2022
11827,23/04/2024,159000,210900,0,1,1,42,24,1,0,4477,15523,1,0,77,
11828,17/01/2023,345000,565900,2,1,1,32,49,1,0,24292,28115,2,1,78,01/02/2023
11829,11/09/2021,145000,210700,,2,1,75,51,0,1,7624,12376,3,0,208,
11830,21/08/2024,106000,194500,0,1,1,45,55,1,0,17535,10174,2,2,84,
11831,16/12/2021,194000,691200,0,2,0,42,,0,,49081,,2,0,129,14/12/2021
11832,08/03/2022,119000,180600,2,2,0,58,,1,,20000,,2,0,,28/03/2022
11833,29/08/2023,98000,189800,0,1,0,52,,1,,20000,,2,0,266,
11834,26/08/2023,91000,161800,2,1,0,44,,0,,20000,,2,0,66,
11835,24/03/2022,317000,419000,0,1,0,52,,0,,39961,,3,,53,
11836,30/09/2022,152000,220000,0,1,1,43,18,0,1,11115,9143,2,0,15,
11837,10/05/2023,755000,1015900,0,0,1,25,30,1,1,39416,45611,3,0,54,
11838,15/07/2024,235000,313800,0,1,0,64,,0,,32893,,2,1,8,
11839,10/06/2023,198000,453000,0,2,1,33,48,0,1,17420,21347,2,,204,
11840,08/09/2021,71000,200100,0,1,1,35,18,1,0,17265,2735,,1,75,20/09/2021
11841,01/08/2022,137000,347700,0,1,1,53,52,1,0,9837,13595,2,0,225,
11842,13/10/2022,94000,200800,0,0,0,18,,1,,20000,,0,0,175,
11843,22/04/2024,200000,374400,3,2,1,31,70,0,1,12468,24346,2,1,5,
11844,25/03/2024,266000,387200,0,0,1,56,59,1,0,24407,10799,3,0,83,
11845,03/03/2023,96000,138400,0,1,0,41,,0,,20000,,,2,214,29/03/2023
11846,01/06/2023,112000,194500,0,2,0,61,,0,,20000,,0,2,32,
11847,08/08/2023,570000,664000,0,2,0,40,,1,,51591,,3,0,93,
11848,31/08/2024,251000,288700,0,1,0,54,,0,,22667,,2,,192,
11849,05/09/2021,190000,403900,0,1,0,50,,0,,37585,,2,0,54,
11850,20/03/2024,563000,1003500,0,1,1,55,75,1,0,53140,29830,3,0,76,21/04/2024
11851,15/04/2024,383000,693300,0,1,0,42,,0,,45765,,3,0,17,
11852,02/09/2022,48000,80800,0,1,0,66,,1,,20000,,2,0,89,
11853,15/07/2022,132000,202100,0,0,1,59,33,1,0,10265,9735,2,1,88,27/07/2022
11854,14/07/2023,186000,242200,0,1,0,28,,0,,20000,,3,0,77,
11855,06/01/2024,358000,604800,0,1,0,52,,1,,46052,,3,,52,13/01/2024
11856,16/10/2021,169000,278400,0,0,0,52,,1,,29874,,3,0,77,07/11/2021
11857,02/01/2024,290000,383100,0,1,0,44,,0,,27948,,2,0,54,
11858,13/02/2023,449000,540500,0,,0,46,,0,,48563,,3,0,32,
11859,27/02/2023,147000,192400,0,2,0,57,,1,,26905,,2,0,86,
11860,08/03/2024,578000,1014700,2,0,1,34,39,0,1,49610,61987,2,0,9,31/03/2024
11861,18/05/2022,387000,617900,0,2,0,55,,1,,48266,,2,0,88,
11862,12/02/2024,93000,205800,0,0,1,50,51,1,0,12585,8447,1,1,91,20/02/2024
11863,18/04/2024,149000,236600,0,2,1,52,63,1,0,2731,17269,3,0,159,
11864,07/04/2023,119000,230100,0,2,0,52,,0,,20912,,2,0,12,
11865,20/02/2022,123000,200700,0,1,0,40,,1,,20000,,0,2,16,
11866,16/08/2023,167000,230900,0,2,0,74,,1,,23667,,3,,78,
11867,04/01/2022,76000,206100,0,2,0,33,,0,,20000,,1,1,77,
11868,16/08/2024,988000,1632300,0,1,1,22,56,0,1,50709,52270,2,0,53,
11869,30/09/2021,63000,110700,0,2,0,62,,0,,20000,,2,0,88,
11870,26/05/2022,105000,146200,0,2,1,30,51,0,1,4804,15196,2,0,69,
11871,24/06/2024,50000,72200,0,1,1,75,36,1,0,16369,3631,2,0,16,
11872,17/09/2021,184000,322200,0,1,1,50,60,0,0,12684,20011,2,,5,
11873,01/11/2023,86000,138200,0,0,0,63,,0,,20000,,2,0,158,
11874,16/05/2023,162000,209000,0,2,1,53,68,1,0,3594,16406,1,2,202,10/07/2023
11875,25/08/2023,42000,61800,0,0,0,41,,1,,20000,,2,0,84,19/08/2023
11876,23/10/2021,97000,287800,0,1,1,29,46,1,0,15124,11716,3,1,206,
11877,29/01/2024,84000,116400,0,2,0,38,,0,,20000,,3,0,12,
11878,12/02/2022,111000,152500,0,1,0,53,,0,,20357,,3,0,191,19/03/2022
11879,17/01/2022,34000,53400,,,1,28,39,0,1,3940,16060,2,0,76,
11880,10/09/2021,497000,839200,2,2,0,61,,0,,77062,,3,0,18,
11881,21/04/2023,133000,209800,0,1,1,52,38,0,1,18100,8511,1,1,55,25/05/2023
11882,16/04/2024,358000,479900,0,1,1,39,73,0,1,19890,17033,3,0,51,26/05/2024
11883,14/05/2022,149000,204500,0,1,1,27,47,0,1,8172,18914,1,0,,
11884,20/04/2024,101000,153300,0,1,1,52,47,1,0,14559,5441,2,0,78,
11885,18/08/2022,146000,308800,0,2,1,33,51,1,0,19951,12265,3,2,76,
11886,25/08/2023,209000,271000,0,2,0,35,,1,,26590,,3,1,16,
11887,03/07/2024,82000,126800,0,2,0,29,,0,,20000,,2,1,16,
11888,05/04/2023,40000,141400,0,2,1,54,52,0,1,5875,14125,2,0,53,
11889,17/04/2024,263000,447900,0,1,0,66,,0,,42969,,2,0,206,
11890,19/06/2023,167000,298200,0,2,1,70,52,1,0,21495,15752,3,0,45,
11891,29/08/2024,165000,272800,0,2,0,52,,0,,69522,,2,2,38,
11892,30/09/2022,107000,184400,,1,0,61,,1,,20000,,2,0,153,
11893,27/11/2022,249000,419300,0,2,0,40,,1,,46096,,2,1,89,01/12/2022
11894,12/01/2023,38000,92000,0,1,1,39,41,1,0,8562,11438,2,1,86,
11895,08/08/2022,163000,199800,0,,1,56,54,1,0,10532,9468,0,1,,22/09/2022
11896,14/08/2024,108000,228600,0,2,0,60,,0,,24660,,2,0,30,
11897,07/09/2022,54000,122600,0,2,0,75,,1,,20000,,2,0,15,
11898,18/02/2023,178000,396000,1,0,0,52,,0,,36228,,2,0,29,
11899,01/08/2022,234000,363200,0,1,0,32,,1,,36939,,2,0,59,
11900,02/01/2023,167000,206900,0,2,1,56,47,1,0,10483,9517,1,0,12,20/01/2023
11901,19/08/2022,292000,547600,0,0,1,52,50,1,0,8717,35918,2,0,,22/09/2022
11902,16/04/2023,220000,324000,0,0,1,31,63,1,0,21108,12419,2,0,37,22/05/2023
11903,26/05/2024,409000,599200,0,0,1,44,52,0,1,38580,19003,2,0,47,
11904,07/07/2024,123000,160100,0,0,1,40,44,1,0,12164,7836,2,0,17,
11905,30/08/2024,42000,70400,0,1,1,53,43,0,1,12615,7385,2,0,15,
11906,04/04/2023,50000,87800,3,2,1,32,49,0,1,6656,13344,2,0,63,21/04/2023
11907,22/04/2024,180000,273900,,2,1,31,53,1,0,12601,13761,3,1,49,08/05/2024
11908,13/08/2023,310000,419200,0,2,0,54,,1,,35353,,3,0,50,
11909,13/02/2023,52000,228600,0,1,0,49,,1,,20000,,2,1,15,
11910,20/06/2023,134000,208400,0,0,0,35,,0,,20000,,1,0,51,17/07/2023
11911,29/05/2022,103000,121200,0,1,1,47,24,0,1,8331,11669,3,0,74,
11912,03/05/2023,93000,143500,0,1,1,75,61,1,0,13952,6048,3,2,73,
11913,03/03/2024,42000,113000,0,1,0,64,,0,,20000,,2,0,15,
11914,13/02/2023,378000,561100,0,1,0,47,,0,,48199,,3,0,84,
11915,05/10/2022,105000,156700,0,1,0,52,,1,,20000,,3,2,56,
11916,08/02/2022,146000,310300,0,1,1,60,59,0,0,13348,13721,3,,217,
11917,16/09/2022,225000,417500,0,1,0,61,,0,,49206,,3,1,64,21/09/2022
11918,27/09/2022,106000,316000,1,1,0,19,,1,,20465,,2,0,45,
11919,25/08/2022,269000,380400,0,0,0,62,,1,,33202,,3,2,46,
11920,10/02/2024,142000,251500,0,0,1,54,63,1,0,14936,10198,2,0,7,04/03/2024
11921,03/08/2022,385000,612900,0,1,1,44,39,1,0,37718,14013,2,0,198,
11922,29/07/2024,254000,376500,0,2,0,18,,0,,39094,,2,0,55,
11923,04/04/2023,156000,184200,0,1,0,30,,0,,20000,,2,0,36,
11924,05/02/2023,67000,305600,0,1,1,34,42,1,0,14619,20436,2,0,3,
11925,30/08/2024,45000,78200,0,1,0,35,,0,,20000,,2,0,270,
11926,20/02/2022,122000,199700,0,1,0,50,,0,,20000,,0,0,59,21/03/2022
11927,01/06/2022,273000,449900,0,,0,54,,1,,36453,,3,0,11,
11928,24/02/2022,607000,787300,0,2,0,73,,0,,94858,,2,1,86,29/03/2022
11929,02/05/2023,16000,31000,2,1,0,28,,1,,20000,,2,0,185,
11930,24/02/2023,535000,898500,0,1,0,62,,1,,64703,,2,0,231,
11931,22/03/2022,140000,219500,0,1,1,35,55,1,0,12810,7609,2,1,38,
11932,17/12/2022,92000,125400,0,1,1,20,44,0,1,7176,12824,3,0,9,
11933,31/08/2023,279000,404100,0,2,1,34,49,0,1,23649,13148,3,0,15,19/10/2023
11934,21/12/2021,103000,213400,0,1,0,60,,0,,20000,,1,1,196,
11935,22/10/2023,221000,457900,2,1,0,52,,1,,88488,,,0,,
11936,11/04/2024,66000,112100,0,1,1,48,63,0,1,12005,7995,2,2,10,
11937,30/04/2024,257000,322200,0,2,0,46,,1,,26784,,3,2,6,
11938,08/08/2024,105000,161400,,2,0,40,,0,,20000,,2,0,86,
11939,17/12/2023,81000,196900,2,1,0,46,,0,,20000,,2,1,176,
11940,28/08/2023,228000,357000,0,1,0,32,,0,,26995,,2,0,89,
11941,03/10/2023,87000,119500,0,1,0,64,,0,,20000,,2,0,89,
11942,26/08/2024,97000,213400,0,2,1,49,74,1,0,12811,7189,2,0,25,
11943,07/09/2021,174000,247000,0,1,0,41,,0,,20000,,2,1,75,
11944,24/02/2022,144000,203800,0,0,1,47,38,0,1,7555,13126,3,0,35,
11945,17/07/2023,190000,230300,2,,0,42,,0,,21995,,2,0,75,
11946,21/07/2024,106000,242300,3,1,0,40,,0,,20503,,3,1,90,
11947,18/04/2024,81000,117400,0,1,0,30,,0,,20000,,2,0,80,
11948,22/10/2023,179000,320200,0,2,0,30,,0,,27946,,2,0,81,18/11/2023
11949,09/06/2024,309000,502500,0,2,1,63,23,0,0,23326,15964,2,0,16,03/07/2024
11950,18/02/2024,272000,363600,2,2,0,67,,0,,24519,,3,2,75,
11951,06/03/2024,178000,239000,0,2,0,63,,1,,20000,,3,0,77,
11952,08/09/2023,64000,88400,0,1,0,47,,0,,20000,,2,0,280,07/10/2023
11953,13/07/2024,236000,349900,0,0,0,60,,0,,35881,,2,0,9,
11954,17/08/2023,225000,317200,0,1,0,34,,0,,38878,,2,0,73,01/09/2023
11955,21/08/2024,41000,54100,0,,0,75,,1,,20000,,2,0,,
11956,31/03/2023,69000,114100,0,1,0,54,,0,,20000,,2,1,78,
11957,24/06/2024,227000,276800,0,2,1,41,75,0,1,15075,5844,,2,74,
11958,02/09/2022,145000,183700,1,2,1,38,52,1,0,10367,9633,2,0,26,
11959,24/05/2024,252000,389700,0,2,0,73,,0,,44048,,3,0,78,
11960,04/09/2022,108000,134000,0,2,1,56,59,0,1,11455,8545,,0,9,
11961,23/07/2023,119000,210700,1,1,0,29,,1,,20000,,2,1,131,29/08/2023
11962,17/07/2024,144000,299800,,1,1,18,36,0,1,15050,10291,3,,70,27/07/2024
11963,10/01/2023,163000,274700,0,1,0,62,,0,,26244,,3,0,56,
11964,17/01/2023,220000,519800,0,2,1,40,59,1,0,17964,23420,2,1,221,
11965,20/08/2024,112000,167300,0,2,0,49,,0,,20000,,2,0,195,
11966,26/08/2023,183000,304600,0,1,1,58,34,0,1,19269,5633,3,0,49,
11967,31/01/2022,337000,479900,0,1,1,27,46,1,0,25677,18146,3,1,71,23/02/2022
11968,14/11/2023,265000,464900,0,2,0,34,,1,,41782,,3,1,29,
11969,17/06/2023,168000,205200,0,1,0,75,,0,,20000,,1,0,84,
11970,14/01/2023,302000,520600,0,2,0,45,,1,,46435,,3,2,208,
11971,13/09/2022,238000,293200,0,2,1,23,58,0,1,13627,16080,3,2,76,10/11/2022
11972,30/07/2024,69000,111700,0,1,1,38,58,1,0,6534,13466,3,0,17,01/09/2024
11973,07/10/2021,80000,182800,0,1,0,41,,1,,21703,,2,0,65,
11974,08/07/2022,211000,357800,0,1,0,61,,1,,36255,,3,0,40,26/07/2022
11975,24/12/2023,72000,108500,0,1,0,58,,0,,20000,,3,0,197,
11976,06/08/2024,104000,251200,0,1,1,47,43,0,1,11423,10740,2,0,74,08/08/2024
11977,20/05/2024,416000,1217400,0,1,1,57,41,1,0,37679,63641,2,0,12,
11978,01/03/2023,280000,471100,0,1,0,46,,1,,44815,,2,0,87,
11979,27/12/2022,624000,821200,0,1,0,44,,1,,63248,,2,1,86,
11980,19/12/2021,152000,226400,0,1,1,27,18,0,1,10319,10047,2,0,85,
11981,29/04/2022,39000,79700,0,2,0,51,,0,,20000,,2,1,11,
11982,18/04/2023,23000,68800,0,1,1,27,63,0,1,7232,12768,2,,208,14/05/2023
11983,18/08/2024,400000,652000,0,1,0,75,,0,,63360,,3,0,81,
11984,20/05/2022,384000,428400,0,2,1,18,63,0,1,13725,32992,2,2,71,
11985,28/08/2024,265000,434500,0,1,0,32,,1,,38371,,2,0,74,
11986,06/02/2024,52000,118900,0,2,0,33,,0,,20000,,2,0,87,
11987,19/02/2024,78000,132700,0,2,1,36,20,0,1,7990,12010,2,,8,
11988,02/05/2023,230000,310200,0,1,0,62,,1,,25509,,2,0,61,
11989,29/04/2024,170000,271200,0,2,0,61,,0,,30268,,3,0,14,25/05/2024
11990,14/08/2022,72000,129700,0,2,1,60,40,1,0,11350,8650,3,0,84,
11991,08/09/2022,71000,93600,2,0,0,70,,1,,20000,,2,0,194,
11992,03/09/2022,77000,113700,0,2,0,65,,0,,20000,,2,,91,
11993,10/01/2024,133000,207400,0,1,1,51,48,1,0,17763,2237,1,0,213,
11994,30/05/2023,51000,75700,0,2,0,60,,0,,20000,,2,0,7,07/06/2023
11995,11/07/2022,147000,275100,0,1,1,33,35,1,0,31331,7303,2,0,54,29/07/2022
11996,06/03/2022,46000,68100,0,1,1,75,34,0,1,6173,13827,2,0,72,
11997,21/08/2022,79000,123600,0,1,0,47,,0,,20000,,2,1,82,
11998,03/04/2024,121000,158300,1,1,0,36,,1,,20000,,2,0,16,
11999,03/04/2023,54000,203800,3,1,1,51,50,1,0,8854,11146,3,0,20,
12000,02/05/2022,130000,277400,3,,1,43,53,0,1,14128,14732,3,0,3,17/05/2022
12001,02/09/2022,263000,393000,2,1,0,38,,1,,37003,,2,0,205,
12002,24/10/2023,66000,149000,1,1,1,18,56,1,0,4116,15884,2,0,76,
12003,23/08/2022,104000,195200,0,1,0,54,,1,,20000,,3,0,196,
12004,19/04/2024,99000,202000,0,0,1,48,40,1,0,6146,13854,0,0,15,
12005,29/06/2024,41000,76200,0,1,0,18,,0,,20000,,2,0,88,
12006,21/10/2021,161000,205800,1,1,1,24,50,1,0,10502,9697,1,0,3,
12007,17/04/2024,26000,74200,0,1,0,49,,1,,20000,,2,0,221,
12008,05/07/2023,349000,689800,0,2,1,41,43,0,1,27206,26206,2,1,,
12009,04/09/2023,536000,681000,0,2,1,64,75,1,0,35037,37838,3,0,42,
12010,25/01/2023,160000,297800,0,1,1,51,68,1,0,18103,10802,2,0,54,08/02/2023
12011,21/08/2024,230000,327300,0,1,0,61,,1,,20000,,2,0,221,
12012,13/06/2023,155000,197700,,1,1,48,55,1,1,23773,15201,2,0,79,
12013,06/09/2021,103000,212100,0,2,1,35,30,1,0,11487,8513,2,0,54,
12014,22/06/2023,104000,194800,0,2,0,49,,0,,20000,,0,0,73,
12015,03/09/2021,321000,479800,0,1,0,22,,0,,48440,,3,0,,
12016,17/08/2022,181000,244000,0,1,0,40,,0,,20000,,2,2,180,12/10/2022
12017,06/10/2023,187000,288500,0,1,1,41,28,0,0,11826,15098,2,0,12,
12018,20/08/2024,263000,360100,0,0,0,36,,0,,26061,,2,2,71,
12019,17/11/2023,217000,413900,0,1,0,58,,1,,41363,,,1,12,
12020,21/03/2023,79000,111200,0,0,0,45,,1,,20000,,2,0,70,
12021,10/10/2021,623000,992100,0,2,1,35,22,1,0,63098,37644,3,0,80,
12022,16/06/2023,243000,383600,0,1,0,54,,1,,39512,,2,0,94,11/07/2023
12023,11/08/2023,86000,103100,0,2,0,46,,0,,20000,,2,0,80,15/09/2023
12024,09/09/2022,237000,408700,,2,0,35,,1,,45996,,2,0,69,
12025,28/01/2024,147000,321300,0,2,1,38,44,1,0,15914,10236,3,,12,
12026,14/06/2023,201000,432800,0,1,0,47,,1,,34639,,2,0,77,14/06/2023
12027,11/05/2024,58000,117000,0,2,1,68,49,1,0,6968,13032,2,1,30,30/05/2024
12028,20/05/2022,157000,288900,0,2,1,29,33,1,0,9930,13338,2,0,81,16/06/2022
12029,02/04/2024,428000,765200,0,2,0,42,,0,,94231,,2,0,7,
12030,02/03/2024,171000,359100,0,1,1,43,62,1,0,19812,10831,2,0,,03/04/2024
12031,30/11/2023,375000,486900,,1,0,71,,0,,38957,,2,0,72,
12032,22/12/2022,362000,589900,0,0,1,18,24,0,1,30749,23987,2,0,230,
12033,07/01/2023,245000,432300,0,2,1,39,34,1,0,12171,22236,2,0,8,
12034,12/08/2023,65000,117100,0,2,0,53,,0,,20000,,2,0,70,
12035,08/07/2022,94000,264500,0,1,1,59,38,0,1,16298,5292,2,0,53,08/07/2022
12036,16/02/2022,139000,200000,2,2,1,41,24,1,0,5693,14307,1,0,9,
12037,19/11/2023,136000,224100,0,2,1,75,52,1,0,11391,8609,2,0,92,
12038,03/04/2023,93000,136200,0,2,0,52,,0,,20000,,2,0,59,
12039,23/01/2023,38000,51800,0,2,0,40,,0,,20000,,2,0,52,02/02/2023
12040,25/08/2023,120000,184500,2,2,0,46,,1,,20000,,2,2,95,
12041,14/08/2024,97000,214000,0,1,1,39,39,0,1,8316,11684,1,0,88,
12042,26/03/2023,230000,372800,1,2,1,72,44,1,0,15000,16188,2,0,68,
12043,29/08/2024,109000,182300,1,1,0,55,,0,,20000,,2,0,73,
12044,22/08/2022,73000,201100,0,1,1,57,18,0,1,13650,6350,1,0,201,
12045,14/08/2022,108000,153200,0,2,0,27,,1,,20000,,2,0,51,22/09/2022
12046,08/04/2023,133000,213700,0,1,1,54,57,1,0,13643,6357,1,0,86,
12047,22/08/2024,78000,162600,0,1,1,68,51,0,1,7383,12617,2,0,199,
12048,14/05/2022,170000,280300,0,2,1,40,31,1,0,14696,24583,2,1,57,
12049,31/01/2023,194000,282500,0,2,0,29,,0,,20799,,2,0,222,08/03/2023
12050,16/09/2022,64000,118800,0,0,0,51,,1,,20000,,2,0,37,
12051,09/06/2023,159000,219600,0,2,0,64,,1,,25572,,2,0,10,
12052,03/10/2023,87000,195900,0,0,0,34,,1,,20000,,3,0,170,
12053,25/02/2023,248000,584600,0,0,0,36,,0,,63267,,3,0,,
12054,10/08/2023,226000,494700,1,2,0,46,,1,,62795,,3,0,199,
12055,23/07/2022,33000,87700,0,1,1,49,37,0,1,12299,7701,2,0,11,
12056,24/10/2023,129000,279300,0,1,0,29,,0,,20000,,3,0,60,
12057,09/02/2023,48000,65400,0,2,0,40,,0,,20000,,2,0,13,26/02/2023
12058,11/11/2021,280000,310900,0,1,0,18,,1,,34597,,3,0,87,23/12/2021
12059,12/04/2024,147000,208000,,1,0,32,,1,,20000,,2,0,34,
12060,22/09/2021,96000,190100,0,1,1,53,63,0,1,12083,7917,2,0,80,09/10/2021
12061,22/08/2022,321000,594100,3,1,1,53,48,0,1,19118,22288,2,0,173,
12062,09/01/2022,162000,233300,0,2,0,71,,1,,24726,,2,1,83,
12063,14/08/2023,103000,193800,0,0,0,47,,1,,20000,,0,2,11,31/08/2023
12064,05/04/2022,161000,203000,0,2,0,49,,0,,20000,,1,1,83,21/05/2022
12065,07/02/2023,109000,155000,0,0,1,61,47,1,0,13666,6334,2,0,50,22/02/2023
12066,26/02/2023,97000,131600,3,0,1,36,41,0,1,9162,10838,2,1,12,07/04/2023
12067,24/04/2023,23000,94300,0,1,1,28,35,1,0,13466,6534,2,0,70,
12068,13/02/2023,212000,355900,0,2,1,63,47,1,0,20464,8394,3,1,75,
12069,01/09/2023,116000,169700,,2,0,45,,0,,20000,,2,0,208,
12070,19/11/2023,118000,209600,0,1,1,22,29,0,1,14394,5606,1,0,90,
12071,04/07/2024,416000,571900,0,1,0,25,,1,,53469,,,2,82,17/08/2024
12072,08/09/2021,126000,168300,,2,0,38,,0,,20000,,2,1,3,20/09/2021
12073,13/06/2024,52000,100100,2,0,0,21,,0,,20000,,2,0,201,
12074,25/01/2023,117000,139400,0,2,1,46,22,1,0,10176,9824,2,1,6,09/02/2023
12075,14/09/2022,26000,61600,0,2,1,61,37,1,0,11503,8497,2,0,89,14/09/2022
12076,03/10/2023,120000,174000,0,1,1,75,67,1,0,11292,8708,,0,36,
12077,15/08/2023,472000,846700,0,1,0,39,,1,,71377,,3,0,78,
12078,02/04/2023,41000,82000,0,1,1,75,26,1,0,9683,10317,2,0,81,
12079,20/04/2023,104000,192700,0,1,0,39,,0,,20000,,0,0,74,
12080,17/02/2024,167000,263000,2,1,1,74,29,0,1,18150,2774,,0,215,31/03/2024
12081,26/08/2024,140000,210600,0,1,0,47,,0,,20000,,1,1,86,
12082,11/04/2024,209000,454800,0,1,0,47,,0,,54046,,3,0,35,
12083,15/01/2024,63000,143500,0,2,1,61,29,1,0,10818,9182,3,2,232,
12084,24/12/2022,459000,787900,0,,0,53,,1,,80478,,2,1,234,30/01/2023
12085,13/05/2024,394000,502200,0,0,1,26,73,1,0,31428,23309,3,0,90,28/05/2024
12086,07/09/2021,109000,205000,0,,1,71,35,1,0,12317,7683,0,1,227,
12087,01/09/2023,60000,103100,0,2,1,38,44,0,1,12453,7547,,0,53,23/09/2023
12088,18/07/2023,139000,211300,0,2,1,35,53,1,0,8571,11482,2,0,79,
12089,07/08/2022,96000,190400,0,2,0,30,,1,,20000,,0,0,41,30/08/2022
12090,17/07/2022,158000,239600,0,2,1,27,61,0,1,16989,3361,2,0,231,
12091,07/07/2022,74000,129300,0,0,0,41,,0,,20000,,3,0,52,
12092,28/01/2024,191000,305600,1,0,0,46,,0,,21034,,2,2,38,
12093,24/08/2024,161000,271200,0,1,0,27,,1,,36447,,2,0,18,
12094,12/11/2023,518000,673200,,1,0,47,,1,,70188,,2,1,13,
12095,15/01/2024,136000,177200,0,1,1,26,34,0,1,11312,20045,3,1,176,
12096,16/08/2022,392000,537400,0,1,0,47,,0,,39211,,3,0,222,
12097,19/11/2022,107000,207400,0,0,0,40,,1,,20000,,1,0,207,
12098,17/05/2024,107000,163600,0,1,1,31,36,1,0,6558,13442,2,1,75,
12099,14/08/2024,374000,802400,0,2,1,56,45,1,0,54260,44387,2,2,77,
12100,02/04/2022,70000,100800,0,1,0,50,,0,,20000,,2,0,12,
12101,06/01/2023,393000,638300,0,2,1,18,27,1,0,38361,43556,2,0,77,
12102,04/05/2024,329000,452100,0,1,1,49,41,0,1,39716,24477,2,1,210,
12103,17/06/2024,462000,923800,0,1,1,48,55,1,0,35425,34973,2,1,36,08/07/2024
12104,31/08/2024,69000,133500,0,1,1,28,48,0,1,10785,9215,2,0,207,
12105,02/02/2022,111000,158500,0,1,1,44,64,1,0,10939,9061,2,0,73,28/02/2022
12106,12/02/2022,51000,127100,3,2,1,40,21,1,0,10472,9528,2,0,43,
12107,14/08/2022,122000,211400,0,0,1,18,30,0,1,16146,7437,1,0,52,
12108,08/03/2022,78000,102600,0,1,1,39,63,1,0,15139,4861,,0,47,
12109,05/07/2022,261000,505100,0,,1,41,31,1,0,24248,22795,2,0,64,
12110,27/09/2021,26000,113700,0,0,0,56,,1,,20000,,2,0,71,
12111,27/03/2023,248000,427400,2,1,0,44,,0,,43622,,3,0,78,
12112,24/04/2022,167000,277900,0,2,0,59,,1,,28339,,2,,86,24/04/2022
12113,24/10/2022,238000,453400,0,1,1,54,43,1,0,27752,10808,2,0,49,
12114,16/03/2022,116000,196200,3,1,1,41,53,1,0,13030,7561,1,1,51,14/04/2022
12115,27/08/2022,521000,630300,0,1,1,49,61,1,0,16825,28320,2,0,16,
12116,27/08/2024,156000,240300,0,0,0,51,,0,,25604,,3,2,53,
12117,09/08/2023,190000,345000,0,2,1,18,31,1,0,16291,16873,3,0,87,
12118,25/04/2024,325000,489700,0,1,1,51,44,0,1,14112,26435,3,1,15,
12119,23/04/2024,105000,200700,0,1,0,41,,0,,20000,,1,0,92,11/05/2024
12120,12/02/2022,119000,211000,0,2,0,51,,1,,20543,,1,0,78,
12121,17/07/2024,121000,131400,0,2,1,42,31,0,1,7193,12807,3,1,37,
12122,08/08/2023,58000,104200,0,2,0,30,,0,,20000,,2,0,46,26/08/2023
12123,04/11/2022,149000,326600,,2,0,48,,0,,25479,,2,,79,
12124,29/07/2022,544000,759600,0,1,1,26,47,0,1,67502,8771,2,0,75,
12125,16/10/2023,184000,247900,0,1,0,53,,0,,25992,,2,0,207,
12126,21/03/2022,235000,366500,,1,0,45,,0,,30402,,2,1,48,
12127,09/08/2023,252000,516400,,1,0,64,,1,,64595,,2,0,15,21/08/2023
12128,03/11/2022,71000,110100,0,1,0,74,,1,,20000,,2,0,58,
12129,07/01/2024,216000,346300,0,2,0,36,,0,,30067,,2,0,88,
12130,10/02/2024,170000,352900,0,1,0,40,,1,,27112,,3,0,84,
12131,30/06/2024,176000,280600,0,1,0,33,,0,,21001,,3,0,55,
12132,22/08/2024,160000,212900,0,0,1,49,44,0,1,15647,9969,1,0,76,
12133,27/05/2022,135000,213400,,0,0,24,,1,,20000,,2,2,50,
12134,05/09/2021,142000,200300,0,,1,56,38,1,0,13795,6205,1,0,53,
12135,15/06/2022,136000,177500,0,1,1,60,54,1,0,14465,5535,2,2,87,25/07/2022
12136,24/05/2023,426000,543600,0,1,1,43,21,1,0,23824,14244,2,1,226,
12137,14/02/2024,154000,201100,0,1,0,41,,0,,20000,,0,2,,
12138,30/08/2023,173000,210900,0,1,1,51,75,1,0,17165,6251,1,0,30,19/09/2023
12139,17/08/2022,122000,265300,1,2,0,34,,0,,21855,,2,2,17,
12140,13/02/2024,147000,208900,0,1,1,62,56,1,0,5706,16918,1,2,87,13/03/2024
12141,17/09/2022,141000,209000,0,2,0,53,,0,,20000,,1,1,87,
12142,11/10/2023,251000,342000,0,1,0,28,,0,,36718,,2,0,3,
12143,11/04/2022,72000,253000,0,2,0,56,,1,,20000,,2,2,,
12144,06/01/2023,185000,204000,0,,0,49,,1,,21807,,1,1,74,
12145,01/09/2023,177000,197900,0,2,0,47,,1,,20000,,1,0,26,26/09/2023
12146,09/07/2023,266000,442100,0,1,0,41,,1,,32822,,,,2,
12147,19/08/2022,123000,208600,0,0,0,56,,1,,20328,,1,0,53,11/09/2022
12148,15/01/2022,77000,96000,0,2,1,59,65,0,1,8894,11106,3,0,79,
12149,23/07/2023,134000,212400,0,1,1,73,50,0,1,8075,18216,1,0,38,05/08/2023
12150,27/04/2023,114000,163300,0,1,1,19,44,1,0,14913,5087,2,0,198,24/05/2023
12151,23/08/2022,150000,279300,0,2,1,18,69,0,1,11881,10342,2,0,31,
12152,17/03/2022,89000,132200,0,1,1,57,26,1,0,9061,10939,3,1,205,
12153,20/05/2022,139000,210800,0,1,0,49,,1,,20000,,1,0,182,
12154,22/12/2022,136000,178800,0,1,0,45,,1,,20000,,2,0,46,
12155,31/07/2024,115000,236700,0,1,1,37,38,1,0,20723,10954,2,0,210,
12156,09/09/2023,181000,286900,0,1,1,35,59,0,1,21195,17097,2,0,86,01/10/2023
12157,06/12/2021,121000,178800,,0,1,32,50,1,0,4565,15435,2,1,75,
12158,15/08/2024,182000,320800,0,1,0,51,,1,,24730,,2,0,84,
12159,16/03/2022,155000,169500,2,1,0,44,,1,,20000,,3,0,191,
12160,15/05/2022,123000,400700,0,2,0,55,,1,,28388,,3,,16,
12161,27/04/2023,102000,193700,0,2,0,61,,1,,20000,,0,0,55,
12162,07/08/2023,165000,210500,2,1,0,31,,1,,23190,,1,0,249,
12163,30/11/2022,112000,210100,0,1,1,43,26,1,0,10198,9802,1,0,11,
12164,22/09/2023,104000,207100,,1,0,40,,1,,21499,,3,0,35,28/09/2023
12165,19/10/2023,158000,273100,0,1,0,23,,0,,28310,,2,0,6,18/10/2023
12166,08/04/2022,469000,586500,0,2,1,24,64,0,0,31295,16716,2,1,21,
12167,11/02/2024,135000,175100,2,2,0,57,,0,,20000,,,0,56,
12168,03/09/2023,75000,96100,0,1,1,18,28,0,1,12623,7377,2,1,13,
12169,03/07/2022,150000,207500,0,1,1,42,29,1,0,6321,13679,1,0,58,
12170,09/01/2023,119000,214500,2,2,0,44,,1,,20000,,2,1,0,
12171,27/08/2024,150000,201100,0,2,0,75,,1,,20000,,3,0,16,
12172,29/02/2024,141000,201500,0,0,0,37,,0,,22676,,0,0,,
12173,29/12/2021,147000,404500,1,2,0,56,,1,,29947,,3,,12,22/12/2021
12174,22/09/2021,44000,83400,1,2,1,21,58,0,1,9241,10759,2,1,186,17/10/2021
12175,22/08/2023,72000,95000,0,0,1,52,47,0,1,6560,13440,2,0,12,
12176,10/03/2022,221000,590400,,0,0,50,,1,,41497,,2,1,238,
12177,21/04/2023,42000,68200,0,1,0,48,,1,,20000,,2,0,0,
12178,21/06/2023,87000,158700,0,2,0,32,,0,,21166,,2,0,207,
12179,19/11/2023,246000,444800,0,1,0,40,,0,,35270,,3,0,82,
12180,05/10/2022,277000,489500,0,2,0,49,,1,,31833,,2,0,,28/09/2022
12181,12/05/2022,137000,293100,0,0,0,60,,0,,30724,,3,0,195,
12182,31/01/2023,106000,128200,0,2,1,41,37,1,1,7857,12143,2,,69,
12183,16/09/2022,112000,150400,0,1,1,47,23,0,1,5976,14024,2,0,66,
12184,05/06/2023,651000,1198000,0,0,0,29,,0,,88026,,3,0,85,06/07/2023
12185,14/06/2023,51000,71000,0,1,0,39,,0,,20000,,2,,55,05/07/2023
12186,26/04/2022,261000,488000,0,1,0,73,,1,,47037,,3,0,88,
12187,28/06/2024,133000,194200,0,1,1,29,36,0,1,8932,11068,0,1,68,04/08/2024
12188,06/11/2021,123000,420900,0,2,0,29,,0,,33577,,3,1,80,04/11/2021
12189,27/02/2022,93000,137100,0,1,1,42,49,0,1,10379,9621,3,0,88,08/04/2022
12190,30/03/2023,209000,298600,0,1,0,60,,0,,27771,,2,0,79,
12191,06/05/2022,233000,301000,0,1,0,27,,0,,30513,,3,0,55,28/06/2022
12192,22/05/2022,102000,200100,2,1,1,18,75,0,1,7104,12896,0,0,87,
12193,26/10/2023,113000,157800,0,2,0,46,,0,,20000,,2,,81,12/11/2023
12194,23/05/2023,171000,206400,0,2,0,75,,1,,20000,,1,0,0,03/07/2023
12195,13/08/2022,156000,195200,0,1,1,50,26,1,0,8499,11501,0,0,79,
12196,20/03/2022,102000,130800,0,,0,36,,1,,20000,,2,0,207,
12197,21/08/2022,68000,170800,2,1,1,18,50,1,0,11830,8170,2,0,243,
12198,23/10/2021,78000,130300,0,1,0,45,,0,,20000,,2,0,28,
12199,11/08/2024,226000,396500,0,1,1,64,75,1,0,13484,16837,2,1,,
12200,07/08/2023,237000,366000,0,1,0,41,,1,,47920,,2,2,47,
12201,01/12/2022,398000,479300,0,2,1,27,75,0,0,19581,13184,2,0,6,28/01/2023
12202,30/01/2022,126000,193600,0,1,0,22,,1,,20372,,0,0,72,06/02/2022
12203,30/06/2024,297000,354900,0,1,0,52,,1,,33829,,2,1,208,17/08/2024
12204,14/12/2021,53000,191700,0,1,1,53,64,1,0,6580,13420,0,2,84,
12205,07/04/2022,187000,447500,0,1,1,32,52,0,1,3019,33209,2,0,14,
12206,09/01/2022,185000,355000,0,2,0,66,,0,,34233,,3,1,89,02/02/2022
12207,17/12/2022,184000,391100,0,2,0,30,,1,,36760,,2,0,9,
12208,03/05/2023,169000,219400,0,1,1,49,34,1,1,17966,12425,2,1,170,08/06/2023
12209,15/04/2024,127000,178700,0,1,1,39,25,1,0,7592,12408,2,0,86,
12210,07/06/2023,111000,169800,0,1,0,44,,0,,20000,,2,0,7,29/06/2023
12211,03/04/2022,207000,275900,,2,0,43,,0,,21720,,3,1,53,
12212,14/07/2022,83000,210500,0,1,0,49,,1,,20000,,1,0,51,15/07/2022
12213,08/08/2024,108000,212300,0,1,0,45,,1,,20000,,1,0,85,18/08/2024
12214,22/05/2023,139000,204100,3,1,0,31,,0,,20000,,2,0,226,10/06/2023
12215,30/09/2022,150000,203900,0,1,1,64,59,0,1,6167,13833,3,,154,
12216,17/04/2022,21000,72800,0,0,0,75,,0,,20000,,2,1,52,
12217,04/01/2023,230000,266300,0,1,1,26,62,1,0,7033,12967,2,0,13,01/03/2023
12218,18/02/2024,609000,777400,0,2,1,42,44,1,0,24218,37223,3,0,212,16/04/2024
12219,27/02/2022,135000,251200,0,2,1,49,66,0,1,11711,11880,2,0,77,15/03/2022
12220,21/05/2022,103000,209600,0,,0,39,,1,,21842,,1,0,76,
12221,12/06/2024,190000,295200,3,2,0,64,,0,,24789,,3,0,94,22/06/2024
12222,17/12/2022,146000,223800,2,2,0,34,,0,,20000,,2,1,243,31/01/2023
12223,31/08/2023,733000,933200,0,1,0,75,,1,,81814,,,1,29,11/10/2023
12224,20/08/2022,202000,400300,0,1,1,18,47,1,0,9735,25718,3,1,221,
12225,25/03/2023,273000,519400,2,,0,41,,0,,49055,,2,0,54,
12226,02/04/2022,148000,205900,0,0,0,43,,0,,20700,,1,,70,18/05/2022
12227,12/09/2022,117000,224200,1,1,0,29,,0,,20000,,3,0,90,
12228,27/05/2022,43000,83700,0,1,0,26,,0,,20000,,,1,184,
12229,08/04/2022,303000,461500,0,1,1,57,65,0,1,11405,24678,2,1,71,
12230,28/08/2023,66000,165300,0,1,0,20,,0,,20000,,2,0,90,
12231,02/01/2023,144000,244300,0,1,0,39,,0,,23704,,2,2,73,
12232,08/03/2022,104000,208500,0,1,1,47,41,0,1,10851,9149,1,1,55,26/03/2022
12233,16/10/2023,382000,634600,0,1,0,18,,1,,64250,,2,0,15,
12234,27/02/2023,663000,879000,0,1,0,23,,0,,80495,,2,0,189,
12235,28/05/2023,246000,417800,2,2,1,25,68,1,0,34432,18975,2,0,82,
12236,17/02/2024,66000,125700,1,1,0,71,,1,,20000,,2,0,75,04/03/2024
12237,23/02/2024,89000,122600,0,1,0,38,,1,,20000,,2,1,200,14/03/2024
12238,31/08/2023,120000,277500,0,1,1,54,59,1,0,16999,16952,2,0,83,
12239,26/10/2023,919000,1379200,0,1,0,35,,1,,130944,,3,,71,
12240,12/04/2022,141000,190900,0,1,0,43,,0,,20000,,2,0,74,
12241,15/08/2023,64000,148000,3,2,1,33,49,0,1,10462,9538,2,1,75,
12242,04/05/2024,180000,268000,0,0,1,18,49,0,1,8155,13801,2,0,230,
12243,03/10/2021,503000,623900,0,1,0,47,,1,,52484,,3,0,173,
12244,06/05/2022,163000,192300,0,1,1,49,46,1,0,15504,5961,0,,86,07/06/2022
12245,31/10/2022,169000,216600,0,2,0,25,,0,,28281,,1,0,50,
12246,23/08/2022,103000,215800,,1,0,47,,1,,21590,,1,0,77,19/09/2022
12247,22/02/2024,166000,246500,0,2,1,52,47,1,0,13205,6795,2,1,91,
12248,26/08/2024,137000,225700,0,1,0,46,,1,,28114,,2,0,69,
12249,11/07/2023,96000,160200,0,1,0,35,,1,,20000,,2,1,36,31/07/2023
12250,27/08/2023,111000,276300,0,1,1,29,44,1,0,19673,6659,2,0,75,
12251,06/09/2021,45000,57600,0,1,0,68,,1,,20000,,2,1,82,
12252,07/06/2023,421000,803200,0,1,0,29,,1,,68565,,3,,53,
12253,17/11/2023,164000,212600,0,1,0,32,,0,,20000,,1,2,47,
12254,04/03/2022,398000,604300,0,1,1,26,18,1,0,32109,17090,3,0,85,
12255,04/04/2022,57000,152700,0,,1,46,56,1,0,5812,14188,2,,78,
12256,30/11/2021,202000,357500,0,2,1,75,37,0,1,10459,20342,2,1,191,
12257,16/09/2022,99000,201700,0,2,1,37,39,1,0,11369,8631,3,0,58,
12258,07/05/2024,145000,209000,0,1,0,40,,1,,20000,,1,0,58,
12259,30/10/2023,137000,235400,0,2,1,25,27,1,0,15378,4622,3,0,9,
12260,13/12/2021,125000,162300,0,1,0,28,,1,,20000,,,0,52,
12261,22/08/2022,92000,218900,,1,0,57,,1,,20000,,2,1,58,
12262,11/07/2022,117000,210400,0,1,0,64,,0,,35036,,1,,217,18/08/2022
12263,03/08/2024,245000,387600,0,,0,40,,1,,45069,,3,0,82,
12264,07/10/2022,138000,235400,0,2,1,32,63,1,0,10510,9490,2,0,171,06/11/2022
12265,21/07/2024,1164000,1523900,0,2,0,73,,0,,89883,,3,0,88,
12266,10/06/2023,65000,183600,0,2,0,38,,1,,20000,,2,0,11,
12267,26/08/2024,96000,198500,0,1,1,58,39,0,1,12379,8211,3,1,70,28/08/2024
12268,07/03/2023,66000,76700,2,2,0,52,,0,,20000,,2,0,27,12/04/2023
12269,24/09/2023,59000,104300,0,1,0,59,,0,,20000,,3,0,18,04/10/2023
12270,06/04/2023,33000,69400,0,0,0,19,,0,,20000,,2,0,2,
12271,17/07/2022,115000,215600,0,1,1,65,58,0,1,9482,10518,1,1,10,30/07/2022
12272,04/09/2021,140000,216900,3,2,1,36,36,0,1,11010,15366,2,0,5,09/10/2021
12273,16/10/2021,178000,333700,0,2,0,33,,0,,32848,,3,0,93,
12274,08/06/2022,21000,35000,1,1,1,41,28,1,0,8968,11032,,2,11,29/06/2022
12275,09/07/2024,101000,175300,0,2,0,56,,1,,20000,,2,,83,
12276,31/03/2023,243000,389800,0,1,0,48,,0,,30660,,2,0,12,
12277,28/03/2022,73000,187600,0,1,1,55,37,1,0,11083,13130,2,0,86,
12278,09/08/2022,164000,249800,0,2,0,65,,0,,20000,,2,1,2,04/09/2022
12279,17/11/2021,149000,228000,0,0,0,57,,1,,20000,,3,0,93,
12280,09/08/2022,45000,123600,0,1,1,61,31,0,1,11577,8423,3,0,,02/08/2022
12281,02/07/2023,57000,135500,0,1,1,52,59,1,0,12301,7699,3,0,84,16/07/2023
12282,15/03/2023,314000,540600,0,1,0,26,,0,,57665,,3,0,201,
12283,18/07/2023,257000,546800,0,1,0,45,,0,,45823,,2,1,33,03/08/2023
12284,16/10/2021,312000,425600,0,2,0,53,,1,,33288,,2,0,196,05/11/2021
12285,30/12/2021,126000,201800,0,1,1,52,60,1,0,7010,12990,,1,8,29/01/2022
12286,07/02/2022,36000,58100,2,1,0,43,,0,,20000,,2,0,59,
12287,26/06/2022,173000,361400,0,1,0,58,,1,,41388,,3,0,18,
12288,20/08/2023,167000,258000,0,1,0,18,,0,,26689,,2,0,75,
12289,16/10/2023,53000,71500,0,1,0,43,,1,,20000,,2,1,4,
12290,24/09/2022,130000,203900,0,1,0,48,,0,,20000,,,0,47,
12291,11/09/2023,204000,278300,0,1,0,38,,0,,22665,,2,0,73,
12292,22/07/2024,93000,123800,,1,1,57,42,0,1,14328,5672,3,1,48,
12293,11/09/2022,213000,548900,0,2,0,20,,0,,44428,,2,,91,
12294,18/03/2022,213000,307700,0,2,0,60,,1,,40053,,2,1,35,10/04/2022
12295,18/08/2022,153000,247800,0,2,0,54,,0,,25860,,2,0,13,
12296,05/07/2023,171000,251500,0,1,1,63,46,0,1,12599,11278,2,0,76,
12297,16/03/2023,507000,647000,0,0,0,21,,0,,62340,,3,0,216,
12298,15/08/2024,94000,227300,0,0,0,47,,1,,20000,,3,0,77,01/09/2024
12299,09/04/2022,204000,408300,,1,1,57,18,1,0,25294,11853,,0,173,29/04/2022
12300,07/03/2023,131000,206000,0,2,0,35,,0,,20000,,2,1,,
12301,21/08/2023,451000,710800,0,0,1,56,28,0,1,36255,33594,3,0,14,27/09/2023
12302,22/02/2024,159000,211000,0,1,0,52,,0,,20000,,1,,76,31/03/2024
12303,20/03/2024,168000,309900,0,2,1,63,56,1,0,19061,7113,2,0,72,19/04/2024
12304,24/08/2024,106000,201000,0,0,0,34,,0,,20000,,0,0,82,
12305,01/09/2023,81000,113400,0,1,1,49,61,1,0,11918,8082,2,1,12,
12306,25/02/2022,266000,342100,0,1,1,54,31,1,1,20121,11097,2,2,8,08/04/2022
12307,06/09/2021,189000,274800,0,2,0,59,,1,,29313,,2,0,58,15/10/2021
12308,24/02/2023,145000,198500,,1,0,74,,0,,20000,,,0,169,23/03/2023
12309,04/08/2022,230000,439900,0,1,1,67,32,1,1,14400,21928,3,,90,
12310,15/10/2022,67000,144500,0,1,1,46,38,0,1,7879,12121,2,2,6,
12311,26/03/2023,406000,609000,0,1,0,27,,1,,60084,,3,0,98,
12312,06/09/2022,299000,398800,0,2,1,37,52,0,1,11665,32234,2,0,3,14/10/2022
12313,25/09/2021,166000,260300,2,2,1,25,29,0,1,16168,6607,3,0,70,
12314,08/11/2021,160000,601900,0,1,0,43,,1,,74237,,2,1,57,
12315,14/09/2021,183000,249000,0,1,0,58,,0,,27617,,3,0,44,
12316,11/09/2022,1542000,2018800,0,2,1,33,47,1,0,161709,126495,3,0,62,
12317,08/02/2022,372000,420200,0,1,0,42,,0,,31296,,2,,216,
12318,14/02/2024,219000,267500,0,1,0,75,,0,,24065,,3,0,85,
12319,10/09/2022,314000,631100,2,1,0,63,,1,,55658,,3,0,83,
12320,16/05/2024,257000,327500,0,1,1,56,51,0,1,7269,16532,2,1,76,29/06/2024
12321,29/05/2024,95000,203800,0,1,0,50,,1,,20000,,3,0,76,
12322,20/06/2022,75000,206400,0,2,0,52,,1,,20000,,2,1,215,03/07/2022
12323,23/08/2023,133000,163300,0,1,0,65,,0,,20000,,3,0,0,10/09/2023
12324,01/07/2022,301000,420900,0,1,0,63,,1,,28257,,2,0,4,
12325,07/08/2022,131000,208900,0,1,0,68,,0,,20000,,1,0,39,
12326,11/10/2021,126000,223500,0,1,0,28,,0,,20367,,2,0,48,
12327,15/03/2022,421000,713300,0,1,1,34,47,0,1,28346,18315,2,0,69,
12328,21/12/2023,198000,376000,0,1,0,53,,1,,32922,,2,0,10,
12329,30/11/2023,146000,238100,0,2,0,69,,1,,24700,,2,0,83,
12330,11/12/2021,143000,205200,0,2,1,74,37,1,0,12642,7358,1,1,49,
12331,29/08/2022,41000,69900,0,2,0,41,,0,,20000,,3,0,35,
12332,13/02/2023,135000,200900,0,1,1,58,52,1,0,17810,2190,2,0,48,
12333,22/12/2021,451000,583100,2,1,0,36,,0,,54901,,2,0,90,
12334,10/08/2024,174000,292000,2,2,1,37,45,0,1,17713,7780,2,2,94,
12335,09/09/2021,190000,410400,0,2,1,66,22,0,1,18634,21973,3,0,72,
12336,28/02/2022,109000,197400,0,,0,53,,0,,20000,,0,0,218,
12337,19/05/2024,88000,144000,0,,0,29,,1,,20000,,2,0,,
12338,19/02/2023,117000,208500,0,1,0,65,,1,,20000,,1,1,220,
12339,09/09/2022,242000,441600,0,2,0,68,,1,,35552,,2,0,84,
12340,27/02/2022,155000,194900,0,2,0,68,,1,,22365,,0,0,78,
12341,20/05/2023,62000,140200,,1,0,59,,1,,20000,,2,0,72,07/06/2023
12342,05/09/2021,76000,100800,0,1,0,38,,0,,20000,,2,2,78,10/10/2021
12343,29/04/2023,65000,117600,0,1,1,35,48,0,1,11961,8039,2,0,34,25/04/2023
12344,16/05/2024,82000,136800,0,1,0,44,,1,,20302,,2,,70,07/06/2024
12345,22/04/2024,231000,367600,0,1,0,18,,1,,28955,,2,0,288,16/05/2024
12346,26/12/2021,86000,198600,0,0,1,45,38,0,1,6553,13447,2,2,197,
12347,21/03/2024,34000,114200,,1,1,32,75,1,0,13916,6084,2,0,12,02/04/2024
12348,01/01/2024,198000,224400,0,1,1,22,49,1,0,15014,12026,2,0,,
12349,11/09/2021,347000,490500,0,1,0,66,,1,,31080,,2,0,15,
12350,28/06/2022,145000,211300,0,1,0,65,,0,,20000,,0,,156,03/08/2022
12351,08/11/2021,111000,238200,0,1,0,51,,1,,22907,,2,0,55,
12352,10/07/2024,119000,204300,0,2,0,43,,0,,20000,,2,0,75,
12353,20/08/2022,319000,567600,0,1,0,60,,1,,48027,,2,0,153,
12354,21/06/2022,144000,212100,0,2,1,39,69,0,1,15874,4126,3,0,3,21/07/2022
12355,03/09/2023,202000,431100,0,2,0,18,,0,,39134,,3,1,,
12356,12/02/2024,171000,204600,0,1,0,53,,0,,20000,,1,0,56,
12357,26/10/2022,102000,204300,0,2,0,44,,1,,20000,,2,,77,25/11/2022
12358,20/06/2023,53000,136600,0,0,1,18,51,0,1,7343,12657,3,2,74,
12359,07/03/2023,164000,208800,0,2,1,45,54,1,0,18275,4012,1,1,14,23/04/2023
12360,01/01/2022,203000,366500,0,1,0,26,,0,,29780,,3,2,65,
12361,14/05/2024,86000,193300,0,2,1,54,64,1,0,7998,12002,0,0,160,22/06/2024
12362,26/08/2024,135000,193800,0,0,0,67,,0,,22526,,0,0,34,
12363,30/08/2024,98000,200900,0,1,0,47,,0,,21606,,1,0,,
12364,20/11/2021,194000,338200,0,1,0,24,,1,,28857,,2,0,37,
12365,15/02/2023,93000,118800,0,2,0,64,,1,,20000,,2,0,80,
12366,16/09/2021,161000,251200,0,2,0,39,,0,,20000,,,0,,06/10/2021
12367,19/02/2024,139000,207100,1,1,0,52,,0,,20000,,1,0,13,06/03/2024
12368,07/04/2022,781000,1294200,0,0,0,45,,1,,95465,,3,0,87,
12369,14/11/2021,231000,367900,2,,1,31,18,1,0,19289,15686,3,0,88,
12370,08/04/2022,150000,191800,0,1,0,36,,0,,20000,,2,2,54,14/05/2022
12371,30/03/2024,125000,286800,0,,1,52,36,0,1,13646,19943,3,0,88,20/04/2024
12372,07/06/2024,100000,295300,2,1,0,61,,1,,28410,,2,1,31,
12373,08/02/2022,42000,112400,0,1,0,65,,1,,20000,,2,0,174,
12374,22/02/2024,312000,534400,0,,0,44,,1,,65315,,3,1,52,
12375,09/07/2022,65000,209100,0,1,0,39,,1,,20265,,3,2,85,
12376,02/05/2024,141000,200300,0,1,1,68,61,1,0,9868,10132,0,0,17,18/05/2024
12377,05/10/2023,178000,302500,0,1,0,47,,1,,22797,,3,0,43,19/10/2023
12378,05/06/2023,297000,350100,0,2,0,58,,1,,32003,,2,,1,
12379,10/09/2023,104000,202000,2,1,1,46,44,1,0,9758,10242,0,0,38,
12380,11/10/2021,112000,210100,2,1,0,58,,1,,20000,,1,1,84,24/10/2021
12381,07/08/2022,266000,541400,2,0,0,39,,0,,53579,,2,0,73,
12382,23/05/2024,257000,316800,0,1,0,31,,1,,26530,,,,230,
12383,11/06/2024,144000,317500,0,1,1,55,59,1,0,10484,21183,2,0,53,
12384,22/01/2024,144000,267400,0,1,1,56,44,0,1,15366,13198,2,0,55,29/02/2024
12385,11/09/2021,190000,381300,0,2,0,59,,0,,28149,,2,0,88,
12386,20/02/2024,81000,132700,0,1,0,37,,0,,20000,,2,0,73,
12387,27/12/2022,36000,80400,0,1,1,40,49,0,1,10029,9971,2,0,79,
12388,26/08/2022,452000,754900,0,1,0,29,,1,,72955,,3,0,211,
12389,27/08/2022,138000,208000,0,0,0,50,,0,,21132,,2,1,3,14/09/2022
12390,15/07/2023,232000,587900,0,1,0,18,,1,,47362,,3,2,16,22/07/2023
12391,12/03/2023,292000,359300,0,1,1,35,71,1,1,19127,11710,2,1,80,
12392,31/05/2024,75000,143300,0,1,1,18,48,1,0,2733,17267,2,1,29,05/07/2024
12393,30/08/2023,267000,538500,0,0,0,55,,1,,50096,,2,0,0,
12394,16/02/2022,65000,207700,0,1,0,39,,1,,20000,,1,0,,
12395,06/02/2024,122000,196000,0,2,0,37,,0,,20000,,0,0,50,
12396,24/02/2022,147000,207600,0,0,0,36,,0,,24404,,1,,191,31/03/2022
12397,28/11/2022,91000,150000,0,1,0,39,,0,,20739,,2,0,,
12398,12/05/2024,105000,175600,0,1,0,23,,0,,20000,,2,1,183,
12399,11/10/2023,123000,161400,0,1,1,34,38,1,0,10797,9203,2,1,59,
12400,09/08/2023,228000,356800,0,2,0,56,,1,,21339,,3,0,,
12401,10/03/2023,424000,713300,0,2,0,56,,1,,55086,,3,0,79,
12402,03/12/2023,113000,185700,0,2,0,29,,1,,20000,,2,0,30,
12403,26/08/2023,287000,464900,3,1,0,56,,1,,41572,,3,0,35,12/09/2023
12404,27/08/2024,45000,78100,2,2,1,63,56,1,0,8030,11970,2,1,13,
12405,25/03/2024,57000,91400,0,,0,61,,0,,20000,,2,1,16,
12406,04/04/2024,405000,861100,0,1,0,32,,1,,109978,,3,0,36,
12407,16/08/2024,242000,463600,0,1,0,21,,1,,33410,,2,,188,
12408,08/05/2024,38000,76900,0,0,0,56,,1,,20000,,2,1,187,22/05/2024
12409,12/03/2024,176000,221200,0,1,0,57,,0,,21039,,,0,81,29/04/2024
12410,04/03/2024,104000,210000,0,1,0,58,,1,,20121,,1,0,71,
12411,11/07/2022,597000,903100,0,1,1,56,18,1,0,26811,37682,3,0,14,
12412,30/06/2023,174000,277800,0,0,0,39,,1,,24110,,2,1,197,
12413,16/08/2023,188000,274800,0,1,0,48,,0,,20320,,2,0,195,
12414,25/03/2024,169000,286200,0,1,0,60,,0,,26487,,2,0,54,05/04/2024
12415,16/08/2023,300000,595900,0,0,0,18,,1,,51892,,2,0,79,25/08/2023
12416,26/03/2024,233000,490500,0,1,0,55,,1,,39651,,3,0,180,
12417,17/06/2022,138000,256900,,1,0,43,,0,,26558,,2,0,49,18/06/2022
12418,18/02/2024,210000,291300,0,1,0,63,,0,,22087,,2,0,211,24/03/2024
12419,09/11/2023,95000,194300,,1,0,62,,0,,22789,,2,0,55,
12420,08/09/2021,49000,65600,0,1,0,60,,0,,20000,,2,0,52,
12421,05/12/2022,38000,70300,0,1,0,18,,1,,20000,,,2,90,
12422,11/07/2024,129000,213200,0,1,0,18,,1,,20000,,1,0,41,
12423,15/04/2022,210000,308000,,1,0,28,,1,,28536,,2,,76,
12424,13/10/2022,25000,71500,0,1,0,37,,0,,20000,,2,0,48,
12425,08/02/2024,98000,172900,0,1,0,23,,1,,20000,,2,0,89,26/02/2024
12426,23/10/2022,52000,70200,0,2,0,46,,0,,20000,,2,0,51,30/11/2022
12427,05/09/2021,44000,98700,0,1,0,38,,1,,20000,,2,0,31,
12428,08/05/2024,142000,174900,3,1,0,18,,1,,20225,,2,0,51,21/06/2024
12429,11/08/2024,348000,566700,0,2,0,27,,1,,63305,,2,0,72,
12430,24/05/2023,181000,198000,0,,0,35,,0,,20000,,0,0,78,26/06/2023
12431,19/07/2022,61000,143800,0,1,1,31,48,0,1,12289,7711,2,1,235,21/07/2022
12432,30/01/2023,191000,231900,0,1,1,72,52,1,0,10471,12948,2,0,52,
12433,29/05/2022,119000,180200,0,0,0,37,,1,,20000,,2,0,52,
12434,18/07/2023,168000,414800,0,2,0,25,,0,,43273,,3,0,32,
12435,23/10/2021,94000,210300,0,2,0,41,,1,,20000,,1,0,203,
12436,26/06/2023,173000,208900,0,1,1,75,28,0,1,13873,6127,1,0,77,
12437,01/03/2022,135000,193900,0,1,0,50,,0,,20000,,2,2,89,
12438,08/12/2022,75000,199800,0,1,0,39,,1,,20000,,0,0,245,
12439,13/03/2024,82000,112000,0,2,0,43,,1,,20000,,2,0,18,30/03/2024
12440,29/10/2023,141000,250800,0,1,1,66,31,1,0,12012,10380,3,0,11,
12441,09/03/2024,159000,217200,0,1,1,57,33,0,1,8044,11956,1,1,74,
12442,12/09/2022,217000,512500,0,1,1,33,44,0,1,19992,18609,2,0,80,
12443,09/09/2022,62000,148700,0,2,0,18,,1,,20000,,2,0,169,
12444,25/03/2024,467000,573400,0,2,0,55,,0,,46240,,3,0,281,20/04/2024
12445,06/04/2024,215000,473700,2,2,0,51,,1,,30890,,2,0,215,29/04/2024
12446,29/08/2024,210000,394400,0,2,0,52,,0,,28720,,2,1,150,
12447,13/10/2021,43000,91800,0,0,0,75,,0,,20000,,2,0,86,
12448,22/08/2023,129000,207300,0,2,0,26,,0,,25967,,,0,212,
12449,24/08/2022,359000,444200,0,1,0,51,,1,,37536,,3,0,173,29/09/2022
12450,03/08/2023,117000,145100,0,2,0,74,,0,,20000,,2,0,36,
12451,23/08/2024,473000,609900,0,1,1,21,39,1,0,30663,19006,3,0,8,
12452,26/08/2023,131000,265400,0,1,0,64,,1,,20000,,2,1,41,
12453,06/04/2024,267000,421400,0,1,1,18,62,0,1,18871,16727,2,0,227,
12454,03/06/2024,308000,376600,0,1,0,46,,0,,32314,,2,0,215,
12455,27/10/2021,60000,221800,0,1,0,29,,1,,27355,,2,0,3,19/10/2021
12456,07/09/2022,81000,109700,,,0,18,,0,,20000,,2,0,216,
12457,08/07/2022,362000,532800,0,0,0,33,,0,,57715,,2,0,176,
12458,02/04/2022,91000,139800,0,2,0,62,,0,,20000,,2,1,,
12459,15/07/2023,75000,92900,0,2,0,58,,1,,20000,,2,0,203,
12460,09/09/2021,183000,268800,0,1,1,49,46,0,1,11453,10336,3,0,93,
12461,16/04/2022,134000,248800,0,1,1,50,39,1,0,2412,20586,3,0,226,
12462,17/12/2023,111000,237800,1,2,0,59,,0,,20000,,2,0,82,
12463,23/05/2023,69000,99700,0,1,1,40,48,1,0,8733,11267,2,0,52,
12464,11/02/2023,186000,240000,0,2,0,34,,1,,20369,,3,0,207,04/03/2023
12465,29/10/2021,129000,243700,,1,0,55,,1,,22175,,2,0,52,17/11/2021
12466,15/05/2023,130000,223300,0,2,1,48,28,1,1,10973,15309,2,0,78,
12467,17/08/2023,118000,159900,0,1,0,64,,0,,20000,,3,2,10,
12468,07/07/2024,73000,129700,0,2,1,47,18,1,0,10713,9287,3,0,221,26/07/2024
12469,27/07/2022,47000,60500,0,1,0,40,,0,,20000,,2,0,16,
12470,03/10/2021,146000,299400,2,1,1,50,44,1,0,24314,14192,2,0,82,16/10/2021
12471,14/08/2022,205000,246300,0,2,1,37,42,1,0,10819,9352,3,0,54,
12472,21/07/2022,495000,655000,0,1,1,53,56,0,1,31042,28224,3,2,47,
12473,12/04/2023,45000,93400,0,1,1,44,41,0,1,8375,11625,2,0,144,19/05/2023
12474,08/04/2022,251000,313200,0,1,1,34,75,0,1,20570,10532,3,0,79,
12475,24/10/2021,166000,290300,0,1,1,38,66,1,0,9293,10772,2,2,52,
12476,18/02/2024,239000,324900,0,2,0,47,,1,,26975,,3,0,197,01/04/2024
12477,04/01/2024,132000,143900,0,2,1,35,36,0,1,12200,7800,2,0,1,04/02/2024
12478,23/02/2023,163000,208100,0,2,0,36,,0,,21772,,2,1,2,
12479,02/05/2022,715000,2311700,0,1,0,23,,1,,208576,,3,0,,05/05/2022
12480,13/08/2024,246000,437700,0,2,1,45,44,0,1,10221,18685,2,0,6,
12481,16/08/2022,403000,600900,2,2,0,26,,1,,58066,,2,0,35,13/09/2022
12482,03/10/2023,83000,204900,0,1,0,29,,0,,20000,,,0,72,
12483,22/05/2023,264000,425700,3,1,1,34,54,1,1,17024,14794,3,0,53,26/06/2023
12484,24/12/2021,159000,193700,,1,0,29,,0,,20000,,2,0,63,
12485,21/08/2022,317000,503700,0,1,1,56,56,0,1,5595,29110,3,0,17,
12486,17/08/2024,54000,102700,1,1,0,40,,1,,20000,,2,0,33,
12487,04/09/2023,95000,186100,0,1,0,33,,1,,20000,,2,0,86,
12488,13/08/2022,112000,145500,2,1,0,63,,0,,20000,,2,1,75,
12489,27/09/2023,206000,302100,2,1,1,49,33,1,0,25018,11934,3,0,58,
12490,28/08/2023,85000,192900,0,2,0,42,,1,,20000,,0,0,73,
12491,17/12/2022,79000,125600,0,1,0,25,,0,,20000,,,2,7,14/01/2023
12492,29/07/2022,72000,105400,0,1,0,35,,1,,20000,,3,2,83,
12493,05/05/2022,219000,328900,,1,0,33,,0,,24275,,3,0,75,
12494,30/08/2024,118000,317500,0,2,0,54,,0,,23438,,2,0,15,01/09/2024
12495,09/03/2024,137000,238000,0,2,0,33,,1,,20000,,2,2,,03/04/2024
12496,07/02/2023,144000,192700,0,2,0,58,,0,,20000,,0,1,91,
12497,27/08/2024,95000,187900,0,2,0,71,,1,,23015,,2,1,167,
12498,10/09/2021,336000,617900,0,1,1,32,31,1,0,24477,30385,2,1,78,
12499,28/08/2022,153000,283300,0,2,1,50,75,1,0,6403,16099,2,0,34,
12500,15/07/2024,64000,123300,0,1,1,52,29,0,1,3930,16070,2,0,,
12501,07/01/2022,334000,438000,0,0,0,45,,1,,38013,,2,0,0,21/01/2022
12502,14/04/2023,146000,234700,0,1,0,52,,0,,20000,,2,0,12,
12503,31/08/2022,63000,124900,0,1,0,38,,0,,20000,,2,,200,
12504,18/02/2024,106000,327800,0,1,0,56,,0,,22636,,2,0,163,
12505,20/04/2023,293000,389300,0,1,0,40,,1,,32957,,2,0,83,05/06/2023
12506,17/03/2024,126000,206300,0,2,1,46,68,0,0,21309,13848,1,0,47,
12507,07/06/2023,152000,214400,0,2,0,63,,1,,20000,,,2,57,
12508,05/03/2023,196000,255400,0,1,0,42,,1,,44181,,3,0,187,
12509,08/05/2023,248000,376300,2,1,0,56,,0,,47955,,3,1,214,
12510,05/07/2022,294000,580600,0,0,0,43,,1,,66337,,2,0,5,
12511,13/06/2024,124000,197100,0,2,0,58,,1,,21324,,2,0,79,
12512,20/03/2022,162000,219200,0,,0,57,,1,,24752,,2,0,77,
12513,14/12/2021,549000,709500,0,1,0,35,,1,,58540,,3,0,40,
12514,11/04/2024,80000,122000,0,1,0,56,,1,,20000,,3,2,8,24/04/2024
12515,13/12/2021,97000,205400,0,,0,18,,1,,20000,,2,2,73,
12516,21/06/2024,70000,111900,0,1,0,18,,0,,20000,,2,0,205,
12517,21/05/2023,55000,156200,0,1,1,66,31,1,0,4839,15161,2,0,22,29/05/2023
12518,19/12/2023,156000,215300,0,1,1,59,35,0,1,21480,9838,1,0,64,
12519,23/05/2022,74000,128400,0,1,0,39,,0,,20000,,2,0,11,
12520,28/02/2024,66000,126400,0,2,0,47,,1,,20000,,2,0,207,
12521,18/10/2023,279000,369900,0,1,1,53,35,0,1,11841,18057,2,0,8,
12522,16/08/2023,184000,325800,0,2,0,18,,1,,23676,,2,0,214,
12523,12/08/2024,290000,404500,0,1,0,75,,0,,27265,,2,0,253,
12524,08/08/2024,272000,385500,2,1,1,23,55,0,0,25016,11231,3,0,188,
12525,05/05/2022,82000,96100,0,2,0,51,,0,,20000,,2,2,12,07/06/2022
12526,19/08/2024,230000,408700,0,1,1,44,41,0,1,20156,18468,2,0,17,
12527,01/05/2024,235000,375800,0,2,0,46,,1,,37035,,2,0,14,
12528,20/08/2024,16000,21600,0,1,1,21,70,0,1,4784,15216,2,0,156,
12529,26/08/2022,245000,286500,0,0,0,39,,0,,27349,,3,0,161,07/10/2022
12530,25/06/2024,384000,721400,0,2,1,47,56,0,1,21915,29915,2,0,76,21/07/2024
12531,13/08/2023,165000,309600,0,1,0,53,,0,,33646,,2,,73,
12532,16/11/2021,231000,260600,2,1,0,33,,1,,25055,,2,0,14,
12533,15/02/2023,367000,542300,0,1,0,55,,0,,42262,,3,1,223,
12534,21/07/2022,186000,324200,0,1,1,36,54,0,1,15912,13348,2,1,73,14/08/2022
